

SET NAMES utf8mb4;
SET FOREIGN_KEY_CHECKS = 0;

-- ----------------------------
-- Table structure for oms_cart
-- ----------------------------
DROP TABLE IF EXISTS `oms_cart`;
CREATE TABLE `oms_cart`  (
                             `id` bigint NOT NULL AUTO_INCREMENT COMMENT '自增主键',
                             `user_id` bigint NOT NULL COMMENT '用户ID',
                             `specification` varchar(500) CHARACTER SET utf8 COLLATE utf8_general_ci NULL DEFAULT NULL COMMENT '规格',
                             `sku_id` bigint NOT NULL COMMENT '商品ID',
                             `count` int UNSIGNED NOT NULL DEFAULT 0,
                             `selected` tinyint NULL DEFAULT 2 COMMENT '勾选状态；2 -> 未勾选；1 -> 勾选',
                             `version` bigint NULL DEFAULT 0,
                             `created_time` datetime NOT NULL COMMENT '加购时间',
                             `updated_time` datetime NOT NULL COMMENT '修改时间',
                             PRIMARY KEY (`id`) USING BTREE,
                             UNIQUE INDEX `idx_union`(`user_id`, `specification`, `sku_id`) USING BTREE,
                             INDEX `idx_user_id`(`user_id`) USING BTREE,
                             INDEX `idx_uid_skuid`(`user_id`, `sku_id`) USING BTREE
) ENGINE = InnoDB AUTO_INCREMENT = 391 CHARACTER SET = utf8mb4 COLLATE = utf8mb4_general_ci ROW_FORMAT = Dynamic;

-- ----------------------------
-- Records of oms_cart
-- ----------------------------
INSERT INTO `oms_cart` VALUES (383, 6649787998801920, '6磅', 1000001, 4, 2, 4, '2022-11-10 18:54:41', '2022-11-12 16:51:37');
INSERT INTO `oms_cart` VALUES (384, 6649787998801920, '12磅', 1000001, 4, 2, 4, '2022-11-10 18:54:47', '2022-11-12 16:51:37');
INSERT INTO `oms_cart` VALUES (385, 6649787998801920, '25磅', 1000001, 4, 2, 4, '2022-11-10 18:54:53', '2022-11-12 16:51:37');
INSERT INTO `oms_cart` VALUES (387, 6649787998801920, '2kg', 1000011, 4, 2, 4, '2022-11-10 18:57:48', '2022-11-12 16:51:37');
INSERT INTO `oms_cart` VALUES (388, 6649787998801920, 'S|小鱼肥猫', 1000004, 4, 2, 4, '2022-11-10 18:57:54', '2022-11-12 16:51:37');
INSERT INTO `oms_cart` VALUES (389, 6306208076009472, '6磅', 1000001, 5, 2, 5, '2022-11-10 18:59:33', '2022-11-12 16:52:53');
INSERT INTO `oms_cart` VALUES (390, 6306208076009472, '12磅', 1000002, 4, 2, 4, '2022-11-10 18:59:36', '2022-11-12 16:51:37');

-- ----------------------------
-- Table structure for oms_order
-- ----------------------------
DROP TABLE IF EXISTS `oms_order`;
CREATE TABLE `oms_order`  (
                              `id` bigint NOT NULL AUTO_INCREMENT,
                              `user_id` bigint NULL DEFAULT NULL COMMENT '用户ID(对应用户表主键ID)',
                              `version` bigint NULL DEFAULT NULL,
                              `total_money` decimal(10, 2) NULL DEFAULT NULL COMMENT '订单总金额合计',
                              `pay_money` decimal(10, 2) NULL DEFAULT NULL COMMENT '实付金额合计',
                              `total_num` int UNSIGNED NULL DEFAULT NULL COMMENT '数量合计',
                              `pay_type` tinyint UNSIGNED NULL DEFAULT NULL COMMENT '支付方式：1->在线支付；2->货到付款',
                              `order_status` tinyint UNSIGNED NULL DEFAULT NULL COMMENT '订单状态：6->待付款；1->待发货；2->已发货；3->已完成；4->已关闭；5->超时',
                              `pay_status` tinyint UNSIGNED NULL DEFAULT NULL COMMENT '支付状态：3->未支付；1->支付成功；2->支付失败',
                              `pay_time` datetime NULL DEFAULT NULL COMMENT '支付时间',
                              `receiver_name` varchar(100) CHARACTER SET utf8 COLLATE utf8_general_ci NULL DEFAULT NULL COMMENT '收件人名称',
                              `receiver_phone` varchar(64) CHARACTER SET utf8 COLLATE utf8_general_ci NULL DEFAULT NULL COMMENT '收件人电话',
                              `receiver_address` varchar(128) CHARACTER SET utf8 COLLATE utf8_general_ci NULL DEFAULT NULL COMMENT '收件人地址',
                              `expiration_time` datetime NULL DEFAULT NULL COMMENT '订单过期时间',
                              `created_time` datetime NULL DEFAULT CURRENT_TIMESTAMP COMMENT '创建时间',
                              `updated_time` datetime NULL DEFAULT CURRENT_TIMESTAMP ON UPDATE CURRENT_TIMESTAMP COMMENT '修改时间',
                              PRIMARY KEY (`id`) USING BTREE,
                              INDEX `user_id`(`user_id`) USING BTREE
) ENGINE = InnoDB AUTO_INCREMENT = 10678217484537857 CHARACTER SET = utf8 COLLATE = utf8_general_ci COMMENT = '订单表' ROW_FORMAT = Dynamic;

-- ----------------------------
-- Records of oms_order
-- ----------------------------
INSERT INTO `oms_order` VALUES (9583216163819520, 6306208076009472, 2, 479.01, 497.01, 2, 0, 5, 3, '0000-00-00 00:00:00', '李鸣', '13930286712', '灵山村', '2022-11-09 21:43:18', '2022-11-09 21:13:19', '2022-11-09 21:30:42');
INSERT INTO `oms_order` VALUES (10662597552508928, 6649787998801920, 2, 0.01, 18.01, 1, 0, 5, 3, '0000-00-00 00:00:00', '刘硕', '15530835782', '河北省唐山市路北区新天地美域16区1楼3门1802', '2022-11-10 18:39:28', '2022-11-10 18:09:29', '2022-11-10 18:43:09');
INSERT INTO `oms_order` VALUES (10662963300012032, 6649787998801920, 2, 198.00, 216.00, 1, 0, 5, 3, '0000-00-00 00:00:00', '刘硕', '15530835782', '河北省唐山市路北区新天地美域16区1楼3门1802', '2022-11-10 18:40:55', '2022-11-10 18:10:55', '2022-11-10 18:43:10');
INSERT INTO `oms_order` VALUES (10664278939930624, 6649787998801920, 2, 198.00, 216.00, 1, 0, 5, 3, '0000-00-00 00:00:00', '刘硕', '15530835782', '河北省唐山市路北区新天地美域16区1楼3门1802', '2022-11-10 18:46:07', '2022-11-10 18:16:08', '2022-11-10 18:46:09');
INSERT INTO `oms_order` VALUES (10664593986686976, 6649787998801920, 2, 17.50, 35.50, 1, 0, 5, 3, '0000-00-00 00:00:00', '刘硕', '15530835782', '河北省唐山市路北区新天地美域16区1楼3门1802', '2022-11-10 18:47:22', '2022-11-10 18:17:23', '2022-11-10 18:47:24');
INSERT INTO `oms_order` VALUES (10666905270489088, 6649787998801920, 2, 0.01, 18.01, 1, 0, 5, 3, '0000-00-00 00:00:00', '刘硕', '15530835782', '河北省唐山市路北区新天地美域16区1楼3门1802', '2022-11-10 18:56:34', '2022-11-10 18:26:35', '2022-11-10 18:56:36');
INSERT INTO `oms_order` VALUES (10668566273593344, 6649787998801920, 2, 225.00, 243.00, 1, 0, 5, 3, '0000-00-00 00:00:00', '刘硕', '15530835782', '河北省唐山市路北区新天地美域16区1楼3门1802', '2022-11-10 19:03:10', '2022-11-10 18:33:11', '2022-11-10 19:11:08');
INSERT INTO `oms_order` VALUES (10671358849585152, 6649787998801920, 2, 198.00, 216.00, 1, 0, 5, 3, '0000-00-00 00:00:00', '刘硕', '15530835782', '河北省唐山市路北区新天地美域16区1楼3门1802', '2022-11-10 19:14:16', '2022-11-10 18:44:17', '2022-11-11 17:49:21');
INSERT INTO `oms_order` VALUES (10672380263272448, 6649787998801920, 2, 0.01, 18.01, 1, 0, 5, 3, '0000-00-00 00:00:00', '刘硕', '15530835782', '河北省唐山市路北区新天地美域16区1楼3门1802', '2022-11-10 19:18:21', '2022-11-10 18:48:21', '2022-11-11 17:49:22');
INSERT INTO `oms_order` VALUES (10673689179721728, 6649787998801920, 2, 0.01, 18.01, 1, 0, 5, 3, '0000-00-00 00:00:00', '高美女', '18031333932', '河北省唐山市路北区新天地美域16区1楼3门1802', '2022-11-10 19:23:32', '2022-11-10 18:53:33', '2022-11-11 17:49:23');
INSERT INTO `oms_order` VALUES (10676291191705600, 6306208076009472, 1, 479.01, 497.01, 2, 0, 6, 3, '0000-00-00 00:00:00', '李鸣', '13930286712', '灵山村', '2022-11-10 19:34:04', '2022-11-10 19:04:05', '2022-11-10 19:04:05');
INSERT INTO `oms_order` VALUES (10678217484537856, 6649787998801920, 2, 198.00, 216.00, 1, 0, 5, 3, '0000-00-00 00:00:00', '刘硕', '15530835782', '河北省唐山市路北区新天地美域16区1楼3门1802', '2022-11-10 19:41:30', '2022-11-10 19:11:31', '2022-11-11 17:49:23');

-- ----------------------------
-- Table structure for oms_order_item
-- ----------------------------
DROP TABLE IF EXISTS `oms_order_item`;
CREATE TABLE `oms_order_item`  (
                                   `id` bigint NOT NULL AUTO_INCREMENT,
                                   `order_id` bigint NULL DEFAULT NULL COMMENT '订单ID(对应订单表主键ID)',
                                   `spu_id` bigint NULL DEFAULT NULL COMMENT '商品spuID(对应商品spu表主键ID)',
                                   `product_pic` varchar(500) CHARACTER SET utf8 COLLATE utf8_general_ci NULL DEFAULT NULL COMMENT '商品图片',
                                   `product_name` varchar(200) CHARACTER SET utf8 COLLATE utf8_general_ci NULL DEFAULT NULL COMMENT '商品名称',
                                   `product_price` decimal(10, 2) NULL DEFAULT NULL COMMENT '销售价格',
                                   `product_quantity` int NULL DEFAULT NULL COMMENT '购买数量',
                                   `product_total_money` decimal(10, 2) NULL DEFAULT NULL COMMENT '商品总金额',
                                   `sku_id` bigint NULL DEFAULT NULL COMMENT '商品skuID(对应商品sku表主键ID)',
                                   `created_time` datetime NULL DEFAULT CURRENT_TIMESTAMP COMMENT '创建时间',
                                   `updated_time` datetime NULL DEFAULT CURRENT_TIMESTAMP ON UPDATE CURRENT_TIMESTAMP COMMENT '修改时间',
                                   PRIMARY KEY (`id`) USING BTREE,
                                   INDEX `order_id`(`order_id`) USING BTREE,
                                   INDEX `spu_id`(`spu_id`) USING BTREE,
                                   INDEX `sku_id`(`sku_id`) USING BTREE
) ENGINE = InnoDB AUTO_INCREMENT = 148 CHARACTER SET = utf8 COLLATE = utf8_general_ci COMMENT = '订单商品明细表' ROW_FORMAT = Dynamic;

-- ----------------------------
-- Records of oms_order_item
-- ----------------------------
INSERT INTO `oms_order_item` VALUES (134, 9583216163819520, 1, 'https://pet-project-imgage.oss-cn-beijing.aliyuncs.com/pms/product/sku/1-1-1.jpg', '加拿大原装进口百加世NOW FRESH 无谷小型犬全龄配方粮 6磅', 0.01, 1, 0.01, 1000001, '2022-11-09 21:13:18', '2022-11-09 21:13:18');
INSERT INTO `oms_order_item` VALUES (135, 9583216163819520, 1, 'https://pet-project-imgage.oss-cn-beijing.aliyuncs.com/pms/product/sku/1-2-1.jpg', '加拿大原装进口 百加世NOW FRESH 无谷小型犬全龄配方粮 12磅', 479.00, 1, 479.00, 1000002, '2022-11-09 21:13:19', '2022-11-09 21:13:19');
INSERT INTO `oms_order_item` VALUES (136, 10662597552508928, 1, 'https://pet-project-imgage.oss-cn-beijing.aliyuncs.com/pms/product/sku/1-1-1.jpg', '加拿大原装进口百加世NOW FRESH 无谷小型犬全龄配方粮 6磅', 0.01, 1, 0.01, 1000001, '2022-11-10 18:09:29', '2022-11-10 18:09:29');
INSERT INTO `oms_order_item` VALUES (137, 10662963300012032, 3, 'https://pet-project-imgage.oss-cn-beijing.aliyuncs.com/pms/product/sku/3-1-1.jpg', '加拿大原装进口纽顿 无谷低升糖系列 去骨鳟鱼&三文鱼小型全犬粮 1.82kg', 198.00, 1, 198.00, 1000009, '2022-11-10 18:10:55', '2022-11-10 18:10:55');
INSERT INTO `oms_order_item` VALUES (138, 10664278939930624, 3, 'https://pet-project-imgage.oss-cn-beijing.aliyuncs.com/pms/product/sku/3-1-1.jpg', '加拿大原装进口纽顿 无谷低升糖系列 去骨鳟鱼&三文鱼小型全犬粮 1.82kg', 198.00, 1, 198.00, 1000009, '2022-11-10 18:16:08', '2022-11-10 18:16:08');
INSERT INTO `oms_order_item` VALUES (139, 10664593986686976, 2, 'https://pet-project-imgage.oss-cn-beijing.aliyuncs.com/pms/product/sku/2-1-1.jpg', '伊丽Elite S号哈皮骨头造型清爽冰垫 适合6-10斤体重', 17.50, 1, 17.50, 1000004, '2022-11-10 18:17:23', '2022-11-10 18:17:23');
INSERT INTO `oms_order_item` VALUES (140, 10666905270489088, 1, 'https://pet-project-imgage.oss-cn-beijing.aliyuncs.com/pms/product/sku/1-1-1.jpg', '加拿大原装进口百加世NOW FRESH 无谷小型犬全龄配方粮 6磅', 0.01, 1, 0.01, 1000001, '2022-11-10 18:26:34', '2022-11-10 18:26:34');
INSERT INTO `oms_order_item` VALUES (141, 10668566273593344, 4, 'https://pet-project-imgage.oss-cn-beijing.aliyuncs.com/pms/product/sku/4-1-1.jpg', '加拿大原装进口 爱肯拿Acana 无谷深海鱼配方全犬粮 2kg', 225.00, 1, 225.00, 1000011, '2022-11-10 18:33:10', '2022-11-10 18:33:10');
INSERT INTO `oms_order_item` VALUES (142, 10671358849585152, 3, 'https://pet-project-imgage.oss-cn-beijing.aliyuncs.com/pms/product/sku/3-1-1.jpg', '加拿大原装进口纽顿 无谷低升糖系列 去骨鳟鱼&三文鱼小型全犬粮 1.82kg', 198.00, 1, 198.00, 1000009, '2022-11-10 18:44:17', '2022-11-10 18:44:17');
INSERT INTO `oms_order_item` VALUES (143, 10672380263272448, 1, 'https://pet-project-imgage.oss-cn-beijing.aliyuncs.com/pms/product/sku/1-1-1.jpg', '加拿大原装进口百加世NOW FRESH 无谷小型犬全龄配方粮 6磅', 0.01, 1, 0.01, 1000001, '2022-11-10 18:48:21', '2022-11-10 18:48:21');
INSERT INTO `oms_order_item` VALUES (144, 10673689179721728, 1, 'https://pet-project-imgage.oss-cn-beijing.aliyuncs.com/pms/product/sku/1-1-1.jpg', '加拿大原装进口百加世NOW FRESH 无谷小型犬全龄配方粮 6磅', 0.01, 1, 0.01, 1000001, '2022-11-10 18:53:32', '2022-11-10 18:53:32');
INSERT INTO `oms_order_item` VALUES (145, 10676291191705600, 1, 'https://pet-project-imgage.oss-cn-beijing.aliyuncs.com/pms/product/sku/1-1-1.jpg', '加拿大原装进口百加世NOW FRESH 无谷小型犬全龄配方粮 6磅', 0.01, 1, 0.01, 1000001, '2022-11-10 19:04:04', '2022-11-10 19:04:04');
INSERT INTO `oms_order_item` VALUES (146, 10676291191705600, 1, 'https://pet-project-imgage.oss-cn-beijing.aliyuncs.com/pms/product/sku/1-2-1.jpg', '加拿大原装进口 百加世NOW FRESH 无谷小型犬全龄配方粮 12磅', 479.00, 1, 479.00, 1000002, '2022-11-10 19:04:05', '2022-11-10 19:04:05');
INSERT INTO `oms_order_item` VALUES (147, 10678217484537856, 3, 'https://pet-project-imgage.oss-cn-beijing.aliyuncs.com/pms/product/sku/3-1-1.jpg', '加拿大原装进口纽顿 无谷低升糖系列 去骨鳟鱼&三文鱼小型全犬粮 1.82kg', 198.00, 1, 198.00, 1000009, '2022-11-10 19:11:31', '2022-11-10 19:11:31');

-- ----------------------------
-- Table structure for oms_pay_log
-- ----------------------------
DROP TABLE IF EXISTS `oms_pay_log`;
CREATE TABLE `oms_pay_log`  (
                                `id` bigint NOT NULL AUTO_INCREMENT,
                                `user_id` bigint NULL DEFAULT NULL COMMENT '用户ID(对应用户表主键ID)',
                                `order_id` bigint NULL DEFAULT NULL COMMENT '订单ID(对应订单表主键ID)',
                                `order_num` varchar(64) CHARACTER SET utf8 COLLATE utf8_general_ci NULL DEFAULT NULL COMMENT '订单编号',
                                `pay_way` tinyint UNSIGNED NULL DEFAULT NULL COMMENT '支付方式：1->支付宝支付；2->微信支付',
                                `pay_trade_num` bigint NULL DEFAULT NULL COMMENT '第三方支付订单交易号',
                                `pay_status` tinyint UNSIGNED NULL DEFAULT NULL COMMENT '支付状态：1->支付成功；2->支付失败',
                                `pay_amount` decimal(10, 2) NULL DEFAULT NULL COMMENT '支付金额',
                                `created_time` datetime NULL DEFAULT CURRENT_TIMESTAMP COMMENT '创建时间',
                                `updated_time` datetime NULL DEFAULT CURRENT_TIMESTAMP ON UPDATE CURRENT_TIMESTAMP COMMENT '修改时间',
                                PRIMARY KEY (`id`) USING BTREE
) ENGINE = InnoDB AUTO_INCREMENT = 1 CHARACTER SET = utf8 COLLATE = utf8_general_ci COMMENT = '支付记录表' ROW_FORMAT = Dynamic;

-- ----------------------------
-- Records of oms_pay_log
-- ----------------------------

-- ----------------------------
-- Table structure for pms_brand
-- ----------------------------
DROP TABLE IF EXISTS `pms_brand`;
CREATE TABLE `pms_brand`  (
                              `id` bigint NOT NULL AUTO_INCREMENT,
                              `name` varchar(64) CHARACTER SET utf8 COLLATE utf8_general_ci NULL DEFAULT NULL COMMENT '品牌名称',
                              `first_letter` char(1) CHARACTER SET utf8 COLLATE utf8_general_ci NULL DEFAULT NULL COMMENT '品牌的首字母',
                              `created_time` datetime NULL DEFAULT CURRENT_TIMESTAMP COMMENT '创建时间',
                              `updated_time` datetime NULL DEFAULT CURRENT_TIMESTAMP ON UPDATE CURRENT_TIMESTAMP COMMENT '修改时间',
                              PRIMARY KEY (`id`) USING BTREE
) ENGINE = InnoDB AUTO_INCREMENT = 1 CHARACTER SET = utf8 COLLATE = utf8_general_ci COMMENT = '品牌表' ROW_FORMAT = Dynamic;

-- ----------------------------
-- Records of pms_brand
-- ----------------------------

-- ----------------------------
-- Table structure for pms_product_attribute
-- ----------------------------
DROP TABLE IF EXISTS `pms_product_attribute`;
CREATE TABLE `pms_product_attribute`  (
                                          `id` bigint NOT NULL AUTO_INCREMENT,
                                          `type` tinyint UNSIGNED NULL DEFAULT NULL COMMENT '类型：0->属性key；1->属性value',
                                          `parent_id` bigint NULL DEFAULT NULL COMMENT '\"属性key\"ID：0->属性key',
                                          `name` varchar(64) CHARACTER SET utf8 COLLATE utf8_general_ci NULL DEFAULT NULL COMMENT '属性名称',
                                          `sort` tinyint UNSIGNED NULL DEFAULT NULL COMMENT '排序',
                                          `created_time` datetime NULL DEFAULT CURRENT_TIMESTAMP COMMENT '创建时间',
                                          `updated_time` datetime NULL DEFAULT CURRENT_TIMESTAMP ON UPDATE CURRENT_TIMESTAMP COMMENT '修改时间',
                                          PRIMARY KEY (`id`) USING BTREE,
                                          INDEX `idx_created_time`(`created_time`) USING BTREE
) ENGINE = InnoDB AUTO_INCREMENT = 45 CHARACTER SET = utf8 COLLATE = utf8_general_ci COMMENT = '商品属性表' ROW_FORMAT = Dynamic;

-- ----------------------------
-- Records of pms_product_attribute
-- ----------------------------
INSERT INTO `pms_product_attribute` VALUES (1, 0, 0, '主要配方', 1, '2020-08-21 08:23:43', '2020-08-21 08:23:52');
INSERT INTO `pms_product_attribute` VALUES (2, 0, 0, '适合体型', 2, '2020-08-21 08:27:03', '2020-08-21 08:28:05');
INSERT INTO `pms_product_attribute` VALUES (3, 0, 0, '颗粒大小', 3, '2020-08-21 08:27:39', '2020-08-21 08:28:05');
INSERT INTO `pms_product_attribute` VALUES (4, 0, 0, '适合年龄', 4, '2020-08-21 08:27:51', '2020-08-21 08:28:05');
INSERT INTO `pms_product_attribute` VALUES (5, 0, 0, '重量区间', 5, '2020-08-21 08:28:00', '2020-08-21 08:28:05');
INSERT INTO `pms_product_attribute` VALUES (6, 1, 1, '鸡肉', 1, '2020-08-21 08:28:38', '2020-08-21 08:28:38');
INSERT INTO `pms_product_attribute` VALUES (7, 1, 1, '鱼肉', 2, '2020-08-21 08:28:56', '2020-08-21 08:30:07');
INSERT INTO `pms_product_attribute` VALUES (8, 1, 1, '羊肉', 3, '2020-08-21 08:29:08', '2020-08-21 08:30:12');
INSERT INTO `pms_product_attribute` VALUES (9, 1, 1, '火鸡肉', 4, '2020-08-21 08:29:17', '2020-08-21 08:30:13');
INSERT INTO `pms_product_attribute` VALUES (10, 1, 1, '鸭肉', 5, '2020-08-21 08:29:27', '2020-08-21 08:30:30');
INSERT INTO `pms_product_attribute` VALUES (11, 1, 1, '牛肉', 6, '2020-08-21 08:29:36', '2020-08-21 08:30:31');
INSERT INTO `pms_product_attribute` VALUES (12, 1, 1, '鹿肉', 7, '2020-08-21 08:29:47', '2020-08-21 08:30:33');
INSERT INTO `pms_product_attribute` VALUES (13, 1, 1, '其他', 8, '2020-08-21 08:29:57', '2020-08-21 08:30:35');
INSERT INTO `pms_product_attribute` VALUES (14, 1, 2, '全体型犬', 1, '2020-08-21 08:31:18', '2020-08-21 08:31:18');
INSERT INTO `pms_product_attribute` VALUES (15, 1, 2, '小型犬', 2, '2020-08-21 08:31:28', '2020-08-21 08:32:02');
INSERT INTO `pms_product_attribute` VALUES (16, 1, 2, '中型犬', 3, '2020-08-21 08:31:39', '2020-08-21 08:32:02');
INSERT INTO `pms_product_attribute` VALUES (17, 1, 2, '大型犬', 4, '2020-08-21 08:31:53', '2020-08-21 08:32:02');
INSERT INTO `pms_product_attribute` VALUES (18, 1, 3, '标准粒', 1, '2020-08-21 08:39:52', '2020-08-21 08:42:51');
INSERT INTO `pms_product_attribute` VALUES (19, 1, 3, '小颗粒', 2, '2020-08-21 08:40:00', '2020-08-21 08:42:51');
INSERT INTO `pms_product_attribute` VALUES (20, 1, 3, '大颗粒', 3, '2020-08-21 08:40:06', '2020-08-21 08:42:51');
INSERT INTO `pms_product_attribute` VALUES (21, 1, 4, '全年龄犬', 1, '2020-08-21 08:40:31', '2020-08-21 08:42:51');
INSERT INTO `pms_product_attribute` VALUES (22, 1, 4, '成犬', 2, '2020-08-21 08:40:41', '2020-08-21 08:42:51');
INSERT INTO `pms_product_attribute` VALUES (23, 1, 4, '幼犬', 3, '2020-08-21 08:41:13', '2020-08-21 08:42:51');
INSERT INTO `pms_product_attribute` VALUES (24, 1, 4, '老犬', 4, '2020-08-21 08:41:24', '2020-08-21 08:42:51');
INSERT INTO `pms_product_attribute` VALUES (25, 1, 4, '怀孕哺乳期犬', 5, '2020-08-21 08:41:38', '2020-08-21 08:42:51');
INSERT INTO `pms_product_attribute` VALUES (26, 1, 4, '中老年犬', 6, '2020-08-21 08:41:48', '2020-08-21 08:42:51');
INSERT INTO `pms_product_attribute` VALUES (27, 1, 5, '小包', 1, '2020-08-21 08:42:05', '2020-08-21 08:42:51');
INSERT INTO `pms_product_attribute` VALUES (28, 1, 5, '中包', 2, '2020-08-21 08:42:15', '2020-08-21 08:42:51');
INSERT INTO `pms_product_attribute` VALUES (29, 1, 5, '大包', 3, '2020-08-21 08:42:24', '2020-08-21 08:42:51');
INSERT INTO `pms_product_attribute` VALUES (30, 1, 5, '超小包', 4, '2020-08-21 08:42:31', '2020-08-21 08:42:51');
INSERT INTO `pms_product_attribute` VALUES (31, 1, 5, '超大包', 5, '2020-08-21 08:42:37', '2020-08-21 08:42:51');
INSERT INTO `pms_product_attribute` VALUES (32, 0, 0, '适用犬种', 6, '2020-10-20 09:44:42', '2020-10-20 09:44:42');
INSERT INTO `pms_product_attribute` VALUES (33, 1, 32, '贵宾', 1, '2020-10-20 09:45:00', '2020-10-20 09:46:01');
INSERT INTO `pms_product_attribute` VALUES (34, 1, 32, '法国斗牛犬', 2, '2020-10-20 09:45:14', '2020-10-20 09:46:02');
INSERT INTO `pms_product_attribute` VALUES (35, 1, 32, '金毛', 3, '2020-10-20 09:45:34', '2020-10-20 09:46:03');
INSERT INTO `pms_product_attribute` VALUES (36, 1, 32, '雪纳瑞', 4, '2020-10-20 09:45:42', '2020-10-20 09:46:04');
INSERT INTO `pms_product_attribute` VALUES (37, 1, 32, '比熊', 5, '2020-10-20 09:45:53', '2020-10-20 09:46:05');
INSERT INTO `pms_product_attribute` VALUES (38, 1, 32, '吉娃娃', 6, '2020-10-20 09:46:00', '2020-10-20 09:46:06');
INSERT INTO `pms_product_attribute` VALUES (39, 1, 32, '柴犬', 7, '2020-10-20 09:47:11', '2020-10-20 09:47:25');
INSERT INTO `pms_product_attribute` VALUES (40, 1, 32, '拉布拉多', 8, '2020-10-20 09:47:15', '2020-10-20 09:47:25');
INSERT INTO `pms_product_attribute` VALUES (41, 0, 0, '制作工艺', 7, '2020-10-20 09:48:11', '2020-10-20 09:49:46');
INSERT INTO `pms_product_attribute` VALUES (42, 1, 41, '膨化', 1, '2020-10-20 09:48:29', '2020-10-20 09:49:10');
INSERT INTO `pms_product_attribute` VALUES (43, 1, 41, '风干', 2, '2020-10-20 09:48:35', '2020-10-20 09:49:10');
INSERT INTO `pms_product_attribute` VALUES (44, 1, 41, '冻干', 3, '2020-10-20 09:48:39', '2020-10-20 09:49:10');

-- ----------------------------
-- Table structure for pms_product_attribute_rel
-- ----------------------------
DROP TABLE IF EXISTS `pms_product_attribute_rel`;
CREATE TABLE `pms_product_attribute_rel`  (
                                              `id` bigint NOT NULL AUTO_INCREMENT,
                                              `spu_id` bigint NULL DEFAULT NULL COMMENT '商品spuID(对应商品spu表主键ID)',
                                              `product_attribute_id` bigint NULL DEFAULT NULL COMMENT '商品属性ID(对应商品属性表主键ID)',
                                              `created_time` datetime NULL DEFAULT CURRENT_TIMESTAMP COMMENT '创建时间',
                                              `updated_time` datetime NULL DEFAULT CURRENT_TIMESTAMP ON UPDATE CURRENT_TIMESTAMP COMMENT '修改时间',
                                              PRIMARY KEY (`id`) USING BTREE,
                                              INDEX `idx_spu_id`(`spu_id`) USING BTREE,
                                              INDEX `idx_product_attribute_id`(`product_attribute_id`) USING BTREE
) ENGINE = InnoDB AUTO_INCREMENT = 22 CHARACTER SET = utf8 COLLATE = utf8_general_ci COMMENT = '商品和属性关联表' ROW_FORMAT = Dynamic;

-- ----------------------------
-- Records of pms_product_attribute_rel
-- ----------------------------
INSERT INTO `pms_product_attribute_rel` VALUES (1, 1, 6, '2020-08-31 02:05:53', '2020-08-31 02:05:53');
INSERT INTO `pms_product_attribute_rel` VALUES (2, 1, 14, '2020-08-31 02:06:03', '2020-08-31 02:06:03');
INSERT INTO `pms_product_attribute_rel` VALUES (3, 1, 18, '2020-08-31 02:17:28', '2020-08-31 02:17:28');
INSERT INTO `pms_product_attribute_rel` VALUES (4, 2, 6, '2020-08-31 02:55:38', '2020-08-31 02:55:47');
INSERT INTO `pms_product_attribute_rel` VALUES (5, 2, 14, '2020-08-31 02:55:41', '2020-08-31 02:55:48');
INSERT INTO `pms_product_attribute_rel` VALUES (6, 2, 18, '2020-08-31 02:55:44', '2020-08-31 02:55:49');
INSERT INTO `pms_product_attribute_rel` VALUES (7, 3, 7, '2020-10-16 09:21:29', '2020-10-16 09:21:29');
INSERT INTO `pms_product_attribute_rel` VALUES (8, 3, 15, '2020-10-16 09:22:04', '2020-10-16 09:22:04');
INSERT INTO `pms_product_attribute_rel` VALUES (9, 3, 16, '2020-10-16 09:22:08', '2020-10-16 09:22:08');
INSERT INTO `pms_product_attribute_rel` VALUES (10, 3, 22, '2020-10-16 09:22:16', '2020-10-16 09:22:16');
INSERT INTO `pms_product_attribute_rel` VALUES (11, 4, 7, '2020-10-16 15:25:58', '2020-10-16 15:25:58');
INSERT INTO `pms_product_attribute_rel` VALUES (12, 4, 15, '2020-10-16 15:26:03', '2020-10-16 15:26:03');
INSERT INTO `pms_product_attribute_rel` VALUES (13, 4, 16, '2020-10-16 15:26:09', '2020-10-16 15:26:09');
INSERT INTO `pms_product_attribute_rel` VALUES (14, 4, 17, '2020-10-16 15:26:15', '2020-10-16 15:26:19');
INSERT INTO `pms_product_attribute_rel` VALUES (15, 4, 22, '2020-10-16 15:26:23', '2020-10-16 15:26:23');
INSERT INTO `pms_product_attribute_rel` VALUES (16, 5, 6, '2020-10-16 15:26:26', '2020-10-16 15:26:57');
INSERT INTO `pms_product_attribute_rel` VALUES (17, 5, 15, '2020-10-16 15:26:33', '2020-10-16 15:27:00');
INSERT INTO `pms_product_attribute_rel` VALUES (18, 5, 22, '2020-10-16 15:26:34', '2020-10-16 15:27:01');
INSERT INTO `pms_product_attribute_rel` VALUES (19, 5, 23, '2020-10-16 15:26:36', '2020-10-16 15:27:02');
INSERT INTO `pms_product_attribute_rel` VALUES (20, 5, 24, '2020-10-16 15:26:38', '2020-10-16 15:27:08');
INSERT INTO `pms_product_attribute_rel` VALUES (21, 5, 28, '2020-10-16 15:26:39', '2020-10-16 15:27:11');

-- ----------------------------
-- Table structure for pms_product_category
-- ----------------------------
DROP TABLE IF EXISTS `pms_product_category`;
CREATE TABLE `pms_product_category`  (
                                         `id` bigint NOT NULL AUTO_INCREMENT,
                                         `parent_id` bigint NULL DEFAULT NULL COMMENT '上级分类的编号：0->一级分类',
                                         `name` varchar(64) CHARACTER SET utf8 COLLATE utf8_general_ci NULL DEFAULT NULL COMMENT '分类名称',
                                         `abbreviation` varchar(64) CHARACTER SET utf8 COLLATE utf8_general_ci NULL DEFAULT NULL COMMENT '分类名称简称',
                                         `level` tinyint UNSIGNED NULL DEFAULT NULL COMMENT '分类级别：0->1级；1->2级',
                                         `show_status` tinyint UNSIGNED NULL DEFAULT NULL COMMENT '显示状态：0->不显示；1->显示',
                                         `icon` varchar(100) CHARACTER SET utf8 COLLATE utf8_general_ci NULL DEFAULT NULL COMMENT '图标',
                                         `sort` tinyint UNSIGNED NULL DEFAULT NULL COMMENT '排序',
                                         `created_time` datetime NULL DEFAULT CURRENT_TIMESTAMP COMMENT '创建时间',
                                         `updated_time` datetime NULL DEFAULT CURRENT_TIMESTAMP ON UPDATE CURRENT_TIMESTAMP COMMENT '修改时间',
                                         PRIMARY KEY (`id`) USING BTREE,
                                         INDEX `idx_level`(`level`) USING BTREE
) ENGINE = InnoDB AUTO_INCREMENT = 46 CHARACTER SET = utf8 COLLATE = utf8_general_ci COMMENT = '商品分类表' ROW_FORMAT = Dynamic;

-- ----------------------------
-- Records of pms_product_category
-- ----------------------------
INSERT INTO `pms_product_category` VALUES (1, 0, '宠物主粮', '主粮', 0, 1, 'https://pet-project-imgage.oss-cn-beijing.aliyuncs.com/pms/product/category/1-1.jpg', 1, '2020-08-21 06:13:24', '2022-10-23 15:18:47');
INSERT INTO `pms_product_category` VALUES (2, 0, '宠物零食', '零食', 0, 1, 'https://pet-project-imgage.oss-cn-beijing.aliyuncs.com/pms/product/category/1-2.jpg', 2, '2020-08-21 06:13:24', '2022-10-23 15:18:47');
INSERT INTO `pms_product_category` VALUES (3, 0, '宠物窝垫', '窝垫', 0, 1, 'https://pet-project-imgage.oss-cn-beijing.aliyuncs.com/pms/product/category/1-3.jpg', 3, '2020-08-21 06:14:12', '2022-10-23 15:18:47');
INSERT INTO `pms_product_category` VALUES (4, 0, '宠物玩具', '玩具', 0, 1, 'https://pet-project-imgage.oss-cn-beijing.aliyuncs.com/pms/product/category/1-4.jpg', 4, '2020-08-21 06:14:28', '2022-10-23 15:18:47');
INSERT INTO `pms_product_category` VALUES (5, 0, '宠物清洁', '清洁', 0, 1, 'https://pet-project-imgage.oss-cn-beijing.aliyuncs.com/pms/product/category/1-5.jpg', 5, '2020-08-21 06:15:02', '2022-10-23 15:18:47');
INSERT INTO `pms_product_category` VALUES (6, 0, '宠物保健', '保健', 0, 1, 'https://pet-project-imgage.oss-cn-beijing.aliyuncs.com/pms/product/category/1-6.jpg', 6, '2020-08-21 06:15:19', '2022-10-23 15:18:47');
INSERT INTO `pms_product_category` VALUES (7, 0, '宠物护理', '护理', 0, 1, 'https://pet-project-imgage.oss-cn-beijing.aliyuncs.com/pms/product/category/1-7.jpg', 7, '2020-08-21 06:15:26', '2022-10-23 15:18:47');
INSERT INTO `pms_product_category` VALUES (8, 0, '宠物生活', '生活', 0, 1, 'https://pet-project-imgage.oss-cn-beijing.aliyuncs.com/pms/product/category/1-8.jpg', 8, '2020-08-21 06:15:34', '2022-10-23 15:18:47');
INSERT INTO `pms_product_category` VALUES (9, 0, '宠物牵引', '牵引', 0, 1, 'https://pet-project-imgage.oss-cn-beijing.aliyuncs.com/pms/product/category/1-9.jpg', 9, '2020-08-21 06:15:43', '2022-10-23 15:18:47');
INSERT INTO `pms_product_category` VALUES (10, 0, '宠物洗澡', '洗澡', 0, 1, 'https://pet-project-imgage.oss-cn-beijing.aliyuncs.com/pms/product/category/1-10.jpg', 10, '2020-08-21 06:15:49', '2022-10-23 15:18:47');
INSERT INTO `pms_product_category` VALUES (11, 0, '宠物服务', '服务', 0, 1, 'https://pet-project-imgage.oss-cn-beijing.aliyuncs.com/pms/product/category/1-11.jpg', 11, '2020-08-21 06:16:01', '2022-10-23 15:18:47');
INSERT INTO `pms_product_category` VALUES (12, 0, '宠物美容', '美容', 0, 1, 'https://pet-project-imgage.oss-cn-beijing.aliyuncs.com/pms/product/category/1-12.jpg', 12, '2020-08-21 06:16:09', '2022-10-23 15:18:47');
INSERT INTO `pms_product_category` VALUES (13, 1, '进口主粮', NULL, 1, 1, 'https://pet-project-imgage.oss-cn-beijing.aliyuncs.com/pms/product/category/2-1-1.jpg', 1, '2020-08-21 06:18:57', '2022-10-23 15:18:47');
INSERT INTO `pms_product_category` VALUES (14, 1, '国产主粮', NULL, 1, 1, 'https://pet-project-imgage.oss-cn-beijing.aliyuncs.com/pms/product/category/2-1-2.jpg', 6, '2020-08-21 06:19:13', '2022-10-23 15:18:47');
INSERT INTO `pms_product_category` VALUES (15, 1, '冻干主粮', NULL, 1, 1, 'https://pet-project-imgage.oss-cn-beijing.aliyuncs.com/pms/product/category/2-1-3.jpg', 17, '2020-08-21 06:19:26', '2022-10-23 15:18:47');
INSERT INTO `pms_product_category` VALUES (16, 2, '磨牙洁齿', NULL, 1, 1, 'https://pet-project-imgage.oss-cn-beijing.aliyuncs.com/pms/product/category/2-2-1.jpg', 1, '2020-08-21 06:19:53', '2022-10-23 15:18:47');
INSERT INTO `pms_product_category` VALUES (17, 2, '肉制零食', NULL, 1, 1, 'https://pet-project-imgage.oss-cn-beijing.aliyuncs.com/pms/product/category/2-2-2.jpg', 2, '2020-08-21 06:20:13', '2022-10-23 15:18:47');
INSERT INTO `pms_product_category` VALUES (18, 2, '点心饮料', NULL, 1, 1, 'https://pet-project-imgage.oss-cn-beijing.aliyuncs.com/pms/product/category/2-2-3.jpg', 3, '2020-08-21 06:20:24', '2022-10-23 15:18:47');
INSERT INTO `pms_product_category` VALUES (19, 2, '罐头湿粮', NULL, 1, 1, 'https://pet-project-imgage.oss-cn-beijing.aliyuncs.com/pms/product/category/2-2-4.jpg', 4, '2020-08-21 06:20:38', '2022-10-23 15:18:47');
INSERT INTO `pms_product_category` VALUES (20, 2, '冻干零食', NULL, 1, 1, 'https://pet-project-imgage.oss-cn-beijing.aliyuncs.com/pms/product/category/2-2-5.jpg', 5, '2020-08-21 06:20:47', '2022-10-23 15:18:47');
INSERT INTO `pms_product_category` VALUES (21, 3, '夏季清凉', NULL, 1, 1, 'https://pet-project-imgage.oss-cn-beijing.aliyuncs.com/pms/product/category/2-3-1.jpg', 1, '2020-09-03 06:51:25', '2022-10-23 15:18:47');
INSERT INTO `pms_product_category` VALUES (22, 3, '深睡眠窝', NULL, 1, 1, 'https://pet-project-imgage.oss-cn-beijing.aliyuncs.com/pms/product/category/2-3-2.jpg', 2, '2020-09-03 06:51:38', '2022-10-23 15:18:47');
INSERT INTO `pms_product_category` VALUES (23, 3, '柔软睡垫', NULL, 1, 1, 'https://pet-project-imgage.oss-cn-beijing.aliyuncs.com/pms/product/category/2-3-3.jpg', 3, '2020-09-03 06:51:52', '2022-10-23 15:18:47');
INSERT INTO `pms_product_category` VALUES (24, 3, '睡床沙发', NULL, 1, 1, 'https://pet-project-imgage.oss-cn-beijing.aliyuncs.com/pms/product/category/2-3-4.jpg', 4, '2020-09-03 06:51:59', '2022-10-23 15:18:47');
INSERT INTO `pms_product_category` VALUES (25, 1, '小型犬专用', NULL, 1, 1, 'https://pet-project-imgage.oss-cn-beijing.aliyuncs.com/pms/product/category/2-1-1.jpg', 2, '2020-10-19 08:52:49', '2022-10-23 15:18:47');
INSERT INTO `pms_product_category` VALUES (26, 1, '大型犬专用', NULL, 1, 1, 'https://pet-project-imgage.oss-cn-beijing.aliyuncs.com/pms/product/category/2-1-1.jpg', 3, '2020-10-19 08:52:57', '2022-10-23 15:18:47');
INSERT INTO `pms_product_category` VALUES (27, 1, '大型犬专用', NULL, 1, 1, 'https://pet-project-imgage.oss-cn-beijing.aliyuncs.com/pms/product/category/2-1-1.jpg', 4, '2020-10-19 08:53:05', '2022-10-23 15:18:47');
INSERT INTO `pms_product_category` VALUES (28, 1, '夏日清火', NULL, 1, 1, 'https://pet-project-imgage.oss-cn-beijing.aliyuncs.com/pms/product/category/2-1-1.jpg', 5, '2020-10-19 08:53:14', '2022-10-23 15:18:47');
INSERT INTO `pms_product_category` VALUES (29, 1, '怀孕哺乳期犬', NULL, 1, 1, 'https://pet-project-imgage.oss-cn-beijing.aliyuncs.com/pms/product/category/2-1-1.jpg', 7, '2020-10-19 08:53:31', '2022-10-23 15:18:47');
INSERT INTO `pms_product_category` VALUES (30, 1, '贵宾犬粮', NULL, 1, 1, 'https://pet-project-imgage.oss-cn-beijing.aliyuncs.com/pms/product/category/2-1-1.jpg', 8, '2020-10-19 08:57:57', '2022-10-23 15:18:47');
INSERT INTO `pms_product_category` VALUES (31, 1, '金毛犬粮', NULL, 1, 1, 'https://pet-project-imgage.oss-cn-beijing.aliyuncs.com/pms/product/category/2-1-1.jpg', 18, '2020-10-19 08:58:10', '2022-10-23 15:18:47');
INSERT INTO `pms_product_category` VALUES (33, 1, '鸡肉冻干', NULL, 1, 1, 'https://pet-project-imgage.oss-cn-beijing.aliyuncs.com/pms/product/category/2-1-1.jpg', 20, '2020-10-19 08:58:26', '2022-10-23 15:18:47');
INSERT INTO `pms_product_category` VALUES (34, 1, '牛肉冻干', NULL, 1, 1, 'https://pet-project-imgage.oss-cn-beijing.aliyuncs.com/pms/product/category/2-1-1.jpg', 21, '2020-10-19 08:58:31', '2022-10-23 15:18:47');
INSERT INTO `pms_product_category` VALUES (35, 1, '羊肉冻干', NULL, 1, 1, 'https://pet-project-imgage.oss-cn-beijing.aliyuncs.com/pms/product/category/2-1-1.jpg', 22, '2020-10-19 08:58:37', '2022-10-23 15:18:47');
INSERT INTO `pms_product_category` VALUES (36, 1, '鱼肉冻干', NULL, 1, 1, 'https://pet-project-imgage.oss-cn-beijing.aliyuncs.com/pms/product/category/2-1-1.jpg', 23, '2020-10-19 08:58:42', '2022-10-23 15:18:47');
INSERT INTO `pms_product_category` VALUES (38, 1, '哈士奇犬粮', NULL, 1, 1, 'https://pet-project-imgage.oss-cn-beijing.aliyuncs.com/pms/product/category/2-1-1.jpg', 10, '2020-10-19 08:59:30', '2022-10-23 15:18:47');
INSERT INTO `pms_product_category` VALUES (39, 1, '泰迪犬粮', NULL, 1, 1, 'https://pet-project-imgage.oss-cn-beijing.aliyuncs.com/pms/product/category/2-1-1.jpg', 11, '2020-10-19 09:11:00', '2022-10-23 15:18:47');
INSERT INTO `pms_product_category` VALUES (40, 1, '法斗犬粮', NULL, 1, 1, 'https://pet-project-imgage.oss-cn-beijing.aliyuncs.com/pms/product/category/2-1-1.jpg', 12, '2020-10-19 09:11:04', '2022-10-23 15:18:47');
INSERT INTO `pms_product_category` VALUES (41, 1, '边牧犬粮', NULL, 1, 1, 'https://pet-project-imgage.oss-cn-beijing.aliyuncs.com/pms/product/category/2-1-1.jpg', 13, '2020-10-19 09:11:29', '2022-10-23 15:18:47');
INSERT INTO `pms_product_category` VALUES (43, 1, '博美犬粮', NULL, 1, 1, 'https://pet-project-imgage.oss-cn-beijing.aliyuncs.com/pms/product/category/2-1-1.jpg', 15, '2020-10-19 09:12:03', '2022-10-23 15:18:47');
INSERT INTO `pms_product_category` VALUES (45, 1, '柴犬粮', NULL, 1, 1, 'https://pet-project-imgage.oss-cn-beijing.aliyuncs.com/pms/product/category/2-1-1.jpg', 16, '2020-10-19 09:12:22', '2022-10-23 15:18:47');

-- ----------------------------
-- Table structure for pms_product_category_attribute_rel
-- ----------------------------
DROP TABLE IF EXISTS `pms_product_category_attribute_rel`;
CREATE TABLE `pms_product_category_attribute_rel`  (
                                                       `id` bigint NOT NULL AUTO_INCREMENT,
                                                       `product_category_id` bigint NULL DEFAULT NULL COMMENT '商品分类ID(对应商品分类表主键ID)',
                                                       `product_attribute_id` bigint NULL DEFAULT NULL COMMENT '商品属性ID(对应商品属性表主键ID)',
                                                       `created_time` datetime NULL DEFAULT CURRENT_TIMESTAMP COMMENT '创建时间',
                                                       `updated_time` datetime NULL DEFAULT CURRENT_TIMESTAMP ON UPDATE CURRENT_TIMESTAMP COMMENT '修改时间',
                                                       PRIMARY KEY (`id`) USING BTREE
) ENGINE = InnoDB AUTO_INCREMENT = 34 CHARACTER SET = utf8 COLLATE = utf8_general_ci COMMENT = '商品分类和属性关联表' ROW_FORMAT = Dynamic;

-- ----------------------------
-- Records of pms_product_category_attribute_rel
-- ----------------------------
INSERT INTO `pms_product_category_attribute_rel` VALUES (1, 13, 1, '2020-08-21 09:18:28', '2020-08-21 09:20:28');
INSERT INTO `pms_product_category_attribute_rel` VALUES (2, 13, 2, '2020-08-21 09:18:32', '2020-08-21 09:20:29');
INSERT INTO `pms_product_category_attribute_rel` VALUES (3, 13, 3, '2020-08-21 09:18:37', '2020-08-21 09:20:30');
INSERT INTO `pms_product_category_attribute_rel` VALUES (4, 13, 4, '2020-08-21 09:18:38', '2020-08-21 09:20:32');
INSERT INTO `pms_product_category_attribute_rel` VALUES (5, 13, 5, '2020-08-21 09:18:40', '2020-08-21 09:20:33');
INSERT INTO `pms_product_category_attribute_rel` VALUES (27, 14, 1, '2020-08-25 02:00:58', '2020-08-25 02:00:58');
INSERT INTO `pms_product_category_attribute_rel` VALUES (28, 14, 2, '2020-08-25 02:01:04', '2020-08-25 02:01:04');
INSERT INTO `pms_product_category_attribute_rel` VALUES (29, 14, 3, '2020-08-25 02:01:26', '2020-08-25 02:01:26');
INSERT INTO `pms_product_category_attribute_rel` VALUES (31, 14, 5, '2020-08-25 02:01:37', '2020-08-25 02:01:37');
INSERT INTO `pms_product_category_attribute_rel` VALUES (32, 15, 1, '2020-08-25 02:01:48', '2020-08-25 02:01:48');
INSERT INTO `pms_product_category_attribute_rel` VALUES (33, 15, 4, '2020-08-25 02:01:58', '2020-08-25 02:01:58');

-- ----------------------------
-- Table structure for pms_product_category_brand_rel
-- ----------------------------
DROP TABLE IF EXISTS `pms_product_category_brand_rel`;
CREATE TABLE `pms_product_category_brand_rel`  (
                                                   `id` bigint NOT NULL AUTO_INCREMENT,
                                                   `product_category_id` bigint NULL DEFAULT NULL COMMENT '商品分类ID(对应商品分类表主键ID)',
                                                   `brand_id` bigint NULL DEFAULT NULL COMMENT '商品品牌ID(对应商品品牌表主键ID)',
                                                   `created_time` datetime NULL DEFAULT CURRENT_TIMESTAMP COMMENT '创建时间',
                                                   `updated_time` datetime NULL DEFAULT CURRENT_TIMESTAMP ON UPDATE CURRENT_TIMESTAMP COMMENT '修改时间',
                                                   PRIMARY KEY (`id`) USING BTREE
) ENGINE = InnoDB AUTO_INCREMENT = 1 CHARACTER SET = utf8 COLLATE = utf8_general_ci COMMENT = '商品分类和品牌关联表' ROW_FORMAT = Dynamic;

-- ----------------------------
-- Records of pms_product_category_brand_rel
-- ----------------------------

-- ----------------------------
-- Table structure for pms_product_detail_pic
-- ----------------------------
DROP TABLE IF EXISTS `pms_product_detail_pic`;
CREATE TABLE `pms_product_detail_pic`  (
                                           `id` bigint NOT NULL AUTO_INCREMENT,
                                           `spu_id` bigint NULL DEFAULT NULL COMMENT '商品spuID(对应商品spu表主键ID)',
                                           `pic_url` varchar(500) CHARACTER SET utf8 COLLATE utf8_general_ci NULL DEFAULT NULL COMMENT '图片URL',
                                           `sort` tinyint UNSIGNED NULL DEFAULT NULL COMMENT '排序',
                                           `created_time` datetime NULL DEFAULT CURRENT_TIMESTAMP COMMENT '创建时间',
                                           `updated_time` datetime NULL DEFAULT CURRENT_TIMESTAMP ON UPDATE CURRENT_TIMESTAMP COMMENT '修改时间',
                                           PRIMARY KEY (`id`) USING BTREE
) ENGINE = InnoDB AUTO_INCREMENT = 115 CHARACTER SET = utf8 COLLATE = utf8_general_ci COMMENT = '商品详情图片表' ROW_FORMAT = Dynamic;

-- ----------------------------
-- Records of pms_product_detail_pic
-- ----------------------------
INSERT INTO `pms_product_detail_pic` VALUES (1, 1, 'https://pet-project-imgage.oss-cn-beijing.aliyuncs.com/pms/product/detail/1.1.jpg', 1, '2020-10-16 09:47:22', '2022-10-23 15:19:35');
INSERT INTO `pms_product_detail_pic` VALUES (2, 1, 'https://pet-project-imgage.oss-cn-beijing.aliyuncs.com/pms/product/detail/1.2.jpg', 2, '2020-10-16 09:47:31', '2022-10-23 15:19:35');
INSERT INTO `pms_product_detail_pic` VALUES (3, 1, 'https://pet-project-imgage.oss-cn-beijing.aliyuncs.com/pms/product/detail/1.3.jpg', 3, '2020-10-16 09:47:33', '2022-10-23 15:19:35');
INSERT INTO `pms_product_detail_pic` VALUES (4, 1, 'https://pet-project-imgage.oss-cn-beijing.aliyuncs.com/pms/product/detail/1.4.jpg', 4, '2020-10-16 09:47:35', '2022-10-23 15:19:35');
INSERT INTO `pms_product_detail_pic` VALUES (5, 1, 'https://pet-project-imgage.oss-cn-beijing.aliyuncs.com/pms/product/detail/1.5.jpg', 5, '2020-10-16 09:47:37', '2022-10-23 15:19:35');
INSERT INTO `pms_product_detail_pic` VALUES (6, 1, 'https://pet-project-imgage.oss-cn-beijing.aliyuncs.com/pms/product/detail/1.6.jpg', 6, '2020-10-16 09:47:40', '2022-10-23 15:19:35');
INSERT INTO `pms_product_detail_pic` VALUES (7, 1, 'https://pet-project-imgage.oss-cn-beijing.aliyuncs.com/pms/product/detail/1.7.jpg', 7, '2020-10-16 09:47:53', '2022-10-23 15:19:35');
INSERT INTO `pms_product_detail_pic` VALUES (8, 2, 'https://pet-project-imgage.oss-cn-beijing.aliyuncs.com/pms/product/detail/2.1.jpg', 1, '2020-10-16 09:47:22', '2022-10-23 15:19:35');
INSERT INTO `pms_product_detail_pic` VALUES (60, 2, 'https://pet-project-imgage.oss-cn-beijing.aliyuncs.com/pms/product/detail/2.2.jpg', 2, '2020-10-16 14:52:05', '2022-10-23 15:19:35');
INSERT INTO `pms_product_detail_pic` VALUES (61, 2, 'https://pet-project-imgage.oss-cn-beijing.aliyuncs.com/pms/product/detail/2.3.jpg', 3, '2020-10-16 14:52:05', '2022-10-23 15:19:35');
INSERT INTO `pms_product_detail_pic` VALUES (62, 2, 'https://pet-project-imgage.oss-cn-beijing.aliyuncs.com/pms/product/detail/2.4.jpg', 4, '2020-10-16 14:52:05', '2022-10-23 15:19:35');
INSERT INTO `pms_product_detail_pic` VALUES (63, 2, 'https://pet-project-imgage.oss-cn-beijing.aliyuncs.com/pms/product/detail/2.5.jpg', 5, '2020-10-16 14:52:05', '2022-10-23 15:19:35');
INSERT INTO `pms_product_detail_pic` VALUES (64, 2, 'https://pet-project-imgage.oss-cn-beijing.aliyuncs.com/pms/product/detail/2.6.jpg', 6, '2020-10-16 14:52:05', '2022-10-23 15:19:35');
INSERT INTO `pms_product_detail_pic` VALUES (65, 2, 'https://pet-project-imgage.oss-cn-beijing.aliyuncs.com/pms/product/detail/2.7.jpg', 7, '2020-10-16 14:52:05', '2022-10-23 15:19:35');
INSERT INTO `pms_product_detail_pic` VALUES (66, 2, 'https://pet-project-imgage.oss-cn-beijing.aliyuncs.com/pms/product/detail/2.8.jpg', 8, '2020-10-16 14:52:05', '2022-10-23 15:19:35');
INSERT INTO `pms_product_detail_pic` VALUES (67, 2, 'https://pet-project-imgage.oss-cn-beijing.aliyuncs.com/pms/product/detail/2.9.jpg', 9, '2020-10-16 14:52:05', '2022-10-23 15:19:35');
INSERT INTO `pms_product_detail_pic` VALUES (68, 2, 'https://pet-project-imgage.oss-cn-beijing.aliyuncs.com/pms/product/detail/2.10.jpg', 10, '2020-10-16 14:52:05', '2022-10-23 15:19:35');
INSERT INTO `pms_product_detail_pic` VALUES (69, 2, 'https://pet-project-imgage.oss-cn-beijing.aliyuncs.com/pms/product/detail/2.11.jpg', 11, '2020-10-16 14:52:05', '2022-10-23 15:19:35');
INSERT INTO `pms_product_detail_pic` VALUES (70, 2, 'https://pet-project-imgage.oss-cn-beijing.aliyuncs.com/pms/product/detail/2.12.jpg', 12, '2020-10-16 14:53:13', '2022-10-23 15:19:35');
INSERT INTO `pms_product_detail_pic` VALUES (71, 2, 'https://pet-project-imgage.oss-cn-beijing.aliyuncs.com/pms/product/detail/2.13.jpg', 13, '2020-10-16 14:53:13', '2022-10-23 15:19:35');
INSERT INTO `pms_product_detail_pic` VALUES (72, 2, 'https://pet-project-imgage.oss-cn-beijing.aliyuncs.com/pms/product/detail/2.14.jpg', 14, '2020-10-16 14:53:14', '2022-10-23 15:19:35');
INSERT INTO `pms_product_detail_pic` VALUES (73, 2, 'https://pet-project-imgage.oss-cn-beijing.aliyuncs.com/pms/product/detail/2.15.jpg', 15, '2020-10-16 14:53:14', '2022-10-23 15:19:35');
INSERT INTO `pms_product_detail_pic` VALUES (74, 2, 'https://pet-project-imgage.oss-cn-beijing.aliyuncs.com/pms/product/detail/2.16.jpg', 16, '2020-10-16 14:53:14', '2022-10-23 15:19:35');
INSERT INTO `pms_product_detail_pic` VALUES (75, 2, 'https://pet-project-imgage.oss-cn-beijing.aliyuncs.com/pms/product/detail/2.17.jpg', 17, '2020-10-16 14:53:14', '2022-10-23 15:19:35');
INSERT INTO `pms_product_detail_pic` VALUES (76, 2, 'https://pet-project-imgage.oss-cn-beijing.aliyuncs.com/pms/product/detail/2.18.jpg', 18, '2020-10-16 14:53:14', '2022-10-23 15:19:35');
INSERT INTO `pms_product_detail_pic` VALUES (77, 2, 'https://pet-project-imgage.oss-cn-beijing.aliyuncs.com/pms/product/detail/2.19.jpg', 19, '2020-10-16 14:53:14', '2022-10-23 15:19:35');
INSERT INTO `pms_product_detail_pic` VALUES (78, 2, 'https://pet-project-imgage.oss-cn-beijing.aliyuncs.com/pms/product/detail/2.20.jpg', 20, '2020-10-16 14:53:14', '2022-10-23 15:19:35');
INSERT INTO `pms_product_detail_pic` VALUES (79, 3, 'https://pet-project-imgage.oss-cn-beijing.aliyuncs.com/pms/product/detail/3.1.jpg', 1, '2020-10-16 14:57:09', '2022-10-23 15:19:35');
INSERT INTO `pms_product_detail_pic` VALUES (80, 3, 'https://pet-project-imgage.oss-cn-beijing.aliyuncs.com/pms/product/detail/3.2.jpg', 2, '2020-10-16 14:57:09', '2022-10-23 15:19:35');
INSERT INTO `pms_product_detail_pic` VALUES (81, 3, 'https://pet-project-imgage.oss-cn-beijing.aliyuncs.com/pms/product/detail/3.3.jpg', 3, '2020-10-16 14:57:09', '2022-10-23 15:19:35');
INSERT INTO `pms_product_detail_pic` VALUES (82, 3, 'https://pet-project-imgage.oss-cn-beijing.aliyuncs.com/pms/product/detail/3.4.jpg', 4, '2020-10-16 14:57:09', '2022-10-23 15:19:35');
INSERT INTO `pms_product_detail_pic` VALUES (83, 3, 'https://pet-project-imgage.oss-cn-beijing.aliyuncs.com/pms/product/detail/3.5.jpg', 5, '2020-10-16 14:57:09', '2022-10-23 15:19:35');
INSERT INTO `pms_product_detail_pic` VALUES (84, 3, 'https://pet-project-imgage.oss-cn-beijing.aliyuncs.com/pms/product/detail/3.6.jpg', 6, '2020-10-16 14:57:09', '2022-10-23 15:19:35');
INSERT INTO `pms_product_detail_pic` VALUES (85, 3, 'https://pet-project-imgage.oss-cn-beijing.aliyuncs.com/pms/product/detail/3.7.jpg', 7, '2020-10-16 14:57:09', '2022-10-23 15:19:35');
INSERT INTO `pms_product_detail_pic` VALUES (86, 4, 'https://pet-project-imgage.oss-cn-beijing.aliyuncs.com/pms/product/detail/4.1.jpg', 1, '2020-10-16 15:06:11', '2022-10-23 15:19:35');
INSERT INTO `pms_product_detail_pic` VALUES (87, 4, 'https://pet-project-imgage.oss-cn-beijing.aliyuncs.com/pms/product/detail/4.2.jpg', 2, '2020-10-16 15:06:11', '2022-10-23 15:19:35');
INSERT INTO `pms_product_detail_pic` VALUES (88, 5, 'https://pet-project-imgage.oss-cn-beijing.aliyuncs.com/pms/product/detail/5.1.jpg', 1, '2020-10-16 15:21:52', '2022-10-23 15:19:35');
INSERT INTO `pms_product_detail_pic` VALUES (89, 5, 'https://pet-project-imgage.oss-cn-beijing.aliyuncs.com/pms/product/detail/5.2.jpg', 2, '2020-10-16 15:21:52', '2022-10-23 15:19:35');
INSERT INTO `pms_product_detail_pic` VALUES (90, 6, 'https://pet-project-imgage.oss-cn-beijing.aliyuncs.com/pms/product/detail/6.1.jpg', 1, '2020-10-19 16:08:33', '2022-10-23 15:19:35');
INSERT INTO `pms_product_detail_pic` VALUES (91, 6, 'https://pet-project-imgage.oss-cn-beijing.aliyuncs.com/pms/product/detail/6.2.jpg', 2, '2020-10-19 16:08:33', '2022-10-23 15:19:35');
INSERT INTO `pms_product_detail_pic` VALUES (92, 6, 'https://pet-project-imgage.oss-cn-beijing.aliyuncs.com/pms/product/detail/6.3.jpg', 3, '2020-10-19 16:08:33', '2022-10-23 15:19:35');
INSERT INTO `pms_product_detail_pic` VALUES (93, 6, 'https://pet-project-imgage.oss-cn-beijing.aliyuncs.com/pms/product/detail/6.4.jpg', 4, '2020-10-19 16:08:33', '2022-10-23 15:19:35');
INSERT INTO `pms_product_detail_pic` VALUES (94, 7, 'https://pet-project-imgage.oss-cn-beijing.aliyuncs.com/pms/product/detail/7.1.jpg', 1, '2020-10-19 16:53:46', '2022-10-23 15:19:35');
INSERT INTO `pms_product_detail_pic` VALUES (95, 7, 'https://pet-project-imgage.oss-cn-beijing.aliyuncs.com/pms/product/detail/7.2.jpg', 2, '2020-10-19 16:53:46', '2022-10-23 15:19:35');
INSERT INTO `pms_product_detail_pic` VALUES (96, 7, 'https://pet-project-imgage.oss-cn-beijing.aliyuncs.com/pms/product/detail/7.3.jpg', 3, '2020-10-19 16:53:46', '2022-10-23 15:19:35');
INSERT INTO `pms_product_detail_pic` VALUES (97, 7, 'https://pet-project-imgage.oss-cn-beijing.aliyuncs.com/pms/product/detail/7.4.jpg', 4, '2020-10-19 16:53:46', '2022-10-23 15:19:35');
INSERT INTO `pms_product_detail_pic` VALUES (98, 7, 'https://pet-project-imgage.oss-cn-beijing.aliyuncs.com/pms/product/detail/7.5.jpg', 5, '2020-10-19 16:53:46', '2022-10-23 15:19:35');
INSERT INTO `pms_product_detail_pic` VALUES (99, 7, 'https://pet-project-imgage.oss-cn-beijing.aliyuncs.com/pms/product/detail/7.6.jpg', 6, '2020-10-19 16:53:46', '2022-10-23 15:19:35');
INSERT INTO `pms_product_detail_pic` VALUES (100, 8, 'https://pet-project-imgage.oss-cn-beijing.aliyuncs.com/pms/product/detail/8.1.jpg', 1, '2020-10-26 15:56:06', '2022-10-23 15:19:35');
INSERT INTO `pms_product_detail_pic` VALUES (101, 8, 'https://pet-project-imgage.oss-cn-beijing.aliyuncs.com/pms/product/detail/8.2.jpg', 2, '2020-10-26 15:56:06', '2022-10-23 15:19:35');
INSERT INTO `pms_product_detail_pic` VALUES (102, 8, 'https://pet-project-imgage.oss-cn-beijing.aliyuncs.com/pms/product/detail/8.3.jpg', 3, '2020-10-26 15:56:06', '2022-10-23 15:19:35');
INSERT INTO `pms_product_detail_pic` VALUES (103, 9, 'https://pet-project-imgage.oss-cn-beijing.aliyuncs.com/pms/product/detail/9.1.jpg', 1, '2020-10-26 16:02:42', '2022-10-23 15:19:35');
INSERT INTO `pms_product_detail_pic` VALUES (104, 9, 'https://pet-project-imgage.oss-cn-beijing.aliyuncs.com/pms/product/detail/9.2.jpg', 2, '2020-10-26 16:02:42', '2022-10-23 15:19:35');
INSERT INTO `pms_product_detail_pic` VALUES (105, 9, 'https://pet-project-imgage.oss-cn-beijing.aliyuncs.com/pms/product/detail/9.3.jpg', 3, '2020-10-26 16:02:42', '2022-10-23 15:19:35');
INSERT INTO `pms_product_detail_pic` VALUES (106, 10, 'https://pet-project-imgage.oss-cn-beijing.aliyuncs.com/pms/product/detail/10.1.jpg', 1, '2020-10-26 16:08:50', '2022-10-23 15:19:35');
INSERT INTO `pms_product_detail_pic` VALUES (107, 10, 'https://pet-project-imgage.oss-cn-beijing.aliyuncs.com/pms/product/detail/10.2.jpg', 2, '2020-10-26 16:08:50', '2022-10-23 15:19:35');
INSERT INTO `pms_product_detail_pic` VALUES (108, 10, 'https://pet-project-imgage.oss-cn-beijing.aliyuncs.com/pms/product/detail/10.3.jpg', 3, '2020-10-26 16:08:50', '2022-10-23 15:19:35');
INSERT INTO `pms_product_detail_pic` VALUES (109, 11, 'https://pet-project-imgage.oss-cn-beijing.aliyuncs.com/pms/product/detail/11.1.jpg', 1, '2020-10-26 16:14:04', '2022-10-23 15:19:35');
INSERT INTO `pms_product_detail_pic` VALUES (110, 11, 'https://pet-project-imgage.oss-cn-beijing.aliyuncs.com/pms/product/detail/11.2.jpg', 2, '2020-10-26 16:14:04', '2022-10-23 15:19:35');
INSERT INTO `pms_product_detail_pic` VALUES (111, 11, 'https://pet-project-imgage.oss-cn-beijing.aliyuncs.com/pms/product/detail/11.3.jpg', 3, '2020-10-26 16:14:04', '2022-10-23 15:19:35');
INSERT INTO `pms_product_detail_pic` VALUES (112, 12, 'https://pet-project-imgage.oss-cn-beijing.aliyuncs.com/pms/product/detail/12.1.jpg', 1, '2020-10-26 16:20:02', '2022-10-23 15:19:35');
INSERT INTO `pms_product_detail_pic` VALUES (113, 12, 'https://pet-project-imgage.oss-cn-beijing.aliyuncs.com/pms/product/detail/12.2.jpg', 2, '2020-10-26 16:20:02', '2022-10-23 15:19:35');
INSERT INTO `pms_product_detail_pic` VALUES (114, 12, 'https://pet-project-imgage.oss-cn-beijing.aliyuncs.com/pms/product/detail/12.3.jpg', 3, '2020-10-26 16:20:02', '2022-10-23 15:19:35');

-- ----------------------------
-- Table structure for pms_seckill_sku
-- ----------------------------
DROP TABLE IF EXISTS `pms_seckill_sku`;
CREATE TABLE `pms_seckill_sku`  (
                                    `id` bigint NOT NULL AUTO_INCREMENT COMMENT '主键',
                                    `title` varchar(256) CHARACTER SET utf8 COLLATE utf8_general_ci NOT NULL COMMENT '商品标题',
                                    `price` decimal(10, 2) NULL DEFAULT NULL COMMENT '价格',
                                    `stock` int UNSIGNED NULL DEFAULT 0 COMMENT '库存',
                                    `sale` int NULL DEFAULT 0 COMMENT '销量',
                                    `specification` varchar(255) CHARACTER SET utf8 COLLATE utf8_general_ci NULL DEFAULT NULL COMMENT '规格',
                                    `pic_url` varchar(255) CHARACTER SET utf8 COLLATE utf8_general_ci NULL DEFAULT NULL COMMENT '图片路径',
                                    `version` bigint NULL DEFAULT 0,
                                    PRIMARY KEY (`id`) USING BTREE
) ENGINE = InnoDB AUTO_INCREMENT = 2 CHARACTER SET = utf8 COLLATE = utf8_general_ci COMMENT = '商品sku表' ROW_FORMAT = Dynamic;

-- ----------------------------
-- Records of pms_seckill_sku
-- ----------------------------
INSERT INTO `pms_seckill_sku` VALUES (2, '华为HUAWEI MateStation S 12代酷睿版商务台式机电脑整机(i7-12700/16G/256GSSD+1THDD集显 WIN11)23.8英寸', 6148.00, 383, 17, '12代酷睿主机+23.8英寸悦影版', 'https://richarli.oss-cn-beijing.aliyuncs.com/images/ef136e61f7f8161c.jpg', 223);
INSERT INTO `pms_seckill_sku` VALUES (3, ' Apple 苹果 iPhone 14ProMax 5G手机 暗紫色 256G【搭配90天碎屏保】', 10489.00, 100, 0, '256G【搭配90天碎屏保】', 'https://richarli.oss-cn-beijing.aliyuncs.com/images/20221112170853.png', 0);
INSERT INTO `pms_seckill_sku` VALUES (4, 'AppleMacBookAir【教育优惠】13.3 8核M1芯片(7核图形处理器) 8G 256G SSD 深空灰 笔记本电脑 MGN63CH/A', 7199.00, 200, 0, '13.3英寸 M1芯片 8+7核 8G+256G', 'https://richarli.oss-cn-beijing.aliyuncs.com/images/20221112170933.png', 0);
INSERT INTO `pms_seckill_sku` VALUES (5, 'Apple Watch SE 2022款智能手表GPS款44毫米午夜色铝金属表壳午夜色运动型表带 MNK03CH/A', 2199.00, 200, 0, '午夜色GPS款44毫米', 'https://richarli.oss-cn-beijing.aliyuncs.com/images/20221112170816.png', 0);
INSERT INTO `pms_seckill_sku` VALUES (6, 'Apple iPad Pro 11英寸平板电脑 2022年款(128G WLAN版/M2芯片Liquid视网膜屏MNXE3CH/A) 银色', 6799.00, 100, 0, 'WLAN版128G', 'https://richarli.oss-cn-beijing.aliyuncs.com/images/20221112171030.png', 0);

-- ----------------------------
-- Table structure for pms_sku
-- ----------------------------
DROP TABLE IF EXISTS `pms_sku`;
CREATE TABLE `pms_sku`  (
                            `id` bigint NOT NULL AUTO_INCREMENT,
                            `spu_id` bigint NULL DEFAULT NULL COMMENT '商品spuID(对应商品spu表主键ID)',
                            `title` varchar(256) CHARACTER SET utf8 COLLATE utf8_general_ci NOT NULL COMMENT '商品标题',
                            `price` decimal(10, 2) NULL DEFAULT NULL COMMENT '价格',
                            `unit` varchar(16) CHARACTER SET utf8 COLLATE utf8_general_ci NULL DEFAULT NULL COMMENT '商品单位',
                            `stock` int UNSIGNED NOT NULL DEFAULT 0,
                            `sale` int NULL DEFAULT NULL COMMENT '销量',
                            `indexes` varchar(32) CHARACTER SET utf8 COLLATE utf8_general_ci NULL DEFAULT '' COMMENT 'spu中商品规格的对应下标组合',
                            `product_sku_specification` varchar(500) CHARACTER SET utf8 COLLATE utf8_general_ci NULL DEFAULT NULL COMMENT '商品sku规格(json格式，反序列化时请使用linkedHashMap，保证有序)',
                            `is_default` tinyint UNSIGNED NULL DEFAULT NULL COMMENT '默认规格：0->不是；1->是',
                            `valid` tinyint(1) NOT NULL DEFAULT 1 COMMENT '是否有效，0->无效；1->有效',
                            `version` bigint NULL DEFAULT NULL COMMENT '版本控制',
                            `created_time` datetime NULL DEFAULT CURRENT_TIMESTAMP COMMENT '创建时间',
                            `updated_time` datetime NULL DEFAULT CURRENT_TIMESTAMP ON UPDATE CURRENT_TIMESTAMP COMMENT '修改时间',
                            PRIMARY KEY (`id`) USING BTREE,
                            INDEX `idx_title_sale_price_default`(`title`, `price`, `sale`, `is_default`, `id`, `spu_id`) USING BTREE
) ENGINE = InnoDB AUTO_INCREMENT = 1000026 CHARACTER SET = utf8 COLLATE = utf8_general_ci COMMENT = '商品sku表' ROW_FORMAT = Dynamic;

-- ----------------------------
-- Records of pms_sku
-- ----------------------------
INSERT INTO `pms_sku` VALUES (1000001, 1, '加拿大原装进口百加世NOW FRESH 无谷小型犬全龄配方粮 6磅', 0.01, '袋', 36, 2008, '', '{\"规格\":\"6磅\"}', 1, 1, NULL, '2020-09-03 06:43:53', '2022-11-11 17:49:23');
INSERT INTO `pms_sku` VALUES (1000002, 1, '加拿大原装进口 百加世NOW FRESH 无谷小型犬全龄配方粮 12磅', 479.00, '袋', 37, 2000, '', '{\"规格\":\"12磅\"}', 0, 1, NULL, '2020-09-03 06:43:53', '2022-11-10 19:04:05');
INSERT INTO `pms_sku` VALUES (1000003, 1, '加拿大原装进口 百加世NOW FRESH 无谷小型犬全龄配方粮 25磅', 859.00, '袋', 500, 5000, '', '{\"规格\":\"25磅\"}', 0, 1, NULL, '2020-09-03 06:43:53', '2020-10-19 13:53:29');
INSERT INTO `pms_sku` VALUES (1000004, 2, '伊丽Elite S号哈皮骨头造型清爽冰垫 适合6-10斤体重', 17.50, '个', 95, 104, '', '{\"规格\":\"S|哈皮骨头\"}', 1, 1, NULL, '2020-09-03 06:43:53', '2022-11-10 18:47:25');
INSERT INTO `pms_sku` VALUES (1000005, 2, '伊丽Elite S号围巾猫咪造型清爽冰垫 适合6-10斤体重', 19.90, '个', 100, 100, '', '{\"规格\":\"S|围巾猫咪\"}', 0, 1, NULL, '2020-09-03 06:43:53', '2020-11-06 14:27:50');
INSERT INTO `pms_sku` VALUES (1000006, 2, '伊丽Elite S号小鱼肥猫造型清爽冰垫 适合6-10斤体重', 35.00, '个', 100, 50, '', '{\"规格\":\"S|小鱼肥猫\"}', 0, 1, NULL, '2020-09-03 06:43:53', '2020-09-29 17:36:08');
INSERT INTO `pms_sku` VALUES (1000007, 2, '伊丽Elite L号哈皮骨头造型清爽冰垫 适合11-16斤体重', 22.90, '个', 100, 100, '', '{\"规格\":\"L|哈皮骨头\"}', 0, 1, NULL, '2020-09-03 06:43:53', '2020-09-27 17:21:50');
INSERT INTO `pms_sku` VALUES (1000008, 2, '伊丽Elite L号小鱼肥猫造型清爽冰垫 适合11-16斤体重', 22.90, '个', 0, 200, '', '{\"规格\":\"L|小鱼肥猫\"}', 0, 1, NULL, '2020-09-03 06:43:53', '2020-10-22 16:52:12');
INSERT INTO `pms_sku` VALUES (1000009, 3, '加拿大原装进口纽顿 无谷低升糖系列 去骨鳟鱼&三文鱼小型全犬粮 1.82kg', 198.00, '袋', 95, 0, '', '{\"规格\":\"1.82kg\"}', 1, 1, NULL, '2020-10-16 08:49:09', '2022-11-11 17:49:23');
INSERT INTO `pms_sku` VALUES (1000010, 3, '加拿大原装进口纽顿 无谷低升糖系列 去骨鳟鱼&三文鱼小型全犬粮 6kg', 378.00, '袋', 1000, 0, '', '{\"规格\":\"6kg\"}', 0, 1, NULL, '2020-10-16 08:49:09', '2022-11-02 11:37:53');
INSERT INTO `pms_sku` VALUES (1000011, 4, '加拿大原装进口 爱肯拿Acana 无谷深海鱼配方全犬粮 2kg', 225.00, '袋', 665, 50, '', '{\"规格\":\"2kg\"}', 1, 1, NULL, '2020-10-16 09:26:52', '2022-11-10 19:11:09');
INSERT INTO `pms_sku` VALUES (1000012, 4, '加拿大原装进口 爱肯拿Acana 无谷深海鱼配方全犬粮 6kg', 540.00, '袋', 99, 50, '', '{\"规格\":\"6kg\"}', 0, 1, NULL, '2020-10-16 09:27:26', '2020-10-16 09:28:03');
INSERT INTO `pms_sku` VALUES (1000013, 4, '加拿大原装进口 爱肯拿Acana 无谷深海鱼配方全犬粮 11.4kg', 900.00, '袋', 0, 0, '', '{\"规格\":\"11.4kg\"}', 0, 1, NULL, '2020-10-16 09:27:53', '2020-10-16 09:28:42');
INSERT INTO `pms_sku` VALUES (1000014, 5, '伯纳天纯 低敏无谷中大型犬成犬粮 4kg', 199.00, '袋', 99994, 22005, '', '{\"规格\":\"4kg\"}', 1, 1, NULL, '2020-10-16 15:12:47', '2022-11-08 17:24:03');
INSERT INTO `pms_sku` VALUES (1000015, 5, '伯纳天纯 低敏无谷中大型犬成犬粮 10kg', 319.00, '袋', 500, 950, '', '{\"规格\":\"10kg\"}', 0, 1, NULL, '2020-10-16 15:12:57', '2020-11-06 14:05:46');
INSERT INTO `pms_sku` VALUES (1000016, 5, '伯纳天纯 低敏无谷中大型犬成犬粮 15kg', 389.00, '袋', 500, 0, '', '{\"规格\":\"15kg\"}', 0, 1, NULL, '2020-10-16 15:13:14', '2020-11-06 13:13:15');
INSERT INTO `pms_sku` VALUES (1000017, 6, '美国原装进口 Instinct生鲜本能 无谷系列 鸡肉配方全犬粮 22.5磅(10.2kg)', 709.00, '袋', 100, 6, '', '{\"规格\":\"22.5磅\"}', 1, 1, NULL, '2020-10-19 16:00:06', '2020-11-05 11:02:54');
INSERT INTO `pms_sku` VALUES (1000018, 7, '加拿大原装进口 原始猎食渴望 无谷配方 成犬粮 2kg', 240.00, '袋', 1500, 500, '', '{\"规格\":\"2kg\"}', 1, 1, NULL, '2020-10-19 16:14:13', '2020-11-05 11:05:22');
INSERT INTO `pms_sku` VALUES (1000019, 7, '加拿大原装进口 原始猎食渴望 无谷配方 成犬粮 6kg', 600.00, '袋', 964, 964, '', '{\"规格\":\"6kg\"}', 0, 1, NULL, '2020-10-19 16:14:30', '2020-10-19 16:15:44');
INSERT INTO `pms_sku` VALUES (1000020, 7, '加拿大原装进口 原始猎食渴望 无谷配方 成犬粮 11.4kg', 975.00, '袋', 500, 500, '', '{\"规格\":\"11.4kg\"}', 0, 1, NULL, '2020-10-19 16:14:43', '2020-10-19 16:15:46');
INSERT INTO `pms_sku` VALUES (1000021, 8, '海尔仕 香酥牛肉味全犬种成犬粮 10kg', 109.00, '袋', 100, 2432, '', '{\"规格\":\"10kg\"}', 1, 1, NULL, '2020-10-26 15:49:19', '2020-11-06 13:14:35');
INSERT INTO `pms_sku` VALUES (1000022, 9, '皇家royal canin MIS30小型犬奶糕/怀孕母犬/哺乳母犬1kg', 79.00, '袋', 662, 1086, '', '{\"规格\":\"1kg\"}', 1, 1, NULL, '2020-10-26 15:59:53', '2022-05-26 18:42:51');
INSERT INTO `pms_sku` VALUES (1000023, 10, '海洋之星 三文鱼配方 成犬粮 小颗粒 6kg', 409.00, '袋', 0, 810, '', '{\"规格\":\"6kg\"}', 1, 1, NULL, '2020-10-26 16:05:32', '2022-11-08 17:24:03');
INSERT INTO `pms_sku` VALUES (1000024, 11, '醇粹Purich 经典系列 全价大型幼犬粮 15kg', 319.00, '袋', 111, 216, '', '{\"规格\":\"15kg\"}', 1, 1, NULL, '2020-10-26 16:11:28', '2020-10-26 16:11:51');
INSERT INTO `pms_sku` VALUES (1000025, 12, '蓝氏LegendSandy 牛肉海洋鱼全犬粮 9磅(4.08kg)', 135.00, '袋', 1, 2562, '', '{\"规格\":\"9磅\"}', 1, 1, NULL, '2020-10-26 16:19:37', '2022-06-01 16:09:11');

-- ----------------------------
-- Table structure for pms_sku_pic
-- ----------------------------
DROP TABLE IF EXISTS `pms_sku_pic`;
CREATE TABLE `pms_sku_pic`  (
                                `id` bigint NOT NULL AUTO_INCREMENT,
                                `sku_id` bigint NULL DEFAULT NULL COMMENT '商品skuID(对应商品sku表主键ID)',
                                `pic_url` varchar(500) CHARACTER SET utf8 COLLATE utf8_general_ci NULL DEFAULT NULL COMMENT '图片URL',
                                `is_default` tinyint UNSIGNED NULL DEFAULT NULL COMMENT '默认展示：0->否；1->是',
                                `created_time` datetime NULL DEFAULT CURRENT_TIMESTAMP COMMENT '创建时间',
                                `updated_time` datetime NULL DEFAULT CURRENT_TIMESTAMP ON UPDATE CURRENT_TIMESTAMP COMMENT '修改时间',
                                PRIMARY KEY (`id`) USING BTREE,
                                INDEX `idx_sku_id`(`sku_id`) USING BTREE
) ENGINE = InnoDB AUTO_INCREMENT = 86 CHARACTER SET = utf8 COLLATE = utf8_general_ci COMMENT = '商品sku图片表' ROW_FORMAT = Dynamic;

-- ----------------------------
-- Records of pms_sku_pic
-- ----------------------------
INSERT INTO `pms_sku_pic` VALUES (1, 1000001, 'https://pet-project-imgage.oss-cn-beijing.aliyuncs.com/pms/product/sku/1-1-1.jpg', 1, '2020-09-04 07:02:10', '2022-10-23 15:17:17');
INSERT INTO `pms_sku_pic` VALUES (2, 1000002, 'https://pet-project-imgage.oss-cn-beijing.aliyuncs.com/pms/product/sku/1-2-1.jpg', 1, '2020-09-04 07:02:47', '2022-10-23 15:17:17');
INSERT INTO `pms_sku_pic` VALUES (3, 1000002, 'https://pet-project-imgage.oss-cn-beijing.aliyuncs.com/pms/product/sku/1-2-2.jpg', 0, '2020-09-04 07:02:53', '2022-10-23 15:17:17');
INSERT INTO `pms_sku_pic` VALUES (4, 1000003, 'https://pet-project-imgage.oss-cn-beijing.aliyuncs.com/pms/product/sku/1-3-1.jpg', 1, '2020-09-04 07:02:58', '2022-10-23 15:17:17');
INSERT INTO `pms_sku_pic` VALUES (5, 1000004, 'https://pet-project-imgage.oss-cn-beijing.aliyuncs.com/pms/product/sku/2-1-1.jpg', 1, '2020-09-04 07:03:04', '2022-10-23 15:17:17');
INSERT INTO `pms_sku_pic` VALUES (6, 1000004, 'https://pet-project-imgage.oss-cn-beijing.aliyuncs.com/pms/product/sku/2-1-2.jpg', 0, '2020-09-04 07:03:08', '2022-10-23 15:17:17');
INSERT INTO `pms_sku_pic` VALUES (7, 1000004, 'https://pet-project-imgage.oss-cn-beijing.aliyuncs.com/pms/product/sku/2-1-3.jpg', 0, '2020-09-04 07:03:11', '2022-10-23 15:17:17');
INSERT INTO `pms_sku_pic` VALUES (9, 1000001, 'https://pet-project-imgage.oss-cn-beijing.aliyuncs.com/pms/product/sku/1-1-2.jpg', 0, '2020-10-15 16:40:17', '2022-10-23 15:17:17');
INSERT INTO `pms_sku_pic` VALUES (10, 1000001, 'https://pet-project-imgage.oss-cn-beijing.aliyuncs.com/pms/product/sku/1-1-3.jpg', 0, '2020-10-15 16:40:28', '2022-10-23 15:17:17');
INSERT INTO `pms_sku_pic` VALUES (11, 1000001, 'https://pet-project-imgage.oss-cn-beijing.aliyuncs.com/pms/product/sku/1-1-4.jpg', 0, '2020-10-15 16:40:29', '2022-10-23 15:17:17');
INSERT INTO `pms_sku_pic` VALUES (12, 1000002, 'https://pet-project-imgage.oss-cn-beijing.aliyuncs.com/pms/product/sku/1-2-3.jpg', 0, '2020-10-15 16:41:32', '2022-10-23 15:17:17');
INSERT INTO `pms_sku_pic` VALUES (13, 1000002, 'https://pet-project-imgage.oss-cn-beijing.aliyuncs.com/pms/product/sku/1-2-4.jpg', 0, '2020-10-15 16:41:33', '2022-10-23 15:17:17');
INSERT INTO `pms_sku_pic` VALUES (14, 1000003, 'https://pet-project-imgage.oss-cn-beijing.aliyuncs.com/pms/product/sku/1-3-2.jpg', 0, '2020-10-15 16:42:53', '2022-10-23 15:17:17');
INSERT INTO `pms_sku_pic` VALUES (15, 1000003, 'https://pet-project-imgage.oss-cn-beijing.aliyuncs.com/pms/product/sku/1-3-3.jpg', 0, '2020-10-15 16:42:54', '2022-10-23 15:17:17');
INSERT INTO `pms_sku_pic` VALUES (16, 1000003, 'https://pet-project-imgage.oss-cn-beijing.aliyuncs.com/pms/product/sku/1-3-4.jpg', 0, '2020-10-15 16:42:55', '2022-10-23 15:17:17');
INSERT INTO `pms_sku_pic` VALUES (17, 1000004, 'https://pet-project-imgage.oss-cn-beijing.aliyuncs.com/pms/product/sku/2-1-4.jpg', 0, '2020-10-15 16:53:56', '2022-10-23 15:17:17');
INSERT INTO `pms_sku_pic` VALUES (18, 1000005, 'https://pet-project-imgage.oss-cn-beijing.aliyuncs.com/pms/product/sku/2-2-1.jpg', 1, '2020-10-15 16:55:06', '2022-10-23 15:17:17');
INSERT INTO `pms_sku_pic` VALUES (19, 1000005, 'https://pet-project-imgage.oss-cn-beijing.aliyuncs.com/pms/product/sku/2-2-2.jpg', 0, '2020-10-15 16:55:06', '2022-10-23 15:17:17');
INSERT INTO `pms_sku_pic` VALUES (20, 1000005, 'https://pet-project-imgage.oss-cn-beijing.aliyuncs.com/pms/product/sku/2-2-3.jpg', 0, '2020-10-15 16:55:06', '2022-10-23 15:17:17');
INSERT INTO `pms_sku_pic` VALUES (21, 1000005, 'https://pet-project-imgage.oss-cn-beijing.aliyuncs.com/pms/product/sku/2-2-4.jpg', 0, '2020-10-15 16:55:06', '2022-10-23 15:17:17');
INSERT INTO `pms_sku_pic` VALUES (22, 1000006, 'https://pet-project-imgage.oss-cn-beijing.aliyuncs.com/pms/product/sku/2-3-1.jpg', 1, '2020-10-15 16:56:05', '2022-10-23 15:17:17');
INSERT INTO `pms_sku_pic` VALUES (23, 1000006, 'https://pet-project-imgage.oss-cn-beijing.aliyuncs.com/pms/product/sku/2-3-2.jpg', 0, '2020-10-15 16:56:06', '2022-10-23 15:17:17');
INSERT INTO `pms_sku_pic` VALUES (24, 1000006, 'https://pet-project-imgage.oss-cn-beijing.aliyuncs.com/pms/product/sku/2-3-3.jpg', 0, '2020-10-15 16:56:06', '2022-10-23 15:17:17');
INSERT INTO `pms_sku_pic` VALUES (25, 1000006, 'https://pet-project-imgage.oss-cn-beijing.aliyuncs.com/pms/product/sku/2-3-4.jpg', 0, '2020-10-15 16:56:06', '2022-10-23 15:17:17');
INSERT INTO `pms_sku_pic` VALUES (26, 1000007, 'https://pet-project-imgage.oss-cn-beijing.aliyuncs.com/pms/product/sku/2-4-1.jpg', 1, '2020-10-15 16:56:41', '2022-10-23 15:17:17');
INSERT INTO `pms_sku_pic` VALUES (27, 1000007, 'https://pet-project-imgage.oss-cn-beijing.aliyuncs.com/pms/product/sku/2-4-2.jpg', 0, '2020-10-15 16:56:41', '2022-10-23 15:17:17');
INSERT INTO `pms_sku_pic` VALUES (28, 1000007, 'https://pet-project-imgage.oss-cn-beijing.aliyuncs.com/pms/product/sku/2-4-3.jpg', 0, '2020-10-15 16:56:41', '2022-10-23 15:17:17');
INSERT INTO `pms_sku_pic` VALUES (29, 1000007, 'https://pet-project-imgage.oss-cn-beijing.aliyuncs.com/pms/product/sku/2-4-4.jpg', 0, '2020-10-15 16:56:42', '2022-10-23 15:17:17');
INSERT INTO `pms_sku_pic` VALUES (30, 1000008, 'https://pet-project-imgage.oss-cn-beijing.aliyuncs.com/pms/product/sku/2-5-1.jpg', 1, '2020-10-15 16:57:16', '2022-10-23 15:17:17');
INSERT INTO `pms_sku_pic` VALUES (31, 1000008, 'https://pet-project-imgage.oss-cn-beijing.aliyuncs.com/pms/product/sku/2-5-2.jpg', 0, '2020-10-15 16:57:16', '2022-10-23 15:17:17');
INSERT INTO `pms_sku_pic` VALUES (32, 1000008, 'https://pet-project-imgage.oss-cn-beijing.aliyuncs.com/pms/product/sku/2-5-3.jpg', 0, '2020-10-15 16:57:16', '2022-10-23 15:17:17');
INSERT INTO `pms_sku_pic` VALUES (33, 1000008, 'https://pet-project-imgage.oss-cn-beijing.aliyuncs.com/pms/product/sku/2-5-4.jpg', 0, '2020-10-15 16:57:16', '2022-10-23 15:17:17');
INSERT INTO `pms_sku_pic` VALUES (34, 1000009, 'https://pet-project-imgage.oss-cn-beijing.aliyuncs.com/pms/product/sku/3-1-1.jpg', 1, '2020-10-16 08:59:22', '2022-10-23 15:17:17');
INSERT INTO `pms_sku_pic` VALUES (35, 1000009, 'https://pet-project-imgage.oss-cn-beijing.aliyuncs.com/pms/product/sku/3-1-2.jpg', 0, '2020-10-16 08:59:22', '2022-10-23 15:17:17');
INSERT INTO `pms_sku_pic` VALUES (36, 1000009, 'https://pet-project-imgage.oss-cn-beijing.aliyuncs.com/pms/product/sku/3-1-3.jpg', 0, '2020-10-16 08:59:22', '2022-10-23 15:17:17');
INSERT INTO `pms_sku_pic` VALUES (37, 1000009, 'https://pet-project-imgage.oss-cn-beijing.aliyuncs.com/pms/product/sku/3-1-4.jpg', 0, '2020-10-16 08:59:22', '2022-10-23 15:17:17');
INSERT INTO `pms_sku_pic` VALUES (38, 1000010, 'https://pet-project-imgage.oss-cn-beijing.aliyuncs.com/pms/product/sku/3-2-1.jpg', 1, '2020-10-16 09:19:53', '2022-10-23 15:17:17');
INSERT INTO `pms_sku_pic` VALUES (39, 1000010, 'https://pet-project-imgage.oss-cn-beijing.aliyuncs.com/pms/product/sku/3-2-2.jpg', 0, '2020-10-16 09:19:53', '2022-10-23 15:17:17');
INSERT INTO `pms_sku_pic` VALUES (40, 1000010, 'https://pet-project-imgage.oss-cn-beijing.aliyuncs.com/pms/product/sku/3-2-3.jpg', 0, '2020-10-16 09:19:53', '2022-10-23 15:17:17');
INSERT INTO `pms_sku_pic` VALUES (41, 1000010, 'https://pet-project-imgage.oss-cn-beijing.aliyuncs.com/pms/product/sku/3-2-4.jpg', 0, '2020-10-16 09:19:53', '2022-10-23 15:17:17');
INSERT INTO `pms_sku_pic` VALUES (42, 1000011, 'https://pet-project-imgage.oss-cn-beijing.aliyuncs.com/pms/product/sku/4-1-1.jpg', 1, '2020-10-16 09:31:02', '2022-10-23 15:17:17');
INSERT INTO `pms_sku_pic` VALUES (43, 1000011, 'https://pet-project-imgage.oss-cn-beijing.aliyuncs.com/pms/product/sku/4-1-2.jpg', 0, '2020-10-16 09:31:02', '2022-10-23 15:17:17');
INSERT INTO `pms_sku_pic` VALUES (44, 1000011, 'https://pet-project-imgage.oss-cn-beijing.aliyuncs.com/pms/product/sku/4-1-3.jpg', 0, '2020-10-16 09:31:02', '2022-10-23 15:17:17');
INSERT INTO `pms_sku_pic` VALUES (46, 1000012, 'https://pet-project-imgage.oss-cn-beijing.aliyuncs.com/pms/product/sku/4-2-1.jpg', 1, '2020-10-16 09:31:36', '2022-10-23 15:17:17');
INSERT INTO `pms_sku_pic` VALUES (47, 1000012, 'https://pet-project-imgage.oss-cn-beijing.aliyuncs.com/pms/product/sku/4-2-2.jpg', 0, '2020-10-16 09:31:36', '2022-10-23 15:17:17');
INSERT INTO `pms_sku_pic` VALUES (50, 1000013, 'https://pet-project-imgage.oss-cn-beijing.aliyuncs.com/pms/product/sku/4-3-1.jpg', 1, '2020-10-16 09:32:27', '2022-10-23 15:17:17');
INSERT INTO `pms_sku_pic` VALUES (51, 1000013, 'https://pet-project-imgage.oss-cn-beijing.aliyuncs.com/pms/product/sku/4-3-2.jpg', 0, '2020-10-16 09:32:27', '2022-10-23 15:17:17');
INSERT INTO `pms_sku_pic` VALUES (52, 1000014, 'https://pet-project-imgage.oss-cn-beijing.aliyuncs.com/pms/product/sku/5-1-1.jpg', 1, '2020-10-16 15:18:52', '2022-10-23 15:17:17');
INSERT INTO `pms_sku_pic` VALUES (53, 1000014, 'https://pet-project-imgage.oss-cn-beijing.aliyuncs.com/pms/product/sku/5-1-2.jpg', 0, '2020-10-16 15:18:52', '2022-10-23 15:17:17');
INSERT INTO `pms_sku_pic` VALUES (54, 1000014, 'https://pet-project-imgage.oss-cn-beijing.aliyuncs.com/pms/product/sku/5-1-3.jpg', 0, '2020-10-16 15:18:52', '2022-10-23 15:17:17');
INSERT INTO `pms_sku_pic` VALUES (55, 1000014, 'https://pet-project-imgage.oss-cn-beijing.aliyuncs.com/pms/product/sku/5-1-4.jpg', 0, '2020-10-16 15:18:52', '2022-10-23 15:17:17');
INSERT INTO `pms_sku_pic` VALUES (56, 1000015, 'https://pet-project-imgage.oss-cn-beijing.aliyuncs.com/pms/product/sku/5-2-1.jpg', 1, '2020-10-16 15:18:52', '2022-10-23 15:17:17');
INSERT INTO `pms_sku_pic` VALUES (57, 1000015, 'https://pet-project-imgage.oss-cn-beijing.aliyuncs.com/pms/product/sku/5-2-2.jpg', 0, '2020-10-16 15:18:52', '2022-10-23 15:17:17');
INSERT INTO `pms_sku_pic` VALUES (58, 1000015, 'https://pet-project-imgage.oss-cn-beijing.aliyuncs.com/pms/product/sku/5-2-2.jpg', 0, '2020-10-16 15:18:52', '2022-10-23 15:17:17');
INSERT INTO `pms_sku_pic` VALUES (59, 1000015, 'https://pet-project-imgage.oss-cn-beijing.aliyuncs.com/pms/product/sku/5-2-2.jpg', 0, '2020-10-16 15:18:52', '2022-10-23 15:17:17');
INSERT INTO `pms_sku_pic` VALUES (60, 1000016, 'https://pet-project-imgage.oss-cn-beijing.aliyuncs.com/pms/product/sku/5-3-1.jpg', 1, '2020-10-16 15:18:52', '2022-10-23 15:17:17');
INSERT INTO `pms_sku_pic` VALUES (61, 1000016, 'https://pet-project-imgage.oss-cn-beijing.aliyuncs.com/pms/product/sku/5-3-2.jpg', 0, '2020-10-16 15:18:52', '2022-10-23 15:17:17');
INSERT INTO `pms_sku_pic` VALUES (62, 1000016, 'https://pet-project-imgage.oss-cn-beijing.aliyuncs.com/pms/product/sku/5-3-2.jpg', 0, '2020-10-16 15:18:52', '2022-10-23 15:17:17');
INSERT INTO `pms_sku_pic` VALUES (63, 1000016, 'https://pet-project-imgage.oss-cn-beijing.aliyuncs.com/pms/product/sku/5-3-2.jpg', 0, '2020-10-16 15:18:52', '2022-10-23 15:17:17');
INSERT INTO `pms_sku_pic` VALUES (64, 1000017, 'https://pet-project-imgage.oss-cn-beijing.aliyuncs.com/pms/product/sku/6-1-1.jpg', 1, '2020-10-19 16:04:32', '2022-10-23 15:17:17');
INSERT INTO `pms_sku_pic` VALUES (65, 1000017, 'https://pet-project-imgage.oss-cn-beijing.aliyuncs.com/pms/product/sku/6-1-2.jpg', 0, '2020-10-19 16:04:32', '2022-10-23 15:17:17');
INSERT INTO `pms_sku_pic` VALUES (66, 1000018, 'https://pet-project-imgage.oss-cn-beijing.aliyuncs.com/pms/product/sku/7-1-1.jpg', 1, '2020-10-19 16:50:23', '2022-10-23 15:17:17');
INSERT INTO `pms_sku_pic` VALUES (67, 1000018, 'https://pet-project-imgage.oss-cn-beijing.aliyuncs.com/pms/product/sku/7-1-2.jpg', 0, '2020-10-19 16:50:23', '2022-10-23 15:17:17');
INSERT INTO `pms_sku_pic` VALUES (68, 1000018, 'https://pet-project-imgage.oss-cn-beijing.aliyuncs.com/pms/product/sku/7-1-3.jpg', 0, '2020-10-19 16:50:23', '2022-10-23 15:17:17');
INSERT INTO `pms_sku_pic` VALUES (69, 1000018, 'https://pet-project-imgage.oss-cn-beijing.aliyuncs.com/pms/product/sku/7-1-4.jpg', 0, '2020-10-19 16:50:23', '2022-10-23 15:17:17');
INSERT INTO `pms_sku_pic` VALUES (70, 1000019, 'https://pet-project-imgage.oss-cn-beijing.aliyuncs.com/pms/product/sku/7-2-1.jpg', 1, '2020-10-19 16:50:23', '2022-10-23 15:17:17');
INSERT INTO `pms_sku_pic` VALUES (71, 1000019, 'https://pet-project-imgage.oss-cn-beijing.aliyuncs.com/pms/product/sku/7-2-2.jpg', 0, '2020-10-19 16:50:23', '2022-10-23 15:17:17');
INSERT INTO `pms_sku_pic` VALUES (72, 1000019, 'https://pet-project-imgage.oss-cn-beijing.aliyuncs.com/pms/product/sku/7-2-3.jpg', 0, '2020-10-19 16:50:23', '2022-10-23 15:17:17');
INSERT INTO `pms_sku_pic` VALUES (73, 1000019, 'https://pet-project-imgage.oss-cn-beijing.aliyuncs.com/pms/product/sku/7-2-4.jpg', 0, '2020-10-19 16:50:23', '2022-10-23 15:17:17');
INSERT INTO `pms_sku_pic` VALUES (74, 1000020, 'https://pet-project-imgage.oss-cn-beijing.aliyuncs.com/pms/product/sku/7-3-1.jpg', 1, '2020-10-19 16:50:23', '2022-10-23 15:17:17');
INSERT INTO `pms_sku_pic` VALUES (75, 1000020, 'https://pet-project-imgage.oss-cn-beijing.aliyuncs.com/pms/product/sku/7-3-2.jpg', 0, '2020-10-19 16:50:23', '2022-10-23 15:17:17');
INSERT INTO `pms_sku_pic` VALUES (76, 1000020, 'https://pet-project-imgage.oss-cn-beijing.aliyuncs.com/pms/product/sku/7-3-3.jpg', 0, '2020-10-19 16:50:23', '2022-10-23 15:17:17');
INSERT INTO `pms_sku_pic` VALUES (77, 1000020, 'https://pet-project-imgage.oss-cn-beijing.aliyuncs.com/pms/product/sku/7-3-4.jpg', 0, '2020-10-19 16:50:23', '2022-10-23 15:17:17');
INSERT INTO `pms_sku_pic` VALUES (78, 1000001, 'https://pet-project-imgage.oss-cn-beijing.aliyuncs.com/pms/product/sku/1-1-4.jpg', 0, '2020-10-26 15:11:21', '2022-10-23 15:17:17');
INSERT INTO `pms_sku_pic` VALUES (79, 1000021, 'https://pet-project-imgage.oss-cn-beijing.aliyuncs.com/pms/product/sku/8-1-1.jpg', 1, '2020-10-26 15:52:12', '2022-10-23 15:17:17');
INSERT INTO `pms_sku_pic` VALUES (80, 1000021, 'https://pet-project-imgage.oss-cn-beijing.aliyuncs.com/pms/product/sku/8-1-2.jpg', 0, '2020-10-26 15:52:12', '2022-10-23 15:17:17');
INSERT INTO `pms_sku_pic` VALUES (81, 1000022, 'https://pet-project-imgage.oss-cn-beijing.aliyuncs.com/pms/product/sku/9-1-1.jpg', 1, '2020-10-26 16:03:00', '2022-10-23 15:17:17');
INSERT INTO `pms_sku_pic` VALUES (82, 1000022, 'https://pet-project-imgage.oss-cn-beijing.aliyuncs.com/pms/product/sku/9-1-2.jpg', 0, '2020-10-26 16:03:00', '2022-10-23 15:17:17');
INSERT INTO `pms_sku_pic` VALUES (83, 1000023, 'https://pet-project-imgage.oss-cn-beijing.aliyuncs.com/pms/product/sku/10-1-1.jpg', 1, '2020-10-26 16:07:07', '2022-10-23 15:17:17');
INSERT INTO `pms_sku_pic` VALUES (84, 1000024, 'https://pet-project-imgage.oss-cn-beijing.aliyuncs.com/pms/product/sku/11-1-1.jpg', 1, '2020-10-26 16:13:40', '2022-10-23 15:17:17');
INSERT INTO `pms_sku_pic` VALUES (85, 1000025, 'https://pet-project-imgage.oss-cn-beijing.aliyuncs.com/pms/product/sku/12-1-1.jpg', 1, '2020-10-26 16:19:53', '2022-10-23 15:17:17');

-- ----------------------------
-- Table structure for pms_spec_param
-- ----------------------------
DROP TABLE IF EXISTS `pms_spec_param`;
CREATE TABLE `pms_spec_param`  (
                                   `id` bigint NOT NULL AUTO_INCREMENT,
                                   `product_category_id` bigint NULL DEFAULT NULL COMMENT '商品分类ID(对应商品分类表主键ID)',
                                   `name` varchar(64) CHARACTER SET utf8 COLLATE utf8_general_ci NULL DEFAULT NULL COMMENT '规格key名称',
                                   `created_time` datetime NULL DEFAULT CURRENT_TIMESTAMP COMMENT '创建时间',
                                   `updated_time` datetime NULL DEFAULT CURRENT_TIMESTAMP ON UPDATE CURRENT_TIMESTAMP COMMENT '修改时间',
                                   PRIMARY KEY (`id`) USING BTREE
) ENGINE = InnoDB AUTO_INCREMENT = 4 CHARACTER SET = utf8 COLLATE = utf8_general_ci COMMENT = '商品规格key表' ROW_FORMAT = Dynamic;

-- ----------------------------
-- Records of pms_spec_param
-- ----------------------------
INSERT INTO `pms_spec_param` VALUES (1, 13, '规格', '2020-09-03 06:44:58', '2020-09-03 06:44:58');
INSERT INTO `pms_spec_param` VALUES (2, 21, '型号', '2020-09-03 06:53:43', '2020-09-03 06:53:47');
INSERT INTO `pms_spec_param` VALUES (3, 21, '造型', '2020-09-03 06:53:52', '2020-09-03 06:53:52');

-- ----------------------------
-- Table structure for pms_spu
-- ----------------------------
DROP TABLE IF EXISTS `pms_spu`;
CREATE TABLE `pms_spu`  (
                            `id` bigint NOT NULL AUTO_INCREMENT,
                            `brand_id` bigint NULL DEFAULT NULL COMMENT '品牌ID(对应品牌表主键ID)',
                            `cid1` bigint NULL DEFAULT NULL COMMENT '一级分类ID(对应商品分类表主键ID)',
                            `cid2` bigint NULL DEFAULT NULL COMMENT '二级分类ID(对应商品分类表主键ID)',
                            `name` varchar(64) CHARACTER SET utf8 COLLATE utf8_general_ci NOT NULL COMMENT '商品名称',
                            `sub_title` varchar(255) CHARACTER SET utf8 COLLATE utf8_general_ci NULL DEFAULT NULL COMMENT '副标题',
                            `sale` int NULL DEFAULT NULL COMMENT '商品总销量',
                            `comment_total_score` int NULL DEFAULT NULL COMMENT '评价总评分',
                            `comment_amount` int NULL DEFAULT NULL COMMENT '商品评价数量',
                            `product_specification` varchar(500) CHARACTER SET utf8 COLLATE utf8_general_ci NULL DEFAULT NULL COMMENT '商品规格(json格式，用于商品详情页展示商品所有规格)',
                            `default_price` decimal(10, 2) NULL DEFAULT NULL COMMENT '商品默认价格',
                            `default_pic_url` varchar(100) CHARACTER SET utf8 COLLATE utf8_general_ci NULL DEFAULT '' COMMENT '商品默认图片URL',
                            `publish_status` tinyint UNSIGNED NULL DEFAULT NULL COMMENT '上架状态：0->下架；1->上架',
                            `verify_status` tinyint UNSIGNED NULL DEFAULT NULL COMMENT '审核状态：0->未审核；1->审核通过',
                            `valid` tinyint(1) NOT NULL DEFAULT 1 COMMENT '是否有效，0->已删除；1->有效',
                            `created_time` datetime NULL DEFAULT CURRENT_TIMESTAMP COMMENT '创建时间',
                            `updated_time` datetime NULL DEFAULT CURRENT_TIMESTAMP ON UPDATE CURRENT_TIMESTAMP COMMENT '修改时间',
                            PRIMARY KEY (`id`) USING BTREE,
                            INDEX `idx_pic_url`(`default_pic_url`) USING BTREE
) ENGINE = InnoDB AUTO_INCREMENT = 13 CHARACTER SET = utf8 COLLATE = utf8_general_ci COMMENT = '商品spu表' ROW_FORMAT = Dynamic;

-- ----------------------------
-- Records of pms_spu
-- ----------------------------
INSERT INTO `pms_spu` VALUES (1, 1, 1, 13, '加拿大原装进口百加世NOW FRESH 无谷小型犬全龄配方粮', '加拿大原装进口 无谷粮 四叶形颗粒', 35000, 4, 541, '{\"规格\":[\"6磅\",\"12磅\",\"25磅\"]}', 279.00, 'https://pet-project-imgage.oss-cn-beijing.aliyuncs.com/pms/product/sku/1-1-1.jpg', 1, 1, 1, '2020-08-31 01:50:44', '2022-10-23 15:20:36');
INSERT INTO `pms_spu` VALUES (2, 17, 3, 21, '伊丽Elite 清爽冰垫', '直径40cm 炎热夏日 物理降温 冰凉持久 可防置冰箱', 550, 3, 203, '{\"规格\":[\"S|哈皮骨头\",\"S|围巾猫咪\",\"S|小鱼肥猫\",\"L|哈皮骨头\",\"L|小鱼肥猫\"]}', 22.90, 'https://pet-project-imgage.oss-cn-beijing.aliyuncs.com/pms/product/sku/2-1-1.jpg', 1, 1, 1, '2020-08-30 01:50:44', '2022-10-23 15:20:36');
INSERT INTO `pms_spu` VALUES (3, 13, 1, 13, '加拿大原装进口纽顿 无谷低升糖系列 去骨鳟鱼&三文鱼小型全犬粮', 'WDJ推荐 无谷低升糖草本组合配方 放心食材 消化易吸收', 0, 4, 7, '{\"规格\":[\"1.82kg\",\"6kg\"]}', 198.00, 'https://pet-project-imgage.oss-cn-beijing.aliyuncs.com/pms/product/sku/3-1-1.jpg', 1, 1, 1, '2020-10-16 08:47:16', '2022-10-23 15:20:36');
INSERT INTO `pms_spu` VALUES (4, 18, 1, 13, '加拿大原装进口 爱肯拿Acana 无谷深海鱼配方全犬粮', '渴望狗粮同厂出品 增加含肉量 低过敏 健肤美毛', 100, 4, 87, '{\"规格\":[\"2kg\",\"6kg\",\"11.4kg\"]}', 225.00, 'https://pet-project-imgage.oss-cn-beijing.aliyuncs.com/pms/product/sku/4-1-1.jpg', 1, 1, 1, '2020-10-16 09:25:33', '2022-10-23 15:20:36');
INSERT INTO `pms_spu` VALUES (5, 19, 1, 14, '伯纳天纯 低敏中大型犬成犬粮', '健胃促吸收 蓬松亮毛 体态优化 健骨护关节', 22950, 4, 20003, '{\"规格\":[\"4kg\",\"10kg\",\"15kg\"]}', 199.00, 'https://pet-project-imgage.oss-cn-beijing.aliyuncs.com/pms/product/sku/5-1-1.jpg', 1, 1, 1, '2020-10-16 15:09:15', '2022-10-23 15:20:36');
INSERT INTO `pms_spu` VALUES (6, 20, 1, 13, '美国原装进口 Instinct生鲜本能 无谷系列 鸡肉配方全犬粮', '中国B2C平台合作伙伴 生肉喷涂 营养增食欲 高量蛋白质 美毛健肤', 6, 3, 6, '{\"规格\":[\"22.5磅\"]}', 709.00, 'https://pet-project-imgage.oss-cn-beijing.aliyuncs.com/pms/product/sku/6-1-1.jpg', 1, 1, 1, '2020-10-19 15:58:31', '2022-10-23 15:20:36');
INSERT INTO `pms_spu` VALUES (7, 21, 1, 13, '加拿大原装进口 原始猎食渴望 无谷配方 成犬粮', '肉含量85% 高蛋白+低醣+低碳水 低敏易消化', 1964, 4, 566, '{\"规格\":[\"2kg\",\"6kg\",\"11.4kg\"]}', 240.00, 'https://pet-project-imgage.oss-cn-beijing.aliyuncs.com/pms/product/sku/7-1-1.jpg', 1, 1, 1, '2020-10-19 16:11:37', '2022-10-23 15:20:36');
INSERT INTO `pms_spu` VALUES (8, 2, 1, 14, '海尔仕 香酥牛肉味全犬种成犬粮', '全犬种适用 强壮骨骼 健肤亮毛 营养全面', 2432, 5, 3423, '{\"规格\":[\"10kg\"]}', 109.00, 'https://pet-project-imgage.oss-cn-beijing.aliyuncs.com/pms/product/sku/8-1-1.jpg', 1, 1, 1, '2020-10-26 15:48:13', '2022-10-23 15:20:36');
INSERT INTO `pms_spu` VALUES (9, 3, 1, 14, '皇家royal canin MIS30小型犬奶糕/怀孕母犬/哺乳母犬', '高蛋白子母粮 补充能量 均衡营养 好吸收易吸收', 1082, 5, 12466, '{\"规格\":[\"1kg\"]}', 79.00, 'https://pet-project-imgage.oss-cn-beijing.aliyuncs.com/pms/product/sku/9-1-1.jpg', 1, 1, 1, '2020-10-26 15:58:53', '2022-10-23 15:20:36');
INSERT INTO `pms_spu` VALUES (10, 4, 1, 14, '海洋之星 三文鱼配方 成犬粮 小颗粒', '源自英国品牌 挪威三文鱼 抗敏感美毛无谷天然粮 （非真空包装）', 810, 4, 13762, '{\"规格\":[\"6kg\"]}', 409.00, 'https://pet-project-imgage.oss-cn-beijing.aliyuncs.com/pms/product/sku/10-1-1.jpg', 1, 1, 1, '2020-10-26 16:04:47', '2022-10-23 15:20:36');
INSERT INTO `pms_spu` VALUES (11, 5, 1, 14, '醇粹Purich 经典系列 全价大型幼犬粮', '适合18月龄以下狗狗 合理膳食 呵护肠胃 强壮骨骼 促进发育', 216, 4, 2788, '{\"规格\":[\"15kg\"]}', 319.00, 'https://pet-project-imgage.oss-cn-beijing.aliyuncs.com/pms/product/sku/11-1-1.jpg', 1, 1, 1, '2020-10-26 16:10:13', '2022-10-23 15:20:36');
INSERT INTO `pms_spu` VALUES (12, 6, 1, 14, '蓝氏LegendSandy 牛肉海洋鱼全犬粮', '缓解泪痕 美毛亮毛 调节肠胃 提高免疫力', 2554, 4, 15421, '{\"规格\":[\"9磅\"]}', 135.00, 'https://pet-project-imgage.oss-cn-beijing.aliyuncs.com/pms/product/sku/12-1-1.jpg', 1, 1, 1, '2020-10-26 16:18:48', '2022-10-23 15:20:36');

-- ----------------------------
-- Table structure for ums_pcd_dic
-- ----------------------------
DROP TABLE IF EXISTS `ums_pcd_dic`;
CREATE TABLE `ums_pcd_dic`  (
                                `id` int NOT NULL,
                                `name` varchar(40) CHARACTER SET utf8 COLLATE utf8_general_ci NULL DEFAULT NULL COMMENT '名称',
                                `parent_id` int NULL DEFAULT NULL COMMENT '上级编号：parentId=id -> 省/直辖市',
                                PRIMARY KEY (`id`) USING BTREE,
                                INDEX `FK_CHINA_REFERENCE_CHINA`(`parent_id`) USING BTREE
) ENGINE = InnoDB CHARACTER SET = utf8 COLLATE = utf8_general_ci COMMENT = '省市区字典表' ROW_FORMAT = Dynamic;

-- ----------------------------
-- Records of ums_pcd_dic
-- ----------------------------
INSERT INTO `ums_pcd_dic` VALUES (110000, '北京', 0);
INSERT INTO `ums_pcd_dic` VALUES (110100, '北京市', 110000);
INSERT INTO `ums_pcd_dic` VALUES (110101, '东城区', 110100);
INSERT INTO `ums_pcd_dic` VALUES (110102, '西城区', 110100);
INSERT INTO `ums_pcd_dic` VALUES (110105, '朝阳区', 110100);
INSERT INTO `ums_pcd_dic` VALUES (110106, '丰台区', 110100);
INSERT INTO `ums_pcd_dic` VALUES (110107, '石景山区', 110100);
INSERT INTO `ums_pcd_dic` VALUES (110108, '海淀区', 110100);
INSERT INTO `ums_pcd_dic` VALUES (110109, '门头沟区', 110100);
INSERT INTO `ums_pcd_dic` VALUES (110111, '房山区', 110100);
INSERT INTO `ums_pcd_dic` VALUES (110112, '通州区', 110100);
INSERT INTO `ums_pcd_dic` VALUES (110113, '顺义区', 110100);
INSERT INTO `ums_pcd_dic` VALUES (110114, '昌平区', 110100);
INSERT INTO `ums_pcd_dic` VALUES (110115, '大兴区', 110100);
INSERT INTO `ums_pcd_dic` VALUES (110116, '怀柔区', 110100);
INSERT INTO `ums_pcd_dic` VALUES (110117, '平谷区', 110100);
INSERT INTO `ums_pcd_dic` VALUES (110228, '密云县', 110100);
INSERT INTO `ums_pcd_dic` VALUES (110229, '延庆县', 110100);
INSERT INTO `ums_pcd_dic` VALUES (120000, '天津', 0);
INSERT INTO `ums_pcd_dic` VALUES (120100, '天津市', 120000);
INSERT INTO `ums_pcd_dic` VALUES (120101, '和平区', 120100);
INSERT INTO `ums_pcd_dic` VALUES (120102, '河东区', 120100);
INSERT INTO `ums_pcd_dic` VALUES (120103, '河西区', 120100);
INSERT INTO `ums_pcd_dic` VALUES (120104, '南开区', 120100);
INSERT INTO `ums_pcd_dic` VALUES (120105, '河北区', 120100);
INSERT INTO `ums_pcd_dic` VALUES (120106, '红桥区', 120100);
INSERT INTO `ums_pcd_dic` VALUES (120110, '东丽区', 120100);
INSERT INTO `ums_pcd_dic` VALUES (120111, '西青区', 120100);
INSERT INTO `ums_pcd_dic` VALUES (120112, '津南区', 120100);
INSERT INTO `ums_pcd_dic` VALUES (120113, '北辰区', 120100);
INSERT INTO `ums_pcd_dic` VALUES (120114, '武清区', 120100);
INSERT INTO `ums_pcd_dic` VALUES (120115, '宝坻区', 120100);
INSERT INTO `ums_pcd_dic` VALUES (120116, '滨海新区', 120100);
INSERT INTO `ums_pcd_dic` VALUES (120221, '宁河县', 120100);
INSERT INTO `ums_pcd_dic` VALUES (120223, '静海县', 120100);
INSERT INTO `ums_pcd_dic` VALUES (120225, '蓟县', 120100);
INSERT INTO `ums_pcd_dic` VALUES (130000, '河北省', 0);
INSERT INTO `ums_pcd_dic` VALUES (130100, '石家庄市', 130000);
INSERT INTO `ums_pcd_dic` VALUES (130102, '长安区', 130100);
INSERT INTO `ums_pcd_dic` VALUES (130104, '桥西区', 130100);
INSERT INTO `ums_pcd_dic` VALUES (130105, '新华区', 130100);
INSERT INTO `ums_pcd_dic` VALUES (130107, '井陉矿区', 130100);
INSERT INTO `ums_pcd_dic` VALUES (130108, '裕华区', 130100);
INSERT INTO `ums_pcd_dic` VALUES (130109, '藁城区', 130100);
INSERT INTO `ums_pcd_dic` VALUES (130110, '鹿泉区', 130100);
INSERT INTO `ums_pcd_dic` VALUES (130111, '栾城区', 130100);
INSERT INTO `ums_pcd_dic` VALUES (130121, '井陉县', 130100);
INSERT INTO `ums_pcd_dic` VALUES (130123, '正定县', 130100);
INSERT INTO `ums_pcd_dic` VALUES (130125, '行唐县', 130100);
INSERT INTO `ums_pcd_dic` VALUES (130126, '灵寿县', 130100);
INSERT INTO `ums_pcd_dic` VALUES (130127, '高邑县', 130100);
INSERT INTO `ums_pcd_dic` VALUES (130128, '深泽县', 130100);
INSERT INTO `ums_pcd_dic` VALUES (130129, '赞皇县', 130100);
INSERT INTO `ums_pcd_dic` VALUES (130130, '无极县', 130100);
INSERT INTO `ums_pcd_dic` VALUES (130131, '平山县', 130100);
INSERT INTO `ums_pcd_dic` VALUES (130132, '元氏县', 130100);
INSERT INTO `ums_pcd_dic` VALUES (130133, '赵县', 130100);
INSERT INTO `ums_pcd_dic` VALUES (130181, '辛集市', 130100);
INSERT INTO `ums_pcd_dic` VALUES (130183, '晋州市', 130100);
INSERT INTO `ums_pcd_dic` VALUES (130184, '新乐市', 130100);
INSERT INTO `ums_pcd_dic` VALUES (130200, '唐山市', 130000);
INSERT INTO `ums_pcd_dic` VALUES (130202, '路南区', 130200);
INSERT INTO `ums_pcd_dic` VALUES (130203, '路北区', 130200);
INSERT INTO `ums_pcd_dic` VALUES (130204, '古冶区', 130200);
INSERT INTO `ums_pcd_dic` VALUES (130205, '开平区', 130200);
INSERT INTO `ums_pcd_dic` VALUES (130207, '丰南区', 130200);
INSERT INTO `ums_pcd_dic` VALUES (130208, '丰润区', 130200);
INSERT INTO `ums_pcd_dic` VALUES (130209, '曹妃甸区', 130200);
INSERT INTO `ums_pcd_dic` VALUES (130223, '滦县', 130200);
INSERT INTO `ums_pcd_dic` VALUES (130224, '滦南县', 130200);
INSERT INTO `ums_pcd_dic` VALUES (130225, '乐亭县', 130200);
INSERT INTO `ums_pcd_dic` VALUES (130227, '迁西县', 130200);
INSERT INTO `ums_pcd_dic` VALUES (130229, '玉田县', 130200);
INSERT INTO `ums_pcd_dic` VALUES (130281, '遵化市', 130200);
INSERT INTO `ums_pcd_dic` VALUES (130283, '迁安市', 130200);
INSERT INTO `ums_pcd_dic` VALUES (130300, '秦皇岛市', 130000);
INSERT INTO `ums_pcd_dic` VALUES (130302, '海港区', 130300);
INSERT INTO `ums_pcd_dic` VALUES (130303, '山海关区', 130300);
INSERT INTO `ums_pcd_dic` VALUES (130304, '北戴河区', 130300);
INSERT INTO `ums_pcd_dic` VALUES (130321, '青龙满族自治县', 130300);
INSERT INTO `ums_pcd_dic` VALUES (130322, '昌黎县', 130300);
INSERT INTO `ums_pcd_dic` VALUES (130323, '抚宁县', 130300);
INSERT INTO `ums_pcd_dic` VALUES (130324, '卢龙县', 130300);
INSERT INTO `ums_pcd_dic` VALUES (130400, '邯郸市', 130000);
INSERT INTO `ums_pcd_dic` VALUES (130402, '邯山区', 130400);
INSERT INTO `ums_pcd_dic` VALUES (130403, '丛台区', 130400);
INSERT INTO `ums_pcd_dic` VALUES (130404, '复兴区', 130400);
INSERT INTO `ums_pcd_dic` VALUES (130406, '峰峰矿区', 130400);
INSERT INTO `ums_pcd_dic` VALUES (130421, '邯郸县', 130400);
INSERT INTO `ums_pcd_dic` VALUES (130423, '临漳县', 130400);
INSERT INTO `ums_pcd_dic` VALUES (130424, '成安县', 130400);
INSERT INTO `ums_pcd_dic` VALUES (130425, '大名县', 130400);
INSERT INTO `ums_pcd_dic` VALUES (130426, '涉县', 130400);
INSERT INTO `ums_pcd_dic` VALUES (130427, '磁县', 130400);
INSERT INTO `ums_pcd_dic` VALUES (130428, '肥乡县', 130400);
INSERT INTO `ums_pcd_dic` VALUES (130429, '永年县', 130400);
INSERT INTO `ums_pcd_dic` VALUES (130430, '邱县', 130400);
INSERT INTO `ums_pcd_dic` VALUES (130431, '鸡泽县', 130400);
INSERT INTO `ums_pcd_dic` VALUES (130432, '广平县', 130400);
INSERT INTO `ums_pcd_dic` VALUES (130433, '馆陶县', 130400);
INSERT INTO `ums_pcd_dic` VALUES (130434, '魏县', 130400);
INSERT INTO `ums_pcd_dic` VALUES (130435, '曲周县', 130400);
INSERT INTO `ums_pcd_dic` VALUES (130481, '武安市', 130400);
INSERT INTO `ums_pcd_dic` VALUES (130500, '邢台市', 130000);
INSERT INTO `ums_pcd_dic` VALUES (130502, '桥东区', 130500);
INSERT INTO `ums_pcd_dic` VALUES (130503, '桥西区', 130500);
INSERT INTO `ums_pcd_dic` VALUES (130521, '邢台县', 130500);
INSERT INTO `ums_pcd_dic` VALUES (130522, '临城县', 130500);
INSERT INTO `ums_pcd_dic` VALUES (130523, '内丘县', 130500);
INSERT INTO `ums_pcd_dic` VALUES (130524, '柏乡县', 130500);
INSERT INTO `ums_pcd_dic` VALUES (130525, '隆尧县', 130500);
INSERT INTO `ums_pcd_dic` VALUES (130526, '任县', 130500);
INSERT INTO `ums_pcd_dic` VALUES (130527, '南和县', 130500);
INSERT INTO `ums_pcd_dic` VALUES (130528, '宁晋县', 130500);
INSERT INTO `ums_pcd_dic` VALUES (130529, '巨鹿县', 130500);
INSERT INTO `ums_pcd_dic` VALUES (130530, '新河县', 130500);
INSERT INTO `ums_pcd_dic` VALUES (130531, '广宗县', 130500);
INSERT INTO `ums_pcd_dic` VALUES (130532, '平乡县', 130500);
INSERT INTO `ums_pcd_dic` VALUES (130533, '威县', 130500);
INSERT INTO `ums_pcd_dic` VALUES (130534, '清河县', 130500);
INSERT INTO `ums_pcd_dic` VALUES (130535, '临西县', 130500);
INSERT INTO `ums_pcd_dic` VALUES (130581, '南宫市', 130500);
INSERT INTO `ums_pcd_dic` VALUES (130582, '沙河市', 130500);
INSERT INTO `ums_pcd_dic` VALUES (130600, '保定市', 130000);
INSERT INTO `ums_pcd_dic` VALUES (130602, '新市区', 130600);
INSERT INTO `ums_pcd_dic` VALUES (130603, '北市区', 130600);
INSERT INTO `ums_pcd_dic` VALUES (130604, '南市区', 130600);
INSERT INTO `ums_pcd_dic` VALUES (130621, '满城县', 130600);
INSERT INTO `ums_pcd_dic` VALUES (130622, '清苑县', 130600);
INSERT INTO `ums_pcd_dic` VALUES (130623, '涞水县', 130600);
INSERT INTO `ums_pcd_dic` VALUES (130624, '阜平县', 130600);
INSERT INTO `ums_pcd_dic` VALUES (130625, '徐水县', 130600);
INSERT INTO `ums_pcd_dic` VALUES (130626, '定兴县', 130600);
INSERT INTO `ums_pcd_dic` VALUES (130627, '唐县', 130600);
INSERT INTO `ums_pcd_dic` VALUES (130628, '高阳县', 130600);
INSERT INTO `ums_pcd_dic` VALUES (130629, '容城县', 130600);
INSERT INTO `ums_pcd_dic` VALUES (130630, '涞源县', 130600);
INSERT INTO `ums_pcd_dic` VALUES (130631, '望都县', 130600);
INSERT INTO `ums_pcd_dic` VALUES (130632, '安新县', 130600);
INSERT INTO `ums_pcd_dic` VALUES (130633, '易县', 130600);
INSERT INTO `ums_pcd_dic` VALUES (130634, '曲阳县', 130600);
INSERT INTO `ums_pcd_dic` VALUES (130635, '蠡县', 130600);
INSERT INTO `ums_pcd_dic` VALUES (130636, '顺平县', 130600);
INSERT INTO `ums_pcd_dic` VALUES (130637, '博野县', 130600);
INSERT INTO `ums_pcd_dic` VALUES (130638, '雄县', 130600);
INSERT INTO `ums_pcd_dic` VALUES (130681, '涿州市', 130600);
INSERT INTO `ums_pcd_dic` VALUES (130682, '定州市', 130600);
INSERT INTO `ums_pcd_dic` VALUES (130683, '安国市', 130600);
INSERT INTO `ums_pcd_dic` VALUES (130684, '高碑店市', 130600);
INSERT INTO `ums_pcd_dic` VALUES (130700, '张家口市', 130000);
INSERT INTO `ums_pcd_dic` VALUES (130702, '桥东区', 130700);
INSERT INTO `ums_pcd_dic` VALUES (130703, '桥西区', 130700);
INSERT INTO `ums_pcd_dic` VALUES (130705, '宣化区', 130700);
INSERT INTO `ums_pcd_dic` VALUES (130706, '下花园区', 130700);
INSERT INTO `ums_pcd_dic` VALUES (130721, '宣化县', 130700);
INSERT INTO `ums_pcd_dic` VALUES (130722, '张北县', 130700);
INSERT INTO `ums_pcd_dic` VALUES (130723, '康保县', 130700);
INSERT INTO `ums_pcd_dic` VALUES (130724, '沽源县', 130700);
INSERT INTO `ums_pcd_dic` VALUES (130725, '尚义县', 130700);
INSERT INTO `ums_pcd_dic` VALUES (130726, '蔚县', 130700);
INSERT INTO `ums_pcd_dic` VALUES (130727, '阳原县', 130700);
INSERT INTO `ums_pcd_dic` VALUES (130728, '怀安县', 130700);
INSERT INTO `ums_pcd_dic` VALUES (130729, '万全县', 130700);
INSERT INTO `ums_pcd_dic` VALUES (130730, '怀来县', 130700);
INSERT INTO `ums_pcd_dic` VALUES (130731, '涿鹿县', 130700);
INSERT INTO `ums_pcd_dic` VALUES (130732, '赤城县', 130700);
INSERT INTO `ums_pcd_dic` VALUES (130733, '崇礼县', 130700);
INSERT INTO `ums_pcd_dic` VALUES (130800, '承德市', 130000);
INSERT INTO `ums_pcd_dic` VALUES (130802, '双桥区', 130800);
INSERT INTO `ums_pcd_dic` VALUES (130803, '双滦区', 130800);
INSERT INTO `ums_pcd_dic` VALUES (130804, '鹰手营子矿区', 130800);
INSERT INTO `ums_pcd_dic` VALUES (130821, '承德县', 130800);
INSERT INTO `ums_pcd_dic` VALUES (130822, '兴隆县', 130800);
INSERT INTO `ums_pcd_dic` VALUES (130823, '平泉县', 130800);
INSERT INTO `ums_pcd_dic` VALUES (130824, '滦平县', 130800);
INSERT INTO `ums_pcd_dic` VALUES (130825, '隆化县', 130800);
INSERT INTO `ums_pcd_dic` VALUES (130826, '丰宁满族自治县', 130800);
INSERT INTO `ums_pcd_dic` VALUES (130827, '宽城满族自治县', 130800);
INSERT INTO `ums_pcd_dic` VALUES (130828, '围场满族蒙古族自治县', 130800);
INSERT INTO `ums_pcd_dic` VALUES (130900, '沧州市', 130000);
INSERT INTO `ums_pcd_dic` VALUES (130902, '新华区', 130900);
INSERT INTO `ums_pcd_dic` VALUES (130903, '运河区', 130900);
INSERT INTO `ums_pcd_dic` VALUES (130921, '沧县', 130900);
INSERT INTO `ums_pcd_dic` VALUES (130922, '青县', 130900);
INSERT INTO `ums_pcd_dic` VALUES (130923, '东光县', 130900);
INSERT INTO `ums_pcd_dic` VALUES (130924, '海兴县', 130900);
INSERT INTO `ums_pcd_dic` VALUES (130925, '盐山县', 130900);
INSERT INTO `ums_pcd_dic` VALUES (130926, '肃宁县', 130900);
INSERT INTO `ums_pcd_dic` VALUES (130927, '南皮县', 130900);
INSERT INTO `ums_pcd_dic` VALUES (130928, '吴桥县', 130900);
INSERT INTO `ums_pcd_dic` VALUES (130929, '献县', 130900);
INSERT INTO `ums_pcd_dic` VALUES (130930, '孟村回族自治县', 130900);
INSERT INTO `ums_pcd_dic` VALUES (130981, '泊头市', 130900);
INSERT INTO `ums_pcd_dic` VALUES (130982, '任丘市', 130900);
INSERT INTO `ums_pcd_dic` VALUES (130983, '黄骅市', 130900);
INSERT INTO `ums_pcd_dic` VALUES (130984, '河间市', 130900);
INSERT INTO `ums_pcd_dic` VALUES (131000, '廊坊市', 130000);
INSERT INTO `ums_pcd_dic` VALUES (131002, '安次区', 131000);
INSERT INTO `ums_pcd_dic` VALUES (131003, '广阳区', 131000);
INSERT INTO `ums_pcd_dic` VALUES (131022, '固安县', 131000);
INSERT INTO `ums_pcd_dic` VALUES (131023, '永清县', 131000);
INSERT INTO `ums_pcd_dic` VALUES (131024, '香河县', 131000);
INSERT INTO `ums_pcd_dic` VALUES (131025, '大城县', 131000);
INSERT INTO `ums_pcd_dic` VALUES (131026, '文安县', 131000);
INSERT INTO `ums_pcd_dic` VALUES (131028, '大厂回族自治县', 131000);
INSERT INTO `ums_pcd_dic` VALUES (131081, '霸州市', 131000);
INSERT INTO `ums_pcd_dic` VALUES (131082, '三河市', 131000);
INSERT INTO `ums_pcd_dic` VALUES (131100, '衡水市', 130000);
INSERT INTO `ums_pcd_dic` VALUES (131102, '桃城区', 131100);
INSERT INTO `ums_pcd_dic` VALUES (131121, '枣强县', 131100);
INSERT INTO `ums_pcd_dic` VALUES (131122, '武邑县', 131100);
INSERT INTO `ums_pcd_dic` VALUES (131123, '武强县', 131100);
INSERT INTO `ums_pcd_dic` VALUES (131124, '饶阳县', 131100);
INSERT INTO `ums_pcd_dic` VALUES (131125, '安平县', 131100);
INSERT INTO `ums_pcd_dic` VALUES (131126, '故城县', 131100);
INSERT INTO `ums_pcd_dic` VALUES (131127, '景县', 131100);
INSERT INTO `ums_pcd_dic` VALUES (131128, '阜城县', 131100);
INSERT INTO `ums_pcd_dic` VALUES (131181, '冀州市', 131100);
INSERT INTO `ums_pcd_dic` VALUES (131182, '深州市', 131100);
INSERT INTO `ums_pcd_dic` VALUES (140000, '山西省', 0);
INSERT INTO `ums_pcd_dic` VALUES (140100, '太原市', 140000);
INSERT INTO `ums_pcd_dic` VALUES (140105, '小店区', 140100);
INSERT INTO `ums_pcd_dic` VALUES (140106, '迎泽区', 140100);
INSERT INTO `ums_pcd_dic` VALUES (140107, '杏花岭区', 140100);
INSERT INTO `ums_pcd_dic` VALUES (140108, '尖草坪区', 140100);
INSERT INTO `ums_pcd_dic` VALUES (140109, '万柏林区', 140100);
INSERT INTO `ums_pcd_dic` VALUES (140110, '晋源区', 140100);
INSERT INTO `ums_pcd_dic` VALUES (140121, '清徐县', 140100);
INSERT INTO `ums_pcd_dic` VALUES (140122, '阳曲县', 140100);
INSERT INTO `ums_pcd_dic` VALUES (140123, '娄烦县', 140100);
INSERT INTO `ums_pcd_dic` VALUES (140181, '古交市', 140100);
INSERT INTO `ums_pcd_dic` VALUES (140200, '大同市', 140000);
INSERT INTO `ums_pcd_dic` VALUES (140202, '城区', 140200);
INSERT INTO `ums_pcd_dic` VALUES (140203, '矿区', 140200);
INSERT INTO `ums_pcd_dic` VALUES (140211, '南郊区', 140200);
INSERT INTO `ums_pcd_dic` VALUES (140212, '新荣区', 140200);
INSERT INTO `ums_pcd_dic` VALUES (140221, '阳高县', 140200);
INSERT INTO `ums_pcd_dic` VALUES (140222, '天镇县', 140200);
INSERT INTO `ums_pcd_dic` VALUES (140223, '广灵县', 140200);
INSERT INTO `ums_pcd_dic` VALUES (140224, '灵丘县', 140200);
INSERT INTO `ums_pcd_dic` VALUES (140225, '浑源县', 140200);
INSERT INTO `ums_pcd_dic` VALUES (140226, '左云县', 140200);
INSERT INTO `ums_pcd_dic` VALUES (140227, '大同县', 140200);
INSERT INTO `ums_pcd_dic` VALUES (140300, '阳泉市', 140000);
INSERT INTO `ums_pcd_dic` VALUES (140302, '城区', 140300);
INSERT INTO `ums_pcd_dic` VALUES (140303, '矿区', 140300);
INSERT INTO `ums_pcd_dic` VALUES (140311, '郊区', 140300);
INSERT INTO `ums_pcd_dic` VALUES (140321, '平定县', 140300);
INSERT INTO `ums_pcd_dic` VALUES (140322, '盂县', 140300);
INSERT INTO `ums_pcd_dic` VALUES (140400, '长治市', 140000);
INSERT INTO `ums_pcd_dic` VALUES (140402, '城区', 140400);
INSERT INTO `ums_pcd_dic` VALUES (140411, '郊区', 140400);
INSERT INTO `ums_pcd_dic` VALUES (140421, '长治县', 140400);
INSERT INTO `ums_pcd_dic` VALUES (140423, '襄垣县', 140400);
INSERT INTO `ums_pcd_dic` VALUES (140424, '屯留县', 140400);
INSERT INTO `ums_pcd_dic` VALUES (140425, '平顺县', 140400);
INSERT INTO `ums_pcd_dic` VALUES (140426, '黎城县', 140400);
INSERT INTO `ums_pcd_dic` VALUES (140427, '壶关县', 140400);
INSERT INTO `ums_pcd_dic` VALUES (140428, '长子县', 140400);
INSERT INTO `ums_pcd_dic` VALUES (140429, '武乡县', 140400);
INSERT INTO `ums_pcd_dic` VALUES (140430, '沁县', 140400);
INSERT INTO `ums_pcd_dic` VALUES (140431, '沁源县', 140400);
INSERT INTO `ums_pcd_dic` VALUES (140481, '潞城市', 140400);
INSERT INTO `ums_pcd_dic` VALUES (140500, '晋城市', 140000);
INSERT INTO `ums_pcd_dic` VALUES (140502, '城区', 140500);
INSERT INTO `ums_pcd_dic` VALUES (140521, '沁水县', 140500);
INSERT INTO `ums_pcd_dic` VALUES (140522, '阳城县', 140500);
INSERT INTO `ums_pcd_dic` VALUES (140524, '陵川县', 140500);
INSERT INTO `ums_pcd_dic` VALUES (140525, '泽州县', 140500);
INSERT INTO `ums_pcd_dic` VALUES (140581, '高平市', 140500);
INSERT INTO `ums_pcd_dic` VALUES (140600, '朔州市', 140000);
INSERT INTO `ums_pcd_dic` VALUES (140602, '朔城区', 140600);
INSERT INTO `ums_pcd_dic` VALUES (140603, '平鲁区', 140600);
INSERT INTO `ums_pcd_dic` VALUES (140621, '山阴县', 140600);
INSERT INTO `ums_pcd_dic` VALUES (140622, '应县', 140600);
INSERT INTO `ums_pcd_dic` VALUES (140623, '右玉县', 140600);
INSERT INTO `ums_pcd_dic` VALUES (140624, '怀仁县', 140600);
INSERT INTO `ums_pcd_dic` VALUES (140700, '晋中市', 140000);
INSERT INTO `ums_pcd_dic` VALUES (140702, '榆次区', 140700);
INSERT INTO `ums_pcd_dic` VALUES (140721, '榆社县', 140700);
INSERT INTO `ums_pcd_dic` VALUES (140722, '左权县', 140700);
INSERT INTO `ums_pcd_dic` VALUES (140723, '和顺县', 140700);
INSERT INTO `ums_pcd_dic` VALUES (140724, '昔阳县', 140700);
INSERT INTO `ums_pcd_dic` VALUES (140725, '寿阳县', 140700);
INSERT INTO `ums_pcd_dic` VALUES (140726, '太谷县', 140700);
INSERT INTO `ums_pcd_dic` VALUES (140727, '祁县', 140700);
INSERT INTO `ums_pcd_dic` VALUES (140728, '平遥县', 140700);
INSERT INTO `ums_pcd_dic` VALUES (140729, '灵石县', 140700);
INSERT INTO `ums_pcd_dic` VALUES (140781, '介休市', 140700);
INSERT INTO `ums_pcd_dic` VALUES (140800, '运城市', 140000);
INSERT INTO `ums_pcd_dic` VALUES (140802, '盐湖区', 140800);
INSERT INTO `ums_pcd_dic` VALUES (140821, '临猗县', 140800);
INSERT INTO `ums_pcd_dic` VALUES (140822, '万荣县', 140800);
INSERT INTO `ums_pcd_dic` VALUES (140823, '闻喜县', 140800);
INSERT INTO `ums_pcd_dic` VALUES (140824, '稷山县', 140800);
INSERT INTO `ums_pcd_dic` VALUES (140825, '新绛县', 140800);
INSERT INTO `ums_pcd_dic` VALUES (140826, '绛县', 140800);
INSERT INTO `ums_pcd_dic` VALUES (140827, '垣曲县', 140800);
INSERT INTO `ums_pcd_dic` VALUES (140828, '夏县', 140800);
INSERT INTO `ums_pcd_dic` VALUES (140829, '平陆县', 140800);
INSERT INTO `ums_pcd_dic` VALUES (140830, '芮城县', 140800);
INSERT INTO `ums_pcd_dic` VALUES (140881, '永济市', 140800);
INSERT INTO `ums_pcd_dic` VALUES (140882, '河津市', 140800);
INSERT INTO `ums_pcd_dic` VALUES (140900, '忻州市', 140000);
INSERT INTO `ums_pcd_dic` VALUES (140902, '忻府区', 140900);
INSERT INTO `ums_pcd_dic` VALUES (140921, '定襄县', 140900);
INSERT INTO `ums_pcd_dic` VALUES (140922, '五台县', 140900);
INSERT INTO `ums_pcd_dic` VALUES (140923, '代县', 140900);
INSERT INTO `ums_pcd_dic` VALUES (140924, '繁峙县', 140900);
INSERT INTO `ums_pcd_dic` VALUES (140925, '宁武县', 140900);
INSERT INTO `ums_pcd_dic` VALUES (140926, '静乐县', 140900);
INSERT INTO `ums_pcd_dic` VALUES (140927, '神池县', 140900);
INSERT INTO `ums_pcd_dic` VALUES (140928, '五寨县', 140900);
INSERT INTO `ums_pcd_dic` VALUES (140929, '岢岚县', 140900);
INSERT INTO `ums_pcd_dic` VALUES (140930, '河曲县', 140900);
INSERT INTO `ums_pcd_dic` VALUES (140931, '保德县', 140900);
INSERT INTO `ums_pcd_dic` VALUES (140932, '偏关县', 140900);
INSERT INTO `ums_pcd_dic` VALUES (140981, '原平市', 140900);
INSERT INTO `ums_pcd_dic` VALUES (141000, '临汾市', 140000);
INSERT INTO `ums_pcd_dic` VALUES (141002, '尧都区', 141000);
INSERT INTO `ums_pcd_dic` VALUES (141021, '曲沃县', 141000);
INSERT INTO `ums_pcd_dic` VALUES (141022, '翼城县', 141000);
INSERT INTO `ums_pcd_dic` VALUES (141023, '襄汾县', 141000);
INSERT INTO `ums_pcd_dic` VALUES (141024, '洪洞县', 141000);
INSERT INTO `ums_pcd_dic` VALUES (141025, '古县', 141000);
INSERT INTO `ums_pcd_dic` VALUES (141026, '安泽县', 141000);
INSERT INTO `ums_pcd_dic` VALUES (141027, '浮山县', 141000);
INSERT INTO `ums_pcd_dic` VALUES (141028, '吉县', 141000);
INSERT INTO `ums_pcd_dic` VALUES (141029, '乡宁县', 141000);
INSERT INTO `ums_pcd_dic` VALUES (141030, '大宁县', 141000);
INSERT INTO `ums_pcd_dic` VALUES (141031, '隰县', 141000);
INSERT INTO `ums_pcd_dic` VALUES (141032, '永和县', 141000);
INSERT INTO `ums_pcd_dic` VALUES (141033, '蒲县', 141000);
INSERT INTO `ums_pcd_dic` VALUES (141034, '汾西县', 141000);
INSERT INTO `ums_pcd_dic` VALUES (141081, '侯马市', 141000);
INSERT INTO `ums_pcd_dic` VALUES (141082, '霍州市', 141000);
INSERT INTO `ums_pcd_dic` VALUES (141100, '吕梁市', 140000);
INSERT INTO `ums_pcd_dic` VALUES (141102, '离石区', 141100);
INSERT INTO `ums_pcd_dic` VALUES (141121, '文水县', 141100);
INSERT INTO `ums_pcd_dic` VALUES (141122, '交城县', 141100);
INSERT INTO `ums_pcd_dic` VALUES (141123, '兴县', 141100);
INSERT INTO `ums_pcd_dic` VALUES (141124, '临县', 141100);
INSERT INTO `ums_pcd_dic` VALUES (141125, '柳林县', 141100);
INSERT INTO `ums_pcd_dic` VALUES (141126, '石楼县', 141100);
INSERT INTO `ums_pcd_dic` VALUES (141127, '岚县', 141100);
INSERT INTO `ums_pcd_dic` VALUES (141128, '方山县', 141100);
INSERT INTO `ums_pcd_dic` VALUES (141129, '中阳县', 141100);
INSERT INTO `ums_pcd_dic` VALUES (141130, '交口县', 141100);
INSERT INTO `ums_pcd_dic` VALUES (141181, '孝义市', 141100);
INSERT INTO `ums_pcd_dic` VALUES (141182, '汾阳市', 141100);
INSERT INTO `ums_pcd_dic` VALUES (150000, '内蒙古自治区', 0);
INSERT INTO `ums_pcd_dic` VALUES (150100, '呼和浩特市', 150000);
INSERT INTO `ums_pcd_dic` VALUES (150102, '新城区', 150100);
INSERT INTO `ums_pcd_dic` VALUES (150103, '回民区', 150100);
INSERT INTO `ums_pcd_dic` VALUES (150104, '玉泉区', 150100);
INSERT INTO `ums_pcd_dic` VALUES (150105, '赛罕区', 150100);
INSERT INTO `ums_pcd_dic` VALUES (150121, '土默特左旗', 150100);
INSERT INTO `ums_pcd_dic` VALUES (150122, '托克托县', 150100);
INSERT INTO `ums_pcd_dic` VALUES (150123, '和林格尔县', 150100);
INSERT INTO `ums_pcd_dic` VALUES (150124, '清水河县', 150100);
INSERT INTO `ums_pcd_dic` VALUES (150125, '武川县', 150100);
INSERT INTO `ums_pcd_dic` VALUES (150200, '包头市', 150000);
INSERT INTO `ums_pcd_dic` VALUES (150202, '东河区', 150200);
INSERT INTO `ums_pcd_dic` VALUES (150203, '昆都仑区', 150200);
INSERT INTO `ums_pcd_dic` VALUES (150204, '青山区', 150200);
INSERT INTO `ums_pcd_dic` VALUES (150205, '石拐区', 150200);
INSERT INTO `ums_pcd_dic` VALUES (150206, '白云鄂博矿区', 150200);
INSERT INTO `ums_pcd_dic` VALUES (150207, '九原区', 150200);
INSERT INTO `ums_pcd_dic` VALUES (150221, '土默特右旗', 150200);
INSERT INTO `ums_pcd_dic` VALUES (150222, '固阳县', 150200);
INSERT INTO `ums_pcd_dic` VALUES (150223, '达尔罕茂明安联合旗', 150200);
INSERT INTO `ums_pcd_dic` VALUES (150300, '乌海市', 150000);
INSERT INTO `ums_pcd_dic` VALUES (150302, '海勃湾区', 150300);
INSERT INTO `ums_pcd_dic` VALUES (150303, '海南区', 150300);
INSERT INTO `ums_pcd_dic` VALUES (150304, '乌达区', 150300);
INSERT INTO `ums_pcd_dic` VALUES (150400, '赤峰市', 150000);
INSERT INTO `ums_pcd_dic` VALUES (150402, '红山区', 150400);
INSERT INTO `ums_pcd_dic` VALUES (150403, '元宝山区', 150400);
INSERT INTO `ums_pcd_dic` VALUES (150404, '松山区', 150400);
INSERT INTO `ums_pcd_dic` VALUES (150421, '阿鲁科尔沁旗', 150400);
INSERT INTO `ums_pcd_dic` VALUES (150422, '巴林左旗', 150400);
INSERT INTO `ums_pcd_dic` VALUES (150423, '巴林右旗', 150400);
INSERT INTO `ums_pcd_dic` VALUES (150424, '林西县', 150400);
INSERT INTO `ums_pcd_dic` VALUES (150425, '克什克腾旗', 150400);
INSERT INTO `ums_pcd_dic` VALUES (150426, '翁牛特旗', 150400);
INSERT INTO `ums_pcd_dic` VALUES (150428, '喀喇沁旗', 150400);
INSERT INTO `ums_pcd_dic` VALUES (150429, '宁城县', 150400);
INSERT INTO `ums_pcd_dic` VALUES (150430, '敖汉旗', 150400);
INSERT INTO `ums_pcd_dic` VALUES (150500, '通辽市', 150000);
INSERT INTO `ums_pcd_dic` VALUES (150502, '科尔沁区', 150500);
INSERT INTO `ums_pcd_dic` VALUES (150521, '科尔沁左翼中旗', 150500);
INSERT INTO `ums_pcd_dic` VALUES (150522, '科尔沁左翼后旗', 150500);
INSERT INTO `ums_pcd_dic` VALUES (150523, '开鲁县', 150500);
INSERT INTO `ums_pcd_dic` VALUES (150524, '库伦旗', 150500);
INSERT INTO `ums_pcd_dic` VALUES (150525, '奈曼旗', 150500);
INSERT INTO `ums_pcd_dic` VALUES (150526, '扎鲁特旗', 150500);
INSERT INTO `ums_pcd_dic` VALUES (150581, '霍林郭勒市', 150500);
INSERT INTO `ums_pcd_dic` VALUES (150600, '鄂尔多斯市', 150000);
INSERT INTO `ums_pcd_dic` VALUES (150602, '东胜区', 150600);
INSERT INTO `ums_pcd_dic` VALUES (150621, '达拉特旗', 150600);
INSERT INTO `ums_pcd_dic` VALUES (150622, '准格尔旗', 150600);
INSERT INTO `ums_pcd_dic` VALUES (150623, '鄂托克前旗', 150600);
INSERT INTO `ums_pcd_dic` VALUES (150624, '鄂托克旗', 150600);
INSERT INTO `ums_pcd_dic` VALUES (150625, '杭锦旗', 150600);
INSERT INTO `ums_pcd_dic` VALUES (150626, '乌审旗', 150600);
INSERT INTO `ums_pcd_dic` VALUES (150627, '伊金霍洛旗', 150600);
INSERT INTO `ums_pcd_dic` VALUES (150700, '呼伦贝尔市', 150000);
INSERT INTO `ums_pcd_dic` VALUES (150702, '海拉尔区', 150700);
INSERT INTO `ums_pcd_dic` VALUES (150703, '扎赉诺尔区', 150700);
INSERT INTO `ums_pcd_dic` VALUES (150721, '阿荣旗', 150700);
INSERT INTO `ums_pcd_dic` VALUES (150722, '莫力达瓦达斡尔族自治旗', 150700);
INSERT INTO `ums_pcd_dic` VALUES (150723, '鄂伦春自治旗', 150700);
INSERT INTO `ums_pcd_dic` VALUES (150724, '鄂温克族自治旗', 150700);
INSERT INTO `ums_pcd_dic` VALUES (150725, '陈巴尔虎旗', 150700);
INSERT INTO `ums_pcd_dic` VALUES (150726, '新巴尔虎左旗', 150700);
INSERT INTO `ums_pcd_dic` VALUES (150727, '新巴尔虎右旗', 150700);
INSERT INTO `ums_pcd_dic` VALUES (150781, '满洲里市', 150700);
INSERT INTO `ums_pcd_dic` VALUES (150782, '牙克石市', 150700);
INSERT INTO `ums_pcd_dic` VALUES (150783, '扎兰屯市', 150700);
INSERT INTO `ums_pcd_dic` VALUES (150784, '额尔古纳市', 150700);
INSERT INTO `ums_pcd_dic` VALUES (150785, '根河市', 150700);
INSERT INTO `ums_pcd_dic` VALUES (150800, '巴彦淖尔市', 150000);
INSERT INTO `ums_pcd_dic` VALUES (150802, '临河区', 150800);
INSERT INTO `ums_pcd_dic` VALUES (150821, '五原县', 150800);
INSERT INTO `ums_pcd_dic` VALUES (150822, '磴口县', 150800);
INSERT INTO `ums_pcd_dic` VALUES (150823, '乌拉特前旗', 150800);
INSERT INTO `ums_pcd_dic` VALUES (150824, '乌拉特中旗', 150800);
INSERT INTO `ums_pcd_dic` VALUES (150825, '乌拉特后旗', 150800);
INSERT INTO `ums_pcd_dic` VALUES (150826, '杭锦后旗', 150800);
INSERT INTO `ums_pcd_dic` VALUES (150900, '乌兰察布市', 150000);
INSERT INTO `ums_pcd_dic` VALUES (150902, '集宁区', 150900);
INSERT INTO `ums_pcd_dic` VALUES (150921, '卓资县', 150900);
INSERT INTO `ums_pcd_dic` VALUES (150922, '化德县', 150900);
INSERT INTO `ums_pcd_dic` VALUES (150923, '商都县', 150900);
INSERT INTO `ums_pcd_dic` VALUES (150924, '兴和县', 150900);
INSERT INTO `ums_pcd_dic` VALUES (150925, '凉城县', 150900);
INSERT INTO `ums_pcd_dic` VALUES (150926, '察哈尔右翼前旗', 150900);
INSERT INTO `ums_pcd_dic` VALUES (150927, '察哈尔右翼中旗', 150900);
INSERT INTO `ums_pcd_dic` VALUES (150928, '察哈尔右翼后旗', 150900);
INSERT INTO `ums_pcd_dic` VALUES (150929, '四子王旗', 150900);
INSERT INTO `ums_pcd_dic` VALUES (150981, '丰镇市', 150900);
INSERT INTO `ums_pcd_dic` VALUES (152200, '兴安盟', 150000);
INSERT INTO `ums_pcd_dic` VALUES (152201, '乌兰浩特市', 152200);
INSERT INTO `ums_pcd_dic` VALUES (152202, '阿尔山市', 152200);
INSERT INTO `ums_pcd_dic` VALUES (152221, '科尔沁右翼前旗', 152200);
INSERT INTO `ums_pcd_dic` VALUES (152222, '科尔沁右翼中旗', 152200);
INSERT INTO `ums_pcd_dic` VALUES (152223, '扎赉特旗', 152200);
INSERT INTO `ums_pcd_dic` VALUES (152224, '突泉县', 152200);
INSERT INTO `ums_pcd_dic` VALUES (152500, '锡林郭勒盟', 150000);
INSERT INTO `ums_pcd_dic` VALUES (152501, '二连浩特市', 152500);
INSERT INTO `ums_pcd_dic` VALUES (152502, '锡林浩特市', 152500);
INSERT INTO `ums_pcd_dic` VALUES (152522, '阿巴嘎旗', 152500);
INSERT INTO `ums_pcd_dic` VALUES (152523, '苏尼特左旗', 152500);
INSERT INTO `ums_pcd_dic` VALUES (152524, '苏尼特右旗', 152500);
INSERT INTO `ums_pcd_dic` VALUES (152525, '东乌珠穆沁旗', 152500);
INSERT INTO `ums_pcd_dic` VALUES (152526, '西乌珠穆沁旗', 152500);
INSERT INTO `ums_pcd_dic` VALUES (152527, '太仆寺旗', 152500);
INSERT INTO `ums_pcd_dic` VALUES (152528, '镶黄旗', 152500);
INSERT INTO `ums_pcd_dic` VALUES (152529, '正镶白旗', 152500);
INSERT INTO `ums_pcd_dic` VALUES (152530, '正蓝旗', 152500);
INSERT INTO `ums_pcd_dic` VALUES (152531, '多伦县', 152500);
INSERT INTO `ums_pcd_dic` VALUES (152900, '阿拉善盟', 150000);
INSERT INTO `ums_pcd_dic` VALUES (152921, '阿拉善左旗', 152900);
INSERT INTO `ums_pcd_dic` VALUES (152922, '阿拉善右旗', 152900);
INSERT INTO `ums_pcd_dic` VALUES (152923, '额济纳旗', 152900);
INSERT INTO `ums_pcd_dic` VALUES (210000, '辽宁省', 0);
INSERT INTO `ums_pcd_dic` VALUES (210100, '沈阳市', 210000);
INSERT INTO `ums_pcd_dic` VALUES (210102, '和平区', 210100);
INSERT INTO `ums_pcd_dic` VALUES (210103, '沈河区', 210100);
INSERT INTO `ums_pcd_dic` VALUES (210104, '大东区', 210100);
INSERT INTO `ums_pcd_dic` VALUES (210105, '皇姑区', 210100);
INSERT INTO `ums_pcd_dic` VALUES (210106, '铁西区', 210100);
INSERT INTO `ums_pcd_dic` VALUES (210111, '苏家屯区', 210100);
INSERT INTO `ums_pcd_dic` VALUES (210112, '浑南区', 210100);
INSERT INTO `ums_pcd_dic` VALUES (210113, '沈北新区', 210100);
INSERT INTO `ums_pcd_dic` VALUES (210114, '于洪区', 210100);
INSERT INTO `ums_pcd_dic` VALUES (210122, '辽中县', 210100);
INSERT INTO `ums_pcd_dic` VALUES (210123, '康平县', 210100);
INSERT INTO `ums_pcd_dic` VALUES (210124, '法库县', 210100);
INSERT INTO `ums_pcd_dic` VALUES (210181, '新民市', 210100);
INSERT INTO `ums_pcd_dic` VALUES (210200, '大连市', 210000);
INSERT INTO `ums_pcd_dic` VALUES (210202, '中山区', 210200);
INSERT INTO `ums_pcd_dic` VALUES (210203, '西岗区', 210200);
INSERT INTO `ums_pcd_dic` VALUES (210204, '沙河口区', 210200);
INSERT INTO `ums_pcd_dic` VALUES (210211, '甘井子区', 210200);
INSERT INTO `ums_pcd_dic` VALUES (210212, '旅顺口区', 210200);
INSERT INTO `ums_pcd_dic` VALUES (210213, '金州区', 210200);
INSERT INTO `ums_pcd_dic` VALUES (210224, '长海县', 210200);
INSERT INTO `ums_pcd_dic` VALUES (210281, '瓦房店市', 210200);
INSERT INTO `ums_pcd_dic` VALUES (210282, '普兰店市', 210200);
INSERT INTO `ums_pcd_dic` VALUES (210283, '庄河市', 210200);
INSERT INTO `ums_pcd_dic` VALUES (210300, '鞍山市', 210000);
INSERT INTO `ums_pcd_dic` VALUES (210302, '铁东区', 210300);
INSERT INTO `ums_pcd_dic` VALUES (210303, '铁西区', 210300);
INSERT INTO `ums_pcd_dic` VALUES (210304, '立山区', 210300);
INSERT INTO `ums_pcd_dic` VALUES (210311, '千山区', 210300);
INSERT INTO `ums_pcd_dic` VALUES (210321, '台安县', 210300);
INSERT INTO `ums_pcd_dic` VALUES (210323, '岫岩满族自治县', 210300);
INSERT INTO `ums_pcd_dic` VALUES (210381, '海城市', 210300);
INSERT INTO `ums_pcd_dic` VALUES (210400, '抚顺市', 210000);
INSERT INTO `ums_pcd_dic` VALUES (210402, '新抚区', 210400);
INSERT INTO `ums_pcd_dic` VALUES (210403, '东洲区', 210400);
INSERT INTO `ums_pcd_dic` VALUES (210404, '望花区', 210400);
INSERT INTO `ums_pcd_dic` VALUES (210411, '顺城区', 210400);
INSERT INTO `ums_pcd_dic` VALUES (210421, '抚顺县', 210400);
INSERT INTO `ums_pcd_dic` VALUES (210422, '新宾满族自治县', 210400);
INSERT INTO `ums_pcd_dic` VALUES (210423, '清原满族自治县', 210400);
INSERT INTO `ums_pcd_dic` VALUES (210500, '本溪市', 210000);
INSERT INTO `ums_pcd_dic` VALUES (210502, '平山区', 210500);
INSERT INTO `ums_pcd_dic` VALUES (210503, '溪湖区', 210500);
INSERT INTO `ums_pcd_dic` VALUES (210504, '明山区', 210500);
INSERT INTO `ums_pcd_dic` VALUES (210505, '南芬区', 210500);
INSERT INTO `ums_pcd_dic` VALUES (210521, '本溪满族自治县', 210500);
INSERT INTO `ums_pcd_dic` VALUES (210522, '桓仁满族自治县', 210500);
INSERT INTO `ums_pcd_dic` VALUES (210600, '丹东市', 210000);
INSERT INTO `ums_pcd_dic` VALUES (210602, '元宝区', 210600);
INSERT INTO `ums_pcd_dic` VALUES (210603, '振兴区', 210600);
INSERT INTO `ums_pcd_dic` VALUES (210604, '振安区', 210600);
INSERT INTO `ums_pcd_dic` VALUES (210624, '宽甸满族自治县', 210600);
INSERT INTO `ums_pcd_dic` VALUES (210681, '东港市', 210600);
INSERT INTO `ums_pcd_dic` VALUES (210682, '凤城市', 210600);
INSERT INTO `ums_pcd_dic` VALUES (210700, '锦州市', 210000);
INSERT INTO `ums_pcd_dic` VALUES (210702, '古塔区', 210700);
INSERT INTO `ums_pcd_dic` VALUES (210703, '凌河区', 210700);
INSERT INTO `ums_pcd_dic` VALUES (210711, '太和区', 210700);
INSERT INTO `ums_pcd_dic` VALUES (210726, '黑山县', 210700);
INSERT INTO `ums_pcd_dic` VALUES (210727, '义县', 210700);
INSERT INTO `ums_pcd_dic` VALUES (210781, '凌海市', 210700);
INSERT INTO `ums_pcd_dic` VALUES (210782, '北镇市', 210700);
INSERT INTO `ums_pcd_dic` VALUES (210800, '营口市', 210000);
INSERT INTO `ums_pcd_dic` VALUES (210802, '站前区', 210800);
INSERT INTO `ums_pcd_dic` VALUES (210803, '西市区', 210800);
INSERT INTO `ums_pcd_dic` VALUES (210804, '鲅鱼圈区', 210800);
INSERT INTO `ums_pcd_dic` VALUES (210811, '老边区', 210800);
INSERT INTO `ums_pcd_dic` VALUES (210881, '盖州市', 210800);
INSERT INTO `ums_pcd_dic` VALUES (210882, '大石桥市', 210800);
INSERT INTO `ums_pcd_dic` VALUES (210900, '阜新市', 210000);
INSERT INTO `ums_pcd_dic` VALUES (210902, '海州区', 210900);
INSERT INTO `ums_pcd_dic` VALUES (210903, '新邱区', 210900);
INSERT INTO `ums_pcd_dic` VALUES (210904, '太平区', 210900);
INSERT INTO `ums_pcd_dic` VALUES (210905, '清河门区', 210900);
INSERT INTO `ums_pcd_dic` VALUES (210911, '细河区', 210900);
INSERT INTO `ums_pcd_dic` VALUES (210921, '阜新蒙古族自治县', 210900);
INSERT INTO `ums_pcd_dic` VALUES (210922, '彰武县', 210900);
INSERT INTO `ums_pcd_dic` VALUES (211000, '辽阳市', 210000);
INSERT INTO `ums_pcd_dic` VALUES (211002, '白塔区', 211000);
INSERT INTO `ums_pcd_dic` VALUES (211003, '文圣区', 211000);
INSERT INTO `ums_pcd_dic` VALUES (211004, '宏伟区', 211000);
INSERT INTO `ums_pcd_dic` VALUES (211005, '弓长岭区', 211000);
INSERT INTO `ums_pcd_dic` VALUES (211011, '太子河区', 211000);
INSERT INTO `ums_pcd_dic` VALUES (211021, '辽阳县', 211000);
INSERT INTO `ums_pcd_dic` VALUES (211081, '灯塔市', 211000);
INSERT INTO `ums_pcd_dic` VALUES (211100, '盘锦市', 210000);
INSERT INTO `ums_pcd_dic` VALUES (211102, '双台子区', 211100);
INSERT INTO `ums_pcd_dic` VALUES (211103, '兴隆台区', 211100);
INSERT INTO `ums_pcd_dic` VALUES (211121, '大洼县', 211100);
INSERT INTO `ums_pcd_dic` VALUES (211122, '盘山县', 211100);
INSERT INTO `ums_pcd_dic` VALUES (211200, '铁岭市', 210000);
INSERT INTO `ums_pcd_dic` VALUES (211202, '银州区', 211200);
INSERT INTO `ums_pcd_dic` VALUES (211204, '清河区', 211200);
INSERT INTO `ums_pcd_dic` VALUES (211221, '铁岭县', 211200);
INSERT INTO `ums_pcd_dic` VALUES (211223, '西丰县', 211200);
INSERT INTO `ums_pcd_dic` VALUES (211224, '昌图县', 211200);
INSERT INTO `ums_pcd_dic` VALUES (211281, '调兵山市', 211200);
INSERT INTO `ums_pcd_dic` VALUES (211282, '开原市', 211200);
INSERT INTO `ums_pcd_dic` VALUES (211300, '朝阳市', 210000);
INSERT INTO `ums_pcd_dic` VALUES (211302, '双塔区', 211300);
INSERT INTO `ums_pcd_dic` VALUES (211303, '龙城区', 211300);
INSERT INTO `ums_pcd_dic` VALUES (211321, '朝阳县', 211300);
INSERT INTO `ums_pcd_dic` VALUES (211322, '建平县', 211300);
INSERT INTO `ums_pcd_dic` VALUES (211324, '喀喇沁左翼蒙古族自治县', 211300);
INSERT INTO `ums_pcd_dic` VALUES (211381, '北票市', 211300);
INSERT INTO `ums_pcd_dic` VALUES (211382, '凌源市', 211300);
INSERT INTO `ums_pcd_dic` VALUES (211400, '葫芦岛市', 210000);
INSERT INTO `ums_pcd_dic` VALUES (211402, '连山区', 211400);
INSERT INTO `ums_pcd_dic` VALUES (211403, '龙港区', 211400);
INSERT INTO `ums_pcd_dic` VALUES (211404, '南票区', 211400);
INSERT INTO `ums_pcd_dic` VALUES (211421, '绥中县', 211400);
INSERT INTO `ums_pcd_dic` VALUES (211422, '建昌县', 211400);
INSERT INTO `ums_pcd_dic` VALUES (211481, '兴城市', 211400);
INSERT INTO `ums_pcd_dic` VALUES (211500, '金普新区', 210000);
INSERT INTO `ums_pcd_dic` VALUES (211501, '金州新区', 211500);
INSERT INTO `ums_pcd_dic` VALUES (211502, '普湾新区', 211500);
INSERT INTO `ums_pcd_dic` VALUES (211503, '保税区', 211500);
INSERT INTO `ums_pcd_dic` VALUES (220000, '吉林省', 0);
INSERT INTO `ums_pcd_dic` VALUES (220100, '长春市', 220000);
INSERT INTO `ums_pcd_dic` VALUES (220102, '南关区', 220100);
INSERT INTO `ums_pcd_dic` VALUES (220103, '宽城区', 220100);
INSERT INTO `ums_pcd_dic` VALUES (220104, '朝阳区', 220100);
INSERT INTO `ums_pcd_dic` VALUES (220105, '二道区', 220100);
INSERT INTO `ums_pcd_dic` VALUES (220106, '绿园区', 220100);
INSERT INTO `ums_pcd_dic` VALUES (220112, '双阳区', 220100);
INSERT INTO `ums_pcd_dic` VALUES (220113, '九台区', 220100);
INSERT INTO `ums_pcd_dic` VALUES (220122, '农安县', 220100);
INSERT INTO `ums_pcd_dic` VALUES (220182, '榆树市', 220100);
INSERT INTO `ums_pcd_dic` VALUES (220183, '德惠市', 220100);
INSERT INTO `ums_pcd_dic` VALUES (220200, '吉林市', 220000);
INSERT INTO `ums_pcd_dic` VALUES (220202, '昌邑区', 220200);
INSERT INTO `ums_pcd_dic` VALUES (220203, '龙潭区', 220200);
INSERT INTO `ums_pcd_dic` VALUES (220204, '船营区', 220200);
INSERT INTO `ums_pcd_dic` VALUES (220211, '丰满区', 220200);
INSERT INTO `ums_pcd_dic` VALUES (220221, '永吉县', 220200);
INSERT INTO `ums_pcd_dic` VALUES (220281, '蛟河市', 220200);
INSERT INTO `ums_pcd_dic` VALUES (220282, '桦甸市', 220200);
INSERT INTO `ums_pcd_dic` VALUES (220283, '舒兰市', 220200);
INSERT INTO `ums_pcd_dic` VALUES (220284, '磐石市', 220200);
INSERT INTO `ums_pcd_dic` VALUES (220300, '四平市', 220000);
INSERT INTO `ums_pcd_dic` VALUES (220302, '铁西区', 220300);
INSERT INTO `ums_pcd_dic` VALUES (220303, '铁东区', 220300);
INSERT INTO `ums_pcd_dic` VALUES (220322, '梨树县', 220300);
INSERT INTO `ums_pcd_dic` VALUES (220323, '伊通满族自治县', 220300);
INSERT INTO `ums_pcd_dic` VALUES (220381, '公主岭市', 220300);
INSERT INTO `ums_pcd_dic` VALUES (220382, '双辽市', 220300);
INSERT INTO `ums_pcd_dic` VALUES (220400, '辽源市', 220000);
INSERT INTO `ums_pcd_dic` VALUES (220402, '龙山区', 220400);
INSERT INTO `ums_pcd_dic` VALUES (220403, '西安区', 220400);
INSERT INTO `ums_pcd_dic` VALUES (220421, '东丰县', 220400);
INSERT INTO `ums_pcd_dic` VALUES (220422, '东辽县', 220400);
INSERT INTO `ums_pcd_dic` VALUES (220500, '通化市', 220000);
INSERT INTO `ums_pcd_dic` VALUES (220502, '东昌区', 220500);
INSERT INTO `ums_pcd_dic` VALUES (220503, '二道江区', 220500);
INSERT INTO `ums_pcd_dic` VALUES (220521, '通化县', 220500);
INSERT INTO `ums_pcd_dic` VALUES (220523, '辉南县', 220500);
INSERT INTO `ums_pcd_dic` VALUES (220524, '柳河县', 220500);
INSERT INTO `ums_pcd_dic` VALUES (220581, '梅河口市', 220500);
INSERT INTO `ums_pcd_dic` VALUES (220582, '集安市', 220500);
INSERT INTO `ums_pcd_dic` VALUES (220600, '白山市', 220000);
INSERT INTO `ums_pcd_dic` VALUES (220602, '浑江区', 220600);
INSERT INTO `ums_pcd_dic` VALUES (220605, '江源区', 220600);
INSERT INTO `ums_pcd_dic` VALUES (220621, '抚松县', 220600);
INSERT INTO `ums_pcd_dic` VALUES (220622, '靖宇县', 220600);
INSERT INTO `ums_pcd_dic` VALUES (220623, '长白朝鲜族自治县', 220600);
INSERT INTO `ums_pcd_dic` VALUES (220681, '临江市', 220600);
INSERT INTO `ums_pcd_dic` VALUES (220700, '松原市', 220000);
INSERT INTO `ums_pcd_dic` VALUES (220702, '宁江区', 220700);
INSERT INTO `ums_pcd_dic` VALUES (220721, '前郭尔罗斯蒙古族自治县', 220700);
INSERT INTO `ums_pcd_dic` VALUES (220722, '长岭县', 220700);
INSERT INTO `ums_pcd_dic` VALUES (220723, '乾安县', 220700);
INSERT INTO `ums_pcd_dic` VALUES (220781, '扶余市', 220700);
INSERT INTO `ums_pcd_dic` VALUES (220800, '白城市', 220000);
INSERT INTO `ums_pcd_dic` VALUES (220802, '洮北区', 220800);
INSERT INTO `ums_pcd_dic` VALUES (220821, '镇赉县', 220800);
INSERT INTO `ums_pcd_dic` VALUES (220822, '通榆县', 220800);
INSERT INTO `ums_pcd_dic` VALUES (220881, '洮南市', 220800);
INSERT INTO `ums_pcd_dic` VALUES (220882, '大安市', 220800);
INSERT INTO `ums_pcd_dic` VALUES (222400, '延边朝鲜族自治州', 220000);
INSERT INTO `ums_pcd_dic` VALUES (222401, '延吉市', 222400);
INSERT INTO `ums_pcd_dic` VALUES (222402, '图们市', 222400);
INSERT INTO `ums_pcd_dic` VALUES (222403, '敦化市', 222400);
INSERT INTO `ums_pcd_dic` VALUES (222404, '珲春市', 222400);
INSERT INTO `ums_pcd_dic` VALUES (222405, '龙井市', 222400);
INSERT INTO `ums_pcd_dic` VALUES (222406, '和龙市', 222400);
INSERT INTO `ums_pcd_dic` VALUES (222424, '汪清县', 222400);
INSERT INTO `ums_pcd_dic` VALUES (222426, '安图县', 222400);
INSERT INTO `ums_pcd_dic` VALUES (230000, '黑龙江省', 0);
INSERT INTO `ums_pcd_dic` VALUES (230100, '哈尔滨市', 230000);
INSERT INTO `ums_pcd_dic` VALUES (230102, '道里区', 230100);
INSERT INTO `ums_pcd_dic` VALUES (230103, '南岗区', 230100);
INSERT INTO `ums_pcd_dic` VALUES (230104, '道外区', 230100);
INSERT INTO `ums_pcd_dic` VALUES (230108, '平房区', 230100);
INSERT INTO `ums_pcd_dic` VALUES (230109, '松北区', 230100);
INSERT INTO `ums_pcd_dic` VALUES (230110, '香坊区', 230100);
INSERT INTO `ums_pcd_dic` VALUES (230111, '呼兰区', 230100);
INSERT INTO `ums_pcd_dic` VALUES (230112, '阿城区', 230100);
INSERT INTO `ums_pcd_dic` VALUES (230113, '双城区', 230100);
INSERT INTO `ums_pcd_dic` VALUES (230123, '依兰县', 230100);
INSERT INTO `ums_pcd_dic` VALUES (230124, '方正县', 230100);
INSERT INTO `ums_pcd_dic` VALUES (230125, '宾县', 230100);
INSERT INTO `ums_pcd_dic` VALUES (230126, '巴彦县', 230100);
INSERT INTO `ums_pcd_dic` VALUES (230127, '木兰县', 230100);
INSERT INTO `ums_pcd_dic` VALUES (230128, '通河县', 230100);
INSERT INTO `ums_pcd_dic` VALUES (230129, '延寿县', 230100);
INSERT INTO `ums_pcd_dic` VALUES (230183, '尚志市', 230100);
INSERT INTO `ums_pcd_dic` VALUES (230184, '五常市', 230100);
INSERT INTO `ums_pcd_dic` VALUES (230200, '齐齐哈尔市', 230000);
INSERT INTO `ums_pcd_dic` VALUES (230202, '龙沙区', 230200);
INSERT INTO `ums_pcd_dic` VALUES (230203, '建华区', 230200);
INSERT INTO `ums_pcd_dic` VALUES (230204, '铁锋区', 230200);
INSERT INTO `ums_pcd_dic` VALUES (230205, '昂昂溪区', 230200);
INSERT INTO `ums_pcd_dic` VALUES (230206, '富拉尔基区', 230200);
INSERT INTO `ums_pcd_dic` VALUES (230207, '碾子山区', 230200);
INSERT INTO `ums_pcd_dic` VALUES (230208, '梅里斯达斡尔族区', 230200);
INSERT INTO `ums_pcd_dic` VALUES (230221, '龙江县', 230200);
INSERT INTO `ums_pcd_dic` VALUES (230223, '依安县', 230200);
INSERT INTO `ums_pcd_dic` VALUES (230224, '泰来县', 230200);
INSERT INTO `ums_pcd_dic` VALUES (230225, '甘南县', 230200);
INSERT INTO `ums_pcd_dic` VALUES (230227, '富裕县', 230200);
INSERT INTO `ums_pcd_dic` VALUES (230229, '克山县', 230200);
INSERT INTO `ums_pcd_dic` VALUES (230230, '克东县', 230200);
INSERT INTO `ums_pcd_dic` VALUES (230231, '拜泉县', 230200);
INSERT INTO `ums_pcd_dic` VALUES (230281, '讷河市', 230200);
INSERT INTO `ums_pcd_dic` VALUES (230300, '鸡西市', 230000);
INSERT INTO `ums_pcd_dic` VALUES (230302, '鸡冠区', 230300);
INSERT INTO `ums_pcd_dic` VALUES (230303, '恒山区', 230300);
INSERT INTO `ums_pcd_dic` VALUES (230304, '滴道区', 230300);
INSERT INTO `ums_pcd_dic` VALUES (230305, '梨树区', 230300);
INSERT INTO `ums_pcd_dic` VALUES (230306, '城子河区', 230300);
INSERT INTO `ums_pcd_dic` VALUES (230307, '麻山区', 230300);
INSERT INTO `ums_pcd_dic` VALUES (230321, '鸡东县', 230300);
INSERT INTO `ums_pcd_dic` VALUES (230381, '虎林市', 230300);
INSERT INTO `ums_pcd_dic` VALUES (230382, '密山市', 230300);
INSERT INTO `ums_pcd_dic` VALUES (230400, '鹤岗市', 230000);
INSERT INTO `ums_pcd_dic` VALUES (230402, '向阳区', 230400);
INSERT INTO `ums_pcd_dic` VALUES (230403, '工农区', 230400);
INSERT INTO `ums_pcd_dic` VALUES (230404, '南山区', 230400);
INSERT INTO `ums_pcd_dic` VALUES (230405, '兴安区', 230400);
INSERT INTO `ums_pcd_dic` VALUES (230406, '东山区', 230400);
INSERT INTO `ums_pcd_dic` VALUES (230407, '兴山区', 230400);
INSERT INTO `ums_pcd_dic` VALUES (230421, '萝北县', 230400);
INSERT INTO `ums_pcd_dic` VALUES (230422, '绥滨县', 230400);
INSERT INTO `ums_pcd_dic` VALUES (230500, '双鸭山市', 230000);
INSERT INTO `ums_pcd_dic` VALUES (230502, '尖山区', 230500);
INSERT INTO `ums_pcd_dic` VALUES (230503, '岭东区', 230500);
INSERT INTO `ums_pcd_dic` VALUES (230505, '四方台区', 230500);
INSERT INTO `ums_pcd_dic` VALUES (230506, '宝山区', 230500);
INSERT INTO `ums_pcd_dic` VALUES (230521, '集贤县', 230500);
INSERT INTO `ums_pcd_dic` VALUES (230522, '友谊县', 230500);
INSERT INTO `ums_pcd_dic` VALUES (230523, '宝清县', 230500);
INSERT INTO `ums_pcd_dic` VALUES (230524, '饶河县', 230500);
INSERT INTO `ums_pcd_dic` VALUES (230600, '大庆市', 230000);
INSERT INTO `ums_pcd_dic` VALUES (230602, '萨尔图区', 230600);
INSERT INTO `ums_pcd_dic` VALUES (230603, '龙凤区', 230600);
INSERT INTO `ums_pcd_dic` VALUES (230604, '让胡路区', 230600);
INSERT INTO `ums_pcd_dic` VALUES (230605, '红岗区', 230600);
INSERT INTO `ums_pcd_dic` VALUES (230606, '大同区', 230600);
INSERT INTO `ums_pcd_dic` VALUES (230621, '肇州县', 230600);
INSERT INTO `ums_pcd_dic` VALUES (230622, '肇源县', 230600);
INSERT INTO `ums_pcd_dic` VALUES (230623, '林甸县', 230600);
INSERT INTO `ums_pcd_dic` VALUES (230624, '杜尔伯特蒙古族自治县', 230600);
INSERT INTO `ums_pcd_dic` VALUES (230700, '伊春市', 230000);
INSERT INTO `ums_pcd_dic` VALUES (230702, '伊春区', 230700);
INSERT INTO `ums_pcd_dic` VALUES (230703, '南岔区', 230700);
INSERT INTO `ums_pcd_dic` VALUES (230704, '友好区', 230700);
INSERT INTO `ums_pcd_dic` VALUES (230705, '西林区', 230700);
INSERT INTO `ums_pcd_dic` VALUES (230706, '翠峦区', 230700);
INSERT INTO `ums_pcd_dic` VALUES (230707, '新青区', 230700);
INSERT INTO `ums_pcd_dic` VALUES (230708, '美溪区', 230700);
INSERT INTO `ums_pcd_dic` VALUES (230709, '金山屯区', 230700);
INSERT INTO `ums_pcd_dic` VALUES (230710, '五营区', 230700);
INSERT INTO `ums_pcd_dic` VALUES (230711, '乌马河区', 230700);
INSERT INTO `ums_pcd_dic` VALUES (230712, '汤旺河区', 230700);
INSERT INTO `ums_pcd_dic` VALUES (230713, '带岭区', 230700);
INSERT INTO `ums_pcd_dic` VALUES (230714, '乌伊岭区', 230700);
INSERT INTO `ums_pcd_dic` VALUES (230715, '红星区', 230700);
INSERT INTO `ums_pcd_dic` VALUES (230716, '上甘岭区', 230700);
INSERT INTO `ums_pcd_dic` VALUES (230722, '嘉荫县', 230700);
INSERT INTO `ums_pcd_dic` VALUES (230781, '铁力市', 230700);
INSERT INTO `ums_pcd_dic` VALUES (230800, '佳木斯市', 230000);
INSERT INTO `ums_pcd_dic` VALUES (230803, '向阳区', 230800);
INSERT INTO `ums_pcd_dic` VALUES (230804, '前进区', 230800);
INSERT INTO `ums_pcd_dic` VALUES (230805, '东风区', 230800);
INSERT INTO `ums_pcd_dic` VALUES (230811, '郊区', 230800);
INSERT INTO `ums_pcd_dic` VALUES (230822, '桦南县', 230800);
INSERT INTO `ums_pcd_dic` VALUES (230826, '桦川县', 230800);
INSERT INTO `ums_pcd_dic` VALUES (230828, '汤原县', 230800);
INSERT INTO `ums_pcd_dic` VALUES (230833, '抚远县', 230800);
INSERT INTO `ums_pcd_dic` VALUES (230881, '同江市', 230800);
INSERT INTO `ums_pcd_dic` VALUES (230882, '富锦市', 230800);
INSERT INTO `ums_pcd_dic` VALUES (230900, '七台河市', 230000);
INSERT INTO `ums_pcd_dic` VALUES (230902, '新兴区', 230900);
INSERT INTO `ums_pcd_dic` VALUES (230903, '桃山区', 230900);
INSERT INTO `ums_pcd_dic` VALUES (230904, '茄子河区', 230900);
INSERT INTO `ums_pcd_dic` VALUES (230921, '勃利县', 230900);
INSERT INTO `ums_pcd_dic` VALUES (231000, '牡丹江市', 230000);
INSERT INTO `ums_pcd_dic` VALUES (231002, '东安区', 231000);
INSERT INTO `ums_pcd_dic` VALUES (231003, '阳明区', 231000);
INSERT INTO `ums_pcd_dic` VALUES (231004, '爱民区', 231000);
INSERT INTO `ums_pcd_dic` VALUES (231005, '西安区', 231000);
INSERT INTO `ums_pcd_dic` VALUES (231024, '东宁县', 231000);
INSERT INTO `ums_pcd_dic` VALUES (231025, '林口县', 231000);
INSERT INTO `ums_pcd_dic` VALUES (231081, '绥芬河市', 231000);
INSERT INTO `ums_pcd_dic` VALUES (231083, '海林市', 231000);
INSERT INTO `ums_pcd_dic` VALUES (231084, '宁安市', 231000);
INSERT INTO `ums_pcd_dic` VALUES (231085, '穆棱市', 231000);
INSERT INTO `ums_pcd_dic` VALUES (231100, '黑河市', 230000);
INSERT INTO `ums_pcd_dic` VALUES (231102, '爱辉区', 231100);
INSERT INTO `ums_pcd_dic` VALUES (231121, '嫩江县', 231100);
INSERT INTO `ums_pcd_dic` VALUES (231123, '逊克县', 231100);
INSERT INTO `ums_pcd_dic` VALUES (231124, '孙吴县', 231100);
INSERT INTO `ums_pcd_dic` VALUES (231181, '北安市', 231100);
INSERT INTO `ums_pcd_dic` VALUES (231182, '五大连池市', 231100);
INSERT INTO `ums_pcd_dic` VALUES (231200, '绥化市', 230000);
INSERT INTO `ums_pcd_dic` VALUES (231202, '北林区', 231200);
INSERT INTO `ums_pcd_dic` VALUES (231221, '望奎县', 231200);
INSERT INTO `ums_pcd_dic` VALUES (231222, '兰西县', 231200);
INSERT INTO `ums_pcd_dic` VALUES (231223, '青冈县', 231200);
INSERT INTO `ums_pcd_dic` VALUES (231224, '庆安县', 231200);
INSERT INTO `ums_pcd_dic` VALUES (231225, '明水县', 231200);
INSERT INTO `ums_pcd_dic` VALUES (231226, '绥棱县', 231200);
INSERT INTO `ums_pcd_dic` VALUES (231281, '安达市', 231200);
INSERT INTO `ums_pcd_dic` VALUES (231282, '肇东市', 231200);
INSERT INTO `ums_pcd_dic` VALUES (231283, '海伦市', 231200);
INSERT INTO `ums_pcd_dic` VALUES (232700, '大兴安岭地区', 230000);
INSERT INTO `ums_pcd_dic` VALUES (232701, '加格达奇区', 232700);
INSERT INTO `ums_pcd_dic` VALUES (232702, '新林区', 232700);
INSERT INTO `ums_pcd_dic` VALUES (232703, '松岭区', 232700);
INSERT INTO `ums_pcd_dic` VALUES (232704, '呼中区', 232700);
INSERT INTO `ums_pcd_dic` VALUES (232721, '呼玛县', 232700);
INSERT INTO `ums_pcd_dic` VALUES (232722, '塔河县', 232700);
INSERT INTO `ums_pcd_dic` VALUES (232723, '漠河县', 232700);
INSERT INTO `ums_pcd_dic` VALUES (310000, '上海', 0);
INSERT INTO `ums_pcd_dic` VALUES (310100, '上海市', 310000);
INSERT INTO `ums_pcd_dic` VALUES (310101, '黄浦区', 310100);
INSERT INTO `ums_pcd_dic` VALUES (310104, '徐汇区', 310100);
INSERT INTO `ums_pcd_dic` VALUES (310105, '长宁区', 310100);
INSERT INTO `ums_pcd_dic` VALUES (310106, '静安区', 310100);
INSERT INTO `ums_pcd_dic` VALUES (310107, '普陀区', 310100);
INSERT INTO `ums_pcd_dic` VALUES (310108, '闸北区', 310100);
INSERT INTO `ums_pcd_dic` VALUES (310109, '虹口区', 310100);
INSERT INTO `ums_pcd_dic` VALUES (310110, '杨浦区', 310100);
INSERT INTO `ums_pcd_dic` VALUES (310112, '闵行区', 310100);
INSERT INTO `ums_pcd_dic` VALUES (310113, '宝山区', 310100);
INSERT INTO `ums_pcd_dic` VALUES (310114, '嘉定区', 310100);
INSERT INTO `ums_pcd_dic` VALUES (310115, '浦东新区', 310100);
INSERT INTO `ums_pcd_dic` VALUES (310116, '金山区', 310100);
INSERT INTO `ums_pcd_dic` VALUES (310117, '松江区', 310100);
INSERT INTO `ums_pcd_dic` VALUES (310118, '青浦区', 310100);
INSERT INTO `ums_pcd_dic` VALUES (310120, '奉贤区', 310100);
INSERT INTO `ums_pcd_dic` VALUES (310230, '崇明县', 310100);
INSERT INTO `ums_pcd_dic` VALUES (320000, '江苏省', 0);
INSERT INTO `ums_pcd_dic` VALUES (320100, '南京市', 320000);
INSERT INTO `ums_pcd_dic` VALUES (320102, '玄武区', 320100);
INSERT INTO `ums_pcd_dic` VALUES (320104, '秦淮区', 320100);
INSERT INTO `ums_pcd_dic` VALUES (320105, '建邺区', 320100);
INSERT INTO `ums_pcd_dic` VALUES (320106, '鼓楼区', 320100);
INSERT INTO `ums_pcd_dic` VALUES (320111, '浦口区', 320100);
INSERT INTO `ums_pcd_dic` VALUES (320113, '栖霞区', 320100);
INSERT INTO `ums_pcd_dic` VALUES (320114, '雨花台区', 320100);
INSERT INTO `ums_pcd_dic` VALUES (320115, '江宁区', 320100);
INSERT INTO `ums_pcd_dic` VALUES (320116, '六合区', 320100);
INSERT INTO `ums_pcd_dic` VALUES (320117, '溧水区', 320100);
INSERT INTO `ums_pcd_dic` VALUES (320118, '高淳区', 320100);
INSERT INTO `ums_pcd_dic` VALUES (320200, '无锡市', 320000);
INSERT INTO `ums_pcd_dic` VALUES (320202, '崇安区', 320200);
INSERT INTO `ums_pcd_dic` VALUES (320203, '南长区', 320200);
INSERT INTO `ums_pcd_dic` VALUES (320204, '北塘区', 320200);
INSERT INTO `ums_pcd_dic` VALUES (320205, '锡山区', 320200);
INSERT INTO `ums_pcd_dic` VALUES (320206, '惠山区', 320200);
INSERT INTO `ums_pcd_dic` VALUES (320211, '滨湖区', 320200);
INSERT INTO `ums_pcd_dic` VALUES (320281, '江阴市', 320200);
INSERT INTO `ums_pcd_dic` VALUES (320282, '宜兴市', 320200);
INSERT INTO `ums_pcd_dic` VALUES (320300, '徐州市', 320000);
INSERT INTO `ums_pcd_dic` VALUES (320302, '鼓楼区', 320300);
INSERT INTO `ums_pcd_dic` VALUES (320303, '云龙区', 320300);
INSERT INTO `ums_pcd_dic` VALUES (320305, '贾汪区', 320300);
INSERT INTO `ums_pcd_dic` VALUES (320311, '泉山区', 320300);
INSERT INTO `ums_pcd_dic` VALUES (320312, '铜山区', 320300);
INSERT INTO `ums_pcd_dic` VALUES (320321, '丰县', 320300);
INSERT INTO `ums_pcd_dic` VALUES (320322, '沛县', 320300);
INSERT INTO `ums_pcd_dic` VALUES (320324, '睢宁县', 320300);
INSERT INTO `ums_pcd_dic` VALUES (320381, '新沂市', 320300);
INSERT INTO `ums_pcd_dic` VALUES (320382, '邳州市', 320300);
INSERT INTO `ums_pcd_dic` VALUES (320400, '常州市', 320000);
INSERT INTO `ums_pcd_dic` VALUES (320402, '天宁区', 320400);
INSERT INTO `ums_pcd_dic` VALUES (320404, '钟楼区', 320400);
INSERT INTO `ums_pcd_dic` VALUES (320405, '戚墅堰区', 320400);
INSERT INTO `ums_pcd_dic` VALUES (320411, '新北区', 320400);
INSERT INTO `ums_pcd_dic` VALUES (320412, '武进区', 320400);
INSERT INTO `ums_pcd_dic` VALUES (320481, '溧阳市', 320400);
INSERT INTO `ums_pcd_dic` VALUES (320482, '金坛市', 320400);
INSERT INTO `ums_pcd_dic` VALUES (320500, '苏州市', 320000);
INSERT INTO `ums_pcd_dic` VALUES (320505, '虎丘区', 320500);
INSERT INTO `ums_pcd_dic` VALUES (320506, '吴中区', 320500);
INSERT INTO `ums_pcd_dic` VALUES (320507, '相城区', 320500);
INSERT INTO `ums_pcd_dic` VALUES (320508, '姑苏区', 320500);
INSERT INTO `ums_pcd_dic` VALUES (320509, '吴江区', 320500);
INSERT INTO `ums_pcd_dic` VALUES (320581, '常熟市', 320500);
INSERT INTO `ums_pcd_dic` VALUES (320582, '张家港市', 320500);
INSERT INTO `ums_pcd_dic` VALUES (320583, '昆山市', 320500);
INSERT INTO `ums_pcd_dic` VALUES (320585, '太仓市', 320500);
INSERT INTO `ums_pcd_dic` VALUES (320600, '南通市', 320000);
INSERT INTO `ums_pcd_dic` VALUES (320602, '崇川区', 320600);
INSERT INTO `ums_pcd_dic` VALUES (320611, '港闸区', 320600);
INSERT INTO `ums_pcd_dic` VALUES (320612, '通州区', 320600);
INSERT INTO `ums_pcd_dic` VALUES (320621, '海安县', 320600);
INSERT INTO `ums_pcd_dic` VALUES (320623, '如东县', 320600);
INSERT INTO `ums_pcd_dic` VALUES (320681, '启东市', 320600);
INSERT INTO `ums_pcd_dic` VALUES (320682, '如皋市', 320600);
INSERT INTO `ums_pcd_dic` VALUES (320684, '海门市', 320600);
INSERT INTO `ums_pcd_dic` VALUES (320700, '连云港市', 320000);
INSERT INTO `ums_pcd_dic` VALUES (320703, '连云区', 320700);
INSERT INTO `ums_pcd_dic` VALUES (320706, '海州区', 320700);
INSERT INTO `ums_pcd_dic` VALUES (320707, '赣榆区', 320700);
INSERT INTO `ums_pcd_dic` VALUES (320722, '东海县', 320700);
INSERT INTO `ums_pcd_dic` VALUES (320723, '灌云县', 320700);
INSERT INTO `ums_pcd_dic` VALUES (320724, '灌南县', 320700);
INSERT INTO `ums_pcd_dic` VALUES (320800, '淮安市', 320000);
INSERT INTO `ums_pcd_dic` VALUES (320802, '清河区', 320800);
INSERT INTO `ums_pcd_dic` VALUES (320803, '淮安区', 320800);
INSERT INTO `ums_pcd_dic` VALUES (320804, '淮阴区', 320800);
INSERT INTO `ums_pcd_dic` VALUES (320811, '清浦区', 320800);
INSERT INTO `ums_pcd_dic` VALUES (320826, '涟水县', 320800);
INSERT INTO `ums_pcd_dic` VALUES (320829, '洪泽县', 320800);
INSERT INTO `ums_pcd_dic` VALUES (320830, '盱眙县', 320800);
INSERT INTO `ums_pcd_dic` VALUES (320831, '金湖县', 320800);
INSERT INTO `ums_pcd_dic` VALUES (320900, '盐城市', 320000);
INSERT INTO `ums_pcd_dic` VALUES (320902, '亭湖区', 320900);
INSERT INTO `ums_pcd_dic` VALUES (320903, '盐都区', 320900);
INSERT INTO `ums_pcd_dic` VALUES (320921, '响水县', 320900);
INSERT INTO `ums_pcd_dic` VALUES (320922, '滨海县', 320900);
INSERT INTO `ums_pcd_dic` VALUES (320923, '阜宁县', 320900);
INSERT INTO `ums_pcd_dic` VALUES (320924, '射阳县', 320900);
INSERT INTO `ums_pcd_dic` VALUES (320925, '建湖县', 320900);
INSERT INTO `ums_pcd_dic` VALUES (320981, '东台市', 320900);
INSERT INTO `ums_pcd_dic` VALUES (320982, '大丰市', 320900);
INSERT INTO `ums_pcd_dic` VALUES (321000, '扬州市', 320000);
INSERT INTO `ums_pcd_dic` VALUES (321002, '广陵区', 321000);
INSERT INTO `ums_pcd_dic` VALUES (321003, '邗江区', 321000);
INSERT INTO `ums_pcd_dic` VALUES (321012, '江都区', 321000);
INSERT INTO `ums_pcd_dic` VALUES (321023, '宝应县', 321000);
INSERT INTO `ums_pcd_dic` VALUES (321081, '仪征市', 321000);
INSERT INTO `ums_pcd_dic` VALUES (321084, '高邮市', 321000);
INSERT INTO `ums_pcd_dic` VALUES (321100, '镇江市', 320000);
INSERT INTO `ums_pcd_dic` VALUES (321102, '京口区', 321100);
INSERT INTO `ums_pcd_dic` VALUES (321111, '润州区', 321100);
INSERT INTO `ums_pcd_dic` VALUES (321112, '丹徒区', 321100);
INSERT INTO `ums_pcd_dic` VALUES (321181, '丹阳市', 321100);
INSERT INTO `ums_pcd_dic` VALUES (321182, '扬中市', 321100);
INSERT INTO `ums_pcd_dic` VALUES (321183, '句容市', 321100);
INSERT INTO `ums_pcd_dic` VALUES (321200, '泰州市', 320000);
INSERT INTO `ums_pcd_dic` VALUES (321202, '海陵区', 321200);
INSERT INTO `ums_pcd_dic` VALUES (321203, '高港区', 321200);
INSERT INTO `ums_pcd_dic` VALUES (321204, '姜堰区', 321200);
INSERT INTO `ums_pcd_dic` VALUES (321281, '兴化市', 321200);
INSERT INTO `ums_pcd_dic` VALUES (321282, '靖江市', 321200);
INSERT INTO `ums_pcd_dic` VALUES (321283, '泰兴市', 321200);
INSERT INTO `ums_pcd_dic` VALUES (321300, '宿迁市', 320000);
INSERT INTO `ums_pcd_dic` VALUES (321302, '宿城区', 321300);
INSERT INTO `ums_pcd_dic` VALUES (321311, '宿豫区', 321300);
INSERT INTO `ums_pcd_dic` VALUES (321322, '沭阳县', 321300);
INSERT INTO `ums_pcd_dic` VALUES (321323, '泗阳县', 321300);
INSERT INTO `ums_pcd_dic` VALUES (321324, '泗洪县', 321300);
INSERT INTO `ums_pcd_dic` VALUES (330000, '浙江省', 0);
INSERT INTO `ums_pcd_dic` VALUES (330100, '杭州市', 330000);
INSERT INTO `ums_pcd_dic` VALUES (330102, '上城区', 330100);
INSERT INTO `ums_pcd_dic` VALUES (330103, '下城区', 330100);
INSERT INTO `ums_pcd_dic` VALUES (330104, '江干区', 330100);
INSERT INTO `ums_pcd_dic` VALUES (330105, '拱墅区', 330100);
INSERT INTO `ums_pcd_dic` VALUES (330106, '西湖区', 330100);
INSERT INTO `ums_pcd_dic` VALUES (330108, '滨江区', 330100);
INSERT INTO `ums_pcd_dic` VALUES (330109, '萧山区', 330100);
INSERT INTO `ums_pcd_dic` VALUES (330110, '余杭区', 330100);
INSERT INTO `ums_pcd_dic` VALUES (330122, '桐庐县', 330100);
INSERT INTO `ums_pcd_dic` VALUES (330127, '淳安县', 330100);
INSERT INTO `ums_pcd_dic` VALUES (330182, '建德市', 330100);
INSERT INTO `ums_pcd_dic` VALUES (330183, '富阳区', 330100);
INSERT INTO `ums_pcd_dic` VALUES (330185, '临安市', 330100);
INSERT INTO `ums_pcd_dic` VALUES (330200, '宁波市', 330000);
INSERT INTO `ums_pcd_dic` VALUES (330203, '海曙区', 330200);
INSERT INTO `ums_pcd_dic` VALUES (330204, '江东区', 330200);
INSERT INTO `ums_pcd_dic` VALUES (330205, '江北区', 330200);
INSERT INTO `ums_pcd_dic` VALUES (330206, '北仑区', 330200);
INSERT INTO `ums_pcd_dic` VALUES (330211, '镇海区', 330200);
INSERT INTO `ums_pcd_dic` VALUES (330212, '鄞州区', 330200);
INSERT INTO `ums_pcd_dic` VALUES (330225, '象山县', 330200);
INSERT INTO `ums_pcd_dic` VALUES (330226, '宁海县', 330200);
INSERT INTO `ums_pcd_dic` VALUES (330281, '余姚市', 330200);
INSERT INTO `ums_pcd_dic` VALUES (330282, '慈溪市', 330200);
INSERT INTO `ums_pcd_dic` VALUES (330283, '奉化市', 330200);
INSERT INTO `ums_pcd_dic` VALUES (330300, '温州市', 330000);
INSERT INTO `ums_pcd_dic` VALUES (330302, '鹿城区', 330300);
INSERT INTO `ums_pcd_dic` VALUES (330303, '龙湾区', 330300);
INSERT INTO `ums_pcd_dic` VALUES (330304, '瓯海区', 330300);
INSERT INTO `ums_pcd_dic` VALUES (330322, '洞头县', 330300);
INSERT INTO `ums_pcd_dic` VALUES (330324, '永嘉县', 330300);
INSERT INTO `ums_pcd_dic` VALUES (330326, '平阳县', 330300);
INSERT INTO `ums_pcd_dic` VALUES (330327, '苍南县', 330300);
INSERT INTO `ums_pcd_dic` VALUES (330328, '文成县', 330300);
INSERT INTO `ums_pcd_dic` VALUES (330329, '泰顺县', 330300);
INSERT INTO `ums_pcd_dic` VALUES (330381, '瑞安市', 330300);
INSERT INTO `ums_pcd_dic` VALUES (330382, '乐清市', 330300);
INSERT INTO `ums_pcd_dic` VALUES (330400, '嘉兴市', 330000);
INSERT INTO `ums_pcd_dic` VALUES (330402, '南湖区', 330400);
INSERT INTO `ums_pcd_dic` VALUES (330411, '秀洲区', 330400);
INSERT INTO `ums_pcd_dic` VALUES (330421, '嘉善县', 330400);
INSERT INTO `ums_pcd_dic` VALUES (330424, '海盐县', 330400);
INSERT INTO `ums_pcd_dic` VALUES (330481, '海宁市', 330400);
INSERT INTO `ums_pcd_dic` VALUES (330482, '平湖市', 330400);
INSERT INTO `ums_pcd_dic` VALUES (330483, '桐乡市', 330400);
INSERT INTO `ums_pcd_dic` VALUES (330500, '湖州市', 330000);
INSERT INTO `ums_pcd_dic` VALUES (330502, '吴兴区', 330500);
INSERT INTO `ums_pcd_dic` VALUES (330503, '南浔区', 330500);
INSERT INTO `ums_pcd_dic` VALUES (330521, '德清县', 330500);
INSERT INTO `ums_pcd_dic` VALUES (330522, '长兴县', 330500);
INSERT INTO `ums_pcd_dic` VALUES (330523, '安吉县', 330500);
INSERT INTO `ums_pcd_dic` VALUES (330600, '绍兴市', 330000);
INSERT INTO `ums_pcd_dic` VALUES (330602, '越城区', 330600);
INSERT INTO `ums_pcd_dic` VALUES (330603, '柯桥区', 330600);
INSERT INTO `ums_pcd_dic` VALUES (330604, '上虞区', 330600);
INSERT INTO `ums_pcd_dic` VALUES (330624, '新昌县', 330600);
INSERT INTO `ums_pcd_dic` VALUES (330681, '诸暨市', 330600);
INSERT INTO `ums_pcd_dic` VALUES (330683, '嵊州市', 330600);
INSERT INTO `ums_pcd_dic` VALUES (330700, '金华市', 330000);
INSERT INTO `ums_pcd_dic` VALUES (330702, '婺城区', 330700);
INSERT INTO `ums_pcd_dic` VALUES (330703, '金东区', 330700);
INSERT INTO `ums_pcd_dic` VALUES (330723, '武义县', 330700);
INSERT INTO `ums_pcd_dic` VALUES (330726, '浦江县', 330700);
INSERT INTO `ums_pcd_dic` VALUES (330727, '磐安县', 330700);
INSERT INTO `ums_pcd_dic` VALUES (330781, '兰溪市', 330700);
INSERT INTO `ums_pcd_dic` VALUES (330782, '义乌市', 330700);
INSERT INTO `ums_pcd_dic` VALUES (330783, '东阳市', 330700);
INSERT INTO `ums_pcd_dic` VALUES (330784, '永康市', 330700);
INSERT INTO `ums_pcd_dic` VALUES (330800, '衢州市', 330000);
INSERT INTO `ums_pcd_dic` VALUES (330802, '柯城区', 330800);
INSERT INTO `ums_pcd_dic` VALUES (330803, '衢江区', 330800);
INSERT INTO `ums_pcd_dic` VALUES (330822, '常山县', 330800);
INSERT INTO `ums_pcd_dic` VALUES (330824, '开化县', 330800);
INSERT INTO `ums_pcd_dic` VALUES (330825, '龙游县', 330800);
INSERT INTO `ums_pcd_dic` VALUES (330881, '江山市', 330800);
INSERT INTO `ums_pcd_dic` VALUES (330900, '舟山市', 330000);
INSERT INTO `ums_pcd_dic` VALUES (330902, '定海区', 330900);
INSERT INTO `ums_pcd_dic` VALUES (330903, '普陀区', 330900);
INSERT INTO `ums_pcd_dic` VALUES (330921, '岱山县', 330900);
INSERT INTO `ums_pcd_dic` VALUES (330922, '嵊泗县', 330900);
INSERT INTO `ums_pcd_dic` VALUES (331000, '台州市', 330000);
INSERT INTO `ums_pcd_dic` VALUES (331002, '椒江区', 331000);
INSERT INTO `ums_pcd_dic` VALUES (331003, '黄岩区', 331000);
INSERT INTO `ums_pcd_dic` VALUES (331004, '路桥区', 331000);
INSERT INTO `ums_pcd_dic` VALUES (331021, '玉环县', 331000);
INSERT INTO `ums_pcd_dic` VALUES (331022, '三门县', 331000);
INSERT INTO `ums_pcd_dic` VALUES (331023, '天台县', 331000);
INSERT INTO `ums_pcd_dic` VALUES (331024, '仙居县', 331000);
INSERT INTO `ums_pcd_dic` VALUES (331081, '温岭市', 331000);
INSERT INTO `ums_pcd_dic` VALUES (331082, '临海市', 331000);
INSERT INTO `ums_pcd_dic` VALUES (331100, '丽水市', 330000);
INSERT INTO `ums_pcd_dic` VALUES (331102, '莲都区', 331100);
INSERT INTO `ums_pcd_dic` VALUES (331121, '青田县', 331100);
INSERT INTO `ums_pcd_dic` VALUES (331122, '缙云县', 331100);
INSERT INTO `ums_pcd_dic` VALUES (331123, '遂昌县', 331100);
INSERT INTO `ums_pcd_dic` VALUES (331124, '松阳县', 331100);
INSERT INTO `ums_pcd_dic` VALUES (331125, '云和县', 331100);
INSERT INTO `ums_pcd_dic` VALUES (331126, '庆元县', 331100);
INSERT INTO `ums_pcd_dic` VALUES (331127, '景宁畲族自治县', 331100);
INSERT INTO `ums_pcd_dic` VALUES (331181, '龙泉市', 331100);
INSERT INTO `ums_pcd_dic` VALUES (331200, '舟山群岛新区', 330000);
INSERT INTO `ums_pcd_dic` VALUES (331201, '金塘岛', 331200);
INSERT INTO `ums_pcd_dic` VALUES (331202, '六横岛', 331200);
INSERT INTO `ums_pcd_dic` VALUES (331203, '衢山岛', 331200);
INSERT INTO `ums_pcd_dic` VALUES (331204, '舟山本岛西北部', 331200);
INSERT INTO `ums_pcd_dic` VALUES (331205, '岱山岛西南部', 331200);
INSERT INTO `ums_pcd_dic` VALUES (331206, '泗礁岛', 331200);
INSERT INTO `ums_pcd_dic` VALUES (331207, '朱家尖岛', 331200);
INSERT INTO `ums_pcd_dic` VALUES (331208, '洋山岛', 331200);
INSERT INTO `ums_pcd_dic` VALUES (331209, '长涂岛', 331200);
INSERT INTO `ums_pcd_dic` VALUES (331210, '虾峙岛', 331200);
INSERT INTO `ums_pcd_dic` VALUES (340000, '安徽省', 0);
INSERT INTO `ums_pcd_dic` VALUES (340100, '合肥市', 340000);
INSERT INTO `ums_pcd_dic` VALUES (340102, '瑶海区', 340100);
INSERT INTO `ums_pcd_dic` VALUES (340103, '庐阳区', 340100);
INSERT INTO `ums_pcd_dic` VALUES (340104, '蜀山区', 340100);
INSERT INTO `ums_pcd_dic` VALUES (340111, '包河区', 340100);
INSERT INTO `ums_pcd_dic` VALUES (340121, '长丰县', 340100);
INSERT INTO `ums_pcd_dic` VALUES (340122, '肥东县', 340100);
INSERT INTO `ums_pcd_dic` VALUES (340123, '肥西县', 340100);
INSERT INTO `ums_pcd_dic` VALUES (340124, '庐江县', 340100);
INSERT INTO `ums_pcd_dic` VALUES (340181, '巢湖市', 340100);
INSERT INTO `ums_pcd_dic` VALUES (340200, '芜湖市', 340000);
INSERT INTO `ums_pcd_dic` VALUES (340202, '镜湖区', 340200);
INSERT INTO `ums_pcd_dic` VALUES (340203, '弋江区', 340200);
INSERT INTO `ums_pcd_dic` VALUES (340207, '鸠江区', 340200);
INSERT INTO `ums_pcd_dic` VALUES (340208, '三山区', 340200);
INSERT INTO `ums_pcd_dic` VALUES (340221, '芜湖县', 340200);
INSERT INTO `ums_pcd_dic` VALUES (340222, '繁昌县', 340200);
INSERT INTO `ums_pcd_dic` VALUES (340223, '南陵县', 340200);
INSERT INTO `ums_pcd_dic` VALUES (340225, '无为县', 340200);
INSERT INTO `ums_pcd_dic` VALUES (340300, '蚌埠市', 340000);
INSERT INTO `ums_pcd_dic` VALUES (340302, '龙子湖区', 340300);
INSERT INTO `ums_pcd_dic` VALUES (340303, '蚌山区', 340300);
INSERT INTO `ums_pcd_dic` VALUES (340304, '禹会区', 340300);
INSERT INTO `ums_pcd_dic` VALUES (340311, '淮上区', 340300);
INSERT INTO `ums_pcd_dic` VALUES (340321, '怀远县', 340300);
INSERT INTO `ums_pcd_dic` VALUES (340322, '五河县', 340300);
INSERT INTO `ums_pcd_dic` VALUES (340323, '固镇县', 340300);
INSERT INTO `ums_pcd_dic` VALUES (340400, '淮南市', 340000);
INSERT INTO `ums_pcd_dic` VALUES (340402, '大通区', 340400);
INSERT INTO `ums_pcd_dic` VALUES (340403, '田家庵区', 340400);
INSERT INTO `ums_pcd_dic` VALUES (340404, '谢家集区', 340400);
INSERT INTO `ums_pcd_dic` VALUES (340405, '八公山区', 340400);
INSERT INTO `ums_pcd_dic` VALUES (340406, '潘集区', 340400);
INSERT INTO `ums_pcd_dic` VALUES (340421, '凤台县', 340400);
INSERT INTO `ums_pcd_dic` VALUES (340500, '马鞍山市', 340000);
INSERT INTO `ums_pcd_dic` VALUES (340503, '花山区', 340500);
INSERT INTO `ums_pcd_dic` VALUES (340504, '雨山区', 340500);
INSERT INTO `ums_pcd_dic` VALUES (340506, '博望区', 340500);
INSERT INTO `ums_pcd_dic` VALUES (340521, '当涂县', 340500);
INSERT INTO `ums_pcd_dic` VALUES (340522, '含山县', 340500);
INSERT INTO `ums_pcd_dic` VALUES (340523, '和县', 340500);
INSERT INTO `ums_pcd_dic` VALUES (340600, '淮北市', 340000);
INSERT INTO `ums_pcd_dic` VALUES (340602, '杜集区', 340600);
INSERT INTO `ums_pcd_dic` VALUES (340603, '相山区', 340600);
INSERT INTO `ums_pcd_dic` VALUES (340604, '烈山区', 340600);
INSERT INTO `ums_pcd_dic` VALUES (340621, '濉溪县', 340600);
INSERT INTO `ums_pcd_dic` VALUES (340700, '铜陵市', 340000);
INSERT INTO `ums_pcd_dic` VALUES (340702, '铜官山区', 340700);
INSERT INTO `ums_pcd_dic` VALUES (340703, '狮子山区', 340700);
INSERT INTO `ums_pcd_dic` VALUES (340711, '郊区', 340700);
INSERT INTO `ums_pcd_dic` VALUES (340721, '铜陵县', 340700);
INSERT INTO `ums_pcd_dic` VALUES (340800, '安庆市', 340000);
INSERT INTO `ums_pcd_dic` VALUES (340802, '迎江区', 340800);
INSERT INTO `ums_pcd_dic` VALUES (340803, '大观区', 340800);
INSERT INTO `ums_pcd_dic` VALUES (340811, '宜秀区', 340800);
INSERT INTO `ums_pcd_dic` VALUES (340822, '怀宁县', 340800);
INSERT INTO `ums_pcd_dic` VALUES (340823, '枞阳县', 340800);
INSERT INTO `ums_pcd_dic` VALUES (340824, '潜山县', 340800);
INSERT INTO `ums_pcd_dic` VALUES (340825, '太湖县', 340800);
INSERT INTO `ums_pcd_dic` VALUES (340826, '宿松县', 340800);
INSERT INTO `ums_pcd_dic` VALUES (340827, '望江县', 340800);
INSERT INTO `ums_pcd_dic` VALUES (340828, '岳西县', 340800);
INSERT INTO `ums_pcd_dic` VALUES (340881, '桐城市', 340800);
INSERT INTO `ums_pcd_dic` VALUES (341000, '黄山市', 340000);
INSERT INTO `ums_pcd_dic` VALUES (341002, '屯溪区', 341000);
INSERT INTO `ums_pcd_dic` VALUES (341003, '黄山区', 341000);
INSERT INTO `ums_pcd_dic` VALUES (341004, '徽州区', 341000);
INSERT INTO `ums_pcd_dic` VALUES (341021, '歙县', 341000);
INSERT INTO `ums_pcd_dic` VALUES (341022, '休宁县', 341000);
INSERT INTO `ums_pcd_dic` VALUES (341023, '黟县', 341000);
INSERT INTO `ums_pcd_dic` VALUES (341024, '祁门县', 341000);
INSERT INTO `ums_pcd_dic` VALUES (341100, '滁州市', 340000);
INSERT INTO `ums_pcd_dic` VALUES (341102, '琅琊区', 341100);
INSERT INTO `ums_pcd_dic` VALUES (341103, '南谯区', 341100);
INSERT INTO `ums_pcd_dic` VALUES (341122, '来安县', 341100);
INSERT INTO `ums_pcd_dic` VALUES (341124, '全椒县', 341100);
INSERT INTO `ums_pcd_dic` VALUES (341125, '定远县', 341100);
INSERT INTO `ums_pcd_dic` VALUES (341126, '凤阳县', 341100);
INSERT INTO `ums_pcd_dic` VALUES (341181, '天长市', 341100);
INSERT INTO `ums_pcd_dic` VALUES (341182, '明光市', 341100);
INSERT INTO `ums_pcd_dic` VALUES (341200, '阜阳市', 340000);
INSERT INTO `ums_pcd_dic` VALUES (341202, '颍州区', 341200);
INSERT INTO `ums_pcd_dic` VALUES (341203, '颍东区', 341200);
INSERT INTO `ums_pcd_dic` VALUES (341204, '颍泉区', 341200);
INSERT INTO `ums_pcd_dic` VALUES (341221, '临泉县', 341200);
INSERT INTO `ums_pcd_dic` VALUES (341222, '太和县', 341200);
INSERT INTO `ums_pcd_dic` VALUES (341225, '阜南县', 341200);
INSERT INTO `ums_pcd_dic` VALUES (341226, '颍上县', 341200);
INSERT INTO `ums_pcd_dic` VALUES (341282, '界首市', 341200);
INSERT INTO `ums_pcd_dic` VALUES (341300, '宿州市', 340000);
INSERT INTO `ums_pcd_dic` VALUES (341302, '埇桥区', 341300);
INSERT INTO `ums_pcd_dic` VALUES (341321, '砀山县', 341300);
INSERT INTO `ums_pcd_dic` VALUES (341322, '萧县', 341300);
INSERT INTO `ums_pcd_dic` VALUES (341323, '灵璧县', 341300);
INSERT INTO `ums_pcd_dic` VALUES (341324, '泗县', 341300);
INSERT INTO `ums_pcd_dic` VALUES (341500, '六安市', 340000);
INSERT INTO `ums_pcd_dic` VALUES (341502, '金安区', 341500);
INSERT INTO `ums_pcd_dic` VALUES (341503, '裕安区', 341500);
INSERT INTO `ums_pcd_dic` VALUES (341521, '寿县', 341500);
INSERT INTO `ums_pcd_dic` VALUES (341522, '霍邱县', 341500);
INSERT INTO `ums_pcd_dic` VALUES (341523, '舒城县', 341500);
INSERT INTO `ums_pcd_dic` VALUES (341524, '金寨县', 341500);
INSERT INTO `ums_pcd_dic` VALUES (341525, '霍山县', 341500);
INSERT INTO `ums_pcd_dic` VALUES (341600, '亳州市', 340000);
INSERT INTO `ums_pcd_dic` VALUES (341602, '谯城区', 341600);
INSERT INTO `ums_pcd_dic` VALUES (341621, '涡阳县', 341600);
INSERT INTO `ums_pcd_dic` VALUES (341622, '蒙城县', 341600);
INSERT INTO `ums_pcd_dic` VALUES (341623, '利辛县', 341600);
INSERT INTO `ums_pcd_dic` VALUES (341700, '池州市', 340000);
INSERT INTO `ums_pcd_dic` VALUES (341702, '贵池区', 341700);
INSERT INTO `ums_pcd_dic` VALUES (341721, '东至县', 341700);
INSERT INTO `ums_pcd_dic` VALUES (341722, '石台县', 341700);
INSERT INTO `ums_pcd_dic` VALUES (341723, '青阳县', 341700);
INSERT INTO `ums_pcd_dic` VALUES (341800, '宣城市', 340000);
INSERT INTO `ums_pcd_dic` VALUES (341802, '宣州区', 341800);
INSERT INTO `ums_pcd_dic` VALUES (341821, '郎溪县', 341800);
INSERT INTO `ums_pcd_dic` VALUES (341822, '广德县', 341800);
INSERT INTO `ums_pcd_dic` VALUES (341823, '泾县', 341800);
INSERT INTO `ums_pcd_dic` VALUES (341824, '绩溪县', 341800);
INSERT INTO `ums_pcd_dic` VALUES (341825, '旌德县', 341800);
INSERT INTO `ums_pcd_dic` VALUES (341881, '宁国市', 341800);
INSERT INTO `ums_pcd_dic` VALUES (350000, '福建省', 0);
INSERT INTO `ums_pcd_dic` VALUES (350100, '福州市', 350000);
INSERT INTO `ums_pcd_dic` VALUES (350102, '鼓楼区', 350100);
INSERT INTO `ums_pcd_dic` VALUES (350103, '台江区', 350100);
INSERT INTO `ums_pcd_dic` VALUES (350104, '仓山区', 350100);
INSERT INTO `ums_pcd_dic` VALUES (350105, '马尾区', 350100);
INSERT INTO `ums_pcd_dic` VALUES (350111, '晋安区', 350100);
INSERT INTO `ums_pcd_dic` VALUES (350121, '闽侯县', 350100);
INSERT INTO `ums_pcd_dic` VALUES (350122, '连江县', 350100);
INSERT INTO `ums_pcd_dic` VALUES (350123, '罗源县', 350100);
INSERT INTO `ums_pcd_dic` VALUES (350124, '闽清县', 350100);
INSERT INTO `ums_pcd_dic` VALUES (350125, '永泰县', 350100);
INSERT INTO `ums_pcd_dic` VALUES (350128, '平潭县', 350100);
INSERT INTO `ums_pcd_dic` VALUES (350181, '福清市', 350100);
INSERT INTO `ums_pcd_dic` VALUES (350182, '长乐市', 350100);
INSERT INTO `ums_pcd_dic` VALUES (350200, '厦门市', 350000);
INSERT INTO `ums_pcd_dic` VALUES (350203, '思明区', 350200);
INSERT INTO `ums_pcd_dic` VALUES (350205, '海沧区', 350200);
INSERT INTO `ums_pcd_dic` VALUES (350206, '湖里区', 350200);
INSERT INTO `ums_pcd_dic` VALUES (350211, '集美区', 350200);
INSERT INTO `ums_pcd_dic` VALUES (350212, '同安区', 350200);
INSERT INTO `ums_pcd_dic` VALUES (350213, '翔安区', 350200);
INSERT INTO `ums_pcd_dic` VALUES (350300, '莆田市', 350000);
INSERT INTO `ums_pcd_dic` VALUES (350302, '城厢区', 350300);
INSERT INTO `ums_pcd_dic` VALUES (350303, '涵江区', 350300);
INSERT INTO `ums_pcd_dic` VALUES (350304, '荔城区', 350300);
INSERT INTO `ums_pcd_dic` VALUES (350305, '秀屿区', 350300);
INSERT INTO `ums_pcd_dic` VALUES (350322, '仙游县', 350300);
INSERT INTO `ums_pcd_dic` VALUES (350400, '三明市', 350000);
INSERT INTO `ums_pcd_dic` VALUES (350402, '梅列区', 350400);
INSERT INTO `ums_pcd_dic` VALUES (350403, '三元区', 350400);
INSERT INTO `ums_pcd_dic` VALUES (350421, '明溪县', 350400);
INSERT INTO `ums_pcd_dic` VALUES (350423, '清流县', 350400);
INSERT INTO `ums_pcd_dic` VALUES (350424, '宁化县', 350400);
INSERT INTO `ums_pcd_dic` VALUES (350425, '大田县', 350400);
INSERT INTO `ums_pcd_dic` VALUES (350426, '尤溪县', 350400);
INSERT INTO `ums_pcd_dic` VALUES (350427, '沙县', 350400);
INSERT INTO `ums_pcd_dic` VALUES (350428, '将乐县', 350400);
INSERT INTO `ums_pcd_dic` VALUES (350429, '泰宁县', 350400);
INSERT INTO `ums_pcd_dic` VALUES (350430, '建宁县', 350400);
INSERT INTO `ums_pcd_dic` VALUES (350481, '永安市', 350400);
INSERT INTO `ums_pcd_dic` VALUES (350500, '泉州市', 350000);
INSERT INTO `ums_pcd_dic` VALUES (350502, '鲤城区', 350500);
INSERT INTO `ums_pcd_dic` VALUES (350503, '丰泽区', 350500);
INSERT INTO `ums_pcd_dic` VALUES (350504, '洛江区', 350500);
INSERT INTO `ums_pcd_dic` VALUES (350505, '泉港区', 350500);
INSERT INTO `ums_pcd_dic` VALUES (350521, '惠安县', 350500);
INSERT INTO `ums_pcd_dic` VALUES (350524, '安溪县', 350500);
INSERT INTO `ums_pcd_dic` VALUES (350525, '永春县', 350500);
INSERT INTO `ums_pcd_dic` VALUES (350526, '德化县', 350500);
INSERT INTO `ums_pcd_dic` VALUES (350527, '金门县', 350500);
INSERT INTO `ums_pcd_dic` VALUES (350581, '石狮市', 350500);
INSERT INTO `ums_pcd_dic` VALUES (350582, '晋江市', 350500);
INSERT INTO `ums_pcd_dic` VALUES (350583, '南安市', 350500);
INSERT INTO `ums_pcd_dic` VALUES (350600, '漳州市', 350000);
INSERT INTO `ums_pcd_dic` VALUES (350602, '芗城区', 350600);
INSERT INTO `ums_pcd_dic` VALUES (350603, '龙文区', 350600);
INSERT INTO `ums_pcd_dic` VALUES (350622, '云霄县', 350600);
INSERT INTO `ums_pcd_dic` VALUES (350623, '漳浦县', 350600);
INSERT INTO `ums_pcd_dic` VALUES (350624, '诏安县', 350600);
INSERT INTO `ums_pcd_dic` VALUES (350625, '长泰县', 350600);
INSERT INTO `ums_pcd_dic` VALUES (350626, '东山县', 350600);
INSERT INTO `ums_pcd_dic` VALUES (350627, '南靖县', 350600);
INSERT INTO `ums_pcd_dic` VALUES (350628, '平和县', 350600);
INSERT INTO `ums_pcd_dic` VALUES (350629, '华安县', 350600);
INSERT INTO `ums_pcd_dic` VALUES (350681, '龙海市', 350600);
INSERT INTO `ums_pcd_dic` VALUES (350700, '南平市', 350000);
INSERT INTO `ums_pcd_dic` VALUES (350702, '延平区', 350700);
INSERT INTO `ums_pcd_dic` VALUES (350703, '建阳区', 350700);
INSERT INTO `ums_pcd_dic` VALUES (350721, '顺昌县', 350700);
INSERT INTO `ums_pcd_dic` VALUES (350722, '浦城县', 350700);
INSERT INTO `ums_pcd_dic` VALUES (350723, '光泽县', 350700);
INSERT INTO `ums_pcd_dic` VALUES (350724, '松溪县', 350700);
INSERT INTO `ums_pcd_dic` VALUES (350725, '政和县', 350700);
INSERT INTO `ums_pcd_dic` VALUES (350781, '邵武市', 350700);
INSERT INTO `ums_pcd_dic` VALUES (350782, '武夷山市', 350700);
INSERT INTO `ums_pcd_dic` VALUES (350783, '建瓯市', 350700);
INSERT INTO `ums_pcd_dic` VALUES (350800, '龙岩市', 350000);
INSERT INTO `ums_pcd_dic` VALUES (350802, '新罗区', 350800);
INSERT INTO `ums_pcd_dic` VALUES (350821, '长汀县', 350800);
INSERT INTO `ums_pcd_dic` VALUES (350822, '永定区', 350800);
INSERT INTO `ums_pcd_dic` VALUES (350823, '上杭县', 350800);
INSERT INTO `ums_pcd_dic` VALUES (350824, '武平县', 350800);
INSERT INTO `ums_pcd_dic` VALUES (350825, '连城县', 350800);
INSERT INTO `ums_pcd_dic` VALUES (350881, '漳平市', 350800);
INSERT INTO `ums_pcd_dic` VALUES (350900, '宁德市', 350000);
INSERT INTO `ums_pcd_dic` VALUES (350902, '蕉城区', 350900);
INSERT INTO `ums_pcd_dic` VALUES (350921, '霞浦县', 350900);
INSERT INTO `ums_pcd_dic` VALUES (350922, '古田县', 350900);
INSERT INTO `ums_pcd_dic` VALUES (350923, '屏南县', 350900);
INSERT INTO `ums_pcd_dic` VALUES (350924, '寿宁县', 350900);
INSERT INTO `ums_pcd_dic` VALUES (350925, '周宁县', 350900);
INSERT INTO `ums_pcd_dic` VALUES (350926, '柘荣县', 350900);
INSERT INTO `ums_pcd_dic` VALUES (350981, '福安市', 350900);
INSERT INTO `ums_pcd_dic` VALUES (350982, '福鼎市', 350900);
INSERT INTO `ums_pcd_dic` VALUES (360000, '江西省', 0);
INSERT INTO `ums_pcd_dic` VALUES (360100, '南昌市', 360000);
INSERT INTO `ums_pcd_dic` VALUES (360102, '东湖区', 360100);
INSERT INTO `ums_pcd_dic` VALUES (360103, '西湖区', 360100);
INSERT INTO `ums_pcd_dic` VALUES (360104, '青云谱区', 360100);
INSERT INTO `ums_pcd_dic` VALUES (360105, '湾里区', 360100);
INSERT INTO `ums_pcd_dic` VALUES (360111, '青山湖区', 360100);
INSERT INTO `ums_pcd_dic` VALUES (360121, '南昌县', 360100);
INSERT INTO `ums_pcd_dic` VALUES (360122, '新建县', 360100);
INSERT INTO `ums_pcd_dic` VALUES (360123, '安义县', 360100);
INSERT INTO `ums_pcd_dic` VALUES (360124, '进贤县', 360100);
INSERT INTO `ums_pcd_dic` VALUES (360200, '景德镇市', 360000);
INSERT INTO `ums_pcd_dic` VALUES (360202, '昌江区', 360200);
INSERT INTO `ums_pcd_dic` VALUES (360203, '珠山区', 360200);
INSERT INTO `ums_pcd_dic` VALUES (360222, '浮梁县', 360200);
INSERT INTO `ums_pcd_dic` VALUES (360281, '乐平市', 360200);
INSERT INTO `ums_pcd_dic` VALUES (360300, '萍乡市', 360000);
INSERT INTO `ums_pcd_dic` VALUES (360302, '安源区', 360300);
INSERT INTO `ums_pcd_dic` VALUES (360313, '湘东区', 360300);
INSERT INTO `ums_pcd_dic` VALUES (360321, '莲花县', 360300);
INSERT INTO `ums_pcd_dic` VALUES (360322, '上栗县', 360300);
INSERT INTO `ums_pcd_dic` VALUES (360323, '芦溪县', 360300);
INSERT INTO `ums_pcd_dic` VALUES (360400, '九江市', 360000);
INSERT INTO `ums_pcd_dic` VALUES (360402, '庐山区', 360400);
INSERT INTO `ums_pcd_dic` VALUES (360403, '浔阳区', 360400);
INSERT INTO `ums_pcd_dic` VALUES (360421, '九江县', 360400);
INSERT INTO `ums_pcd_dic` VALUES (360423, '武宁县', 360400);
INSERT INTO `ums_pcd_dic` VALUES (360424, '修水县', 360400);
INSERT INTO `ums_pcd_dic` VALUES (360425, '永修县', 360400);
INSERT INTO `ums_pcd_dic` VALUES (360426, '德安县', 360400);
INSERT INTO `ums_pcd_dic` VALUES (360427, '星子县', 360400);
INSERT INTO `ums_pcd_dic` VALUES (360428, '都昌县', 360400);
INSERT INTO `ums_pcd_dic` VALUES (360429, '湖口县', 360400);
INSERT INTO `ums_pcd_dic` VALUES (360430, '彭泽县', 360400);
INSERT INTO `ums_pcd_dic` VALUES (360481, '瑞昌市', 360400);
INSERT INTO `ums_pcd_dic` VALUES (360482, '共青城市', 360400);
INSERT INTO `ums_pcd_dic` VALUES (360500, '新余市', 360000);
INSERT INTO `ums_pcd_dic` VALUES (360502, '渝水区', 360500);
INSERT INTO `ums_pcd_dic` VALUES (360521, '分宜县', 360500);
INSERT INTO `ums_pcd_dic` VALUES (360600, '鹰潭市', 360000);
INSERT INTO `ums_pcd_dic` VALUES (360602, '月湖区', 360600);
INSERT INTO `ums_pcd_dic` VALUES (360622, '余江县', 360600);
INSERT INTO `ums_pcd_dic` VALUES (360681, '贵溪市', 360600);
INSERT INTO `ums_pcd_dic` VALUES (360700, '赣州市', 360000);
INSERT INTO `ums_pcd_dic` VALUES (360702, '章贡区', 360700);
INSERT INTO `ums_pcd_dic` VALUES (360703, '南康区', 360700);
INSERT INTO `ums_pcd_dic` VALUES (360721, '赣县', 360700);
INSERT INTO `ums_pcd_dic` VALUES (360722, '信丰县', 360700);
INSERT INTO `ums_pcd_dic` VALUES (360723, '大余县', 360700);
INSERT INTO `ums_pcd_dic` VALUES (360724, '上犹县', 360700);
INSERT INTO `ums_pcd_dic` VALUES (360725, '崇义县', 360700);
INSERT INTO `ums_pcd_dic` VALUES (360726, '安远县', 360700);
INSERT INTO `ums_pcd_dic` VALUES (360727, '龙南县', 360700);
INSERT INTO `ums_pcd_dic` VALUES (360728, '定南县', 360700);
INSERT INTO `ums_pcd_dic` VALUES (360729, '全南县', 360700);
INSERT INTO `ums_pcd_dic` VALUES (360730, '宁都县', 360700);
INSERT INTO `ums_pcd_dic` VALUES (360731, '于都县', 360700);
INSERT INTO `ums_pcd_dic` VALUES (360732, '兴国县', 360700);
INSERT INTO `ums_pcd_dic` VALUES (360733, '会昌县', 360700);
INSERT INTO `ums_pcd_dic` VALUES (360734, '寻乌县', 360700);
INSERT INTO `ums_pcd_dic` VALUES (360735, '石城县', 360700);
INSERT INTO `ums_pcd_dic` VALUES (360781, '瑞金市', 360700);
INSERT INTO `ums_pcd_dic` VALUES (360800, '吉安市', 360000);
INSERT INTO `ums_pcd_dic` VALUES (360802, '吉州区', 360800);
INSERT INTO `ums_pcd_dic` VALUES (360803, '青原区', 360800);
INSERT INTO `ums_pcd_dic` VALUES (360821, '吉安县', 360800);
INSERT INTO `ums_pcd_dic` VALUES (360822, '吉水县', 360800);
INSERT INTO `ums_pcd_dic` VALUES (360823, '峡江县', 360800);
INSERT INTO `ums_pcd_dic` VALUES (360824, '新干县', 360800);
INSERT INTO `ums_pcd_dic` VALUES (360825, '永丰县', 360800);
INSERT INTO `ums_pcd_dic` VALUES (360826, '泰和县', 360800);
INSERT INTO `ums_pcd_dic` VALUES (360827, '遂川县', 360800);
INSERT INTO `ums_pcd_dic` VALUES (360828, '万安县', 360800);
INSERT INTO `ums_pcd_dic` VALUES (360829, '安福县', 360800);
INSERT INTO `ums_pcd_dic` VALUES (360830, '永新县', 360800);
INSERT INTO `ums_pcd_dic` VALUES (360881, '井冈山市', 360800);
INSERT INTO `ums_pcd_dic` VALUES (360900, '宜春市', 360000);
INSERT INTO `ums_pcd_dic` VALUES (360902, '袁州区', 360900);
INSERT INTO `ums_pcd_dic` VALUES (360921, '奉新县', 360900);
INSERT INTO `ums_pcd_dic` VALUES (360922, '万载县', 360900);
INSERT INTO `ums_pcd_dic` VALUES (360923, '上高县', 360900);
INSERT INTO `ums_pcd_dic` VALUES (360924, '宜丰县', 360900);
INSERT INTO `ums_pcd_dic` VALUES (360925, '靖安县', 360900);
INSERT INTO `ums_pcd_dic` VALUES (360926, '铜鼓县', 360900);
INSERT INTO `ums_pcd_dic` VALUES (360981, '丰城市', 360900);
INSERT INTO `ums_pcd_dic` VALUES (360982, '樟树市', 360900);
INSERT INTO `ums_pcd_dic` VALUES (360983, '高安市', 360900);
INSERT INTO `ums_pcd_dic` VALUES (361000, '抚州市', 360000);
INSERT INTO `ums_pcd_dic` VALUES (361002, '临川区', 361000);
INSERT INTO `ums_pcd_dic` VALUES (361021, '南城县', 361000);
INSERT INTO `ums_pcd_dic` VALUES (361022, '黎川县', 361000);
INSERT INTO `ums_pcd_dic` VALUES (361023, '南丰县', 361000);
INSERT INTO `ums_pcd_dic` VALUES (361024, '崇仁县', 361000);
INSERT INTO `ums_pcd_dic` VALUES (361025, '乐安县', 361000);
INSERT INTO `ums_pcd_dic` VALUES (361026, '宜黄县', 361000);
INSERT INTO `ums_pcd_dic` VALUES (361027, '金溪县', 361000);
INSERT INTO `ums_pcd_dic` VALUES (361028, '资溪县', 361000);
INSERT INTO `ums_pcd_dic` VALUES (361029, '东乡县', 361000);
INSERT INTO `ums_pcd_dic` VALUES (361030, '广昌县', 361000);
INSERT INTO `ums_pcd_dic` VALUES (361100, '上饶市', 360000);
INSERT INTO `ums_pcd_dic` VALUES (361102, '信州区', 361100);
INSERT INTO `ums_pcd_dic` VALUES (361121, '上饶县', 361100);
INSERT INTO `ums_pcd_dic` VALUES (361122, '广丰县', 361100);
INSERT INTO `ums_pcd_dic` VALUES (361123, '玉山县', 361100);
INSERT INTO `ums_pcd_dic` VALUES (361124, '铅山县', 361100);
INSERT INTO `ums_pcd_dic` VALUES (361125, '横峰县', 361100);
INSERT INTO `ums_pcd_dic` VALUES (361126, '弋阳县', 361100);
INSERT INTO `ums_pcd_dic` VALUES (361127, '余干县', 361100);
INSERT INTO `ums_pcd_dic` VALUES (361128, '鄱阳县', 361100);
INSERT INTO `ums_pcd_dic` VALUES (361129, '万年县', 361100);
INSERT INTO `ums_pcd_dic` VALUES (361130, '婺源县', 361100);
INSERT INTO `ums_pcd_dic` VALUES (361181, '德兴市', 361100);
INSERT INTO `ums_pcd_dic` VALUES (370000, '山东省', 0);
INSERT INTO `ums_pcd_dic` VALUES (370100, '济南市', 370000);
INSERT INTO `ums_pcd_dic` VALUES (370102, '历下区', 370100);
INSERT INTO `ums_pcd_dic` VALUES (370103, '市中区', 370100);
INSERT INTO `ums_pcd_dic` VALUES (370104, '槐荫区', 370100);
INSERT INTO `ums_pcd_dic` VALUES (370105, '天桥区', 370100);
INSERT INTO `ums_pcd_dic` VALUES (370112, '历城区', 370100);
INSERT INTO `ums_pcd_dic` VALUES (370113, '长清区', 370100);
INSERT INTO `ums_pcd_dic` VALUES (370124, '平阴县', 370100);
INSERT INTO `ums_pcd_dic` VALUES (370125, '济阳县', 370100);
INSERT INTO `ums_pcd_dic` VALUES (370126, '商河县', 370100);
INSERT INTO `ums_pcd_dic` VALUES (370181, '章丘市', 370100);
INSERT INTO `ums_pcd_dic` VALUES (370200, '青岛市', 370000);
INSERT INTO `ums_pcd_dic` VALUES (370202, '市南区', 370200);
INSERT INTO `ums_pcd_dic` VALUES (370203, '市北区', 370200);
INSERT INTO `ums_pcd_dic` VALUES (370211, '黄岛区', 370200);
INSERT INTO `ums_pcd_dic` VALUES (370212, '崂山区', 370200);
INSERT INTO `ums_pcd_dic` VALUES (370213, '李沧区', 370200);
INSERT INTO `ums_pcd_dic` VALUES (370214, '城阳区', 370200);
INSERT INTO `ums_pcd_dic` VALUES (370281, '胶州市', 370200);
INSERT INTO `ums_pcd_dic` VALUES (370282, '即墨市', 370200);
INSERT INTO `ums_pcd_dic` VALUES (370283, '平度市', 370200);
INSERT INTO `ums_pcd_dic` VALUES (370285, '莱西市', 370200);
INSERT INTO `ums_pcd_dic` VALUES (370286, '西海岸新区', 370200);
INSERT INTO `ums_pcd_dic` VALUES (370300, '淄博市', 370000);
INSERT INTO `ums_pcd_dic` VALUES (370302, '淄川区', 370300);
INSERT INTO `ums_pcd_dic` VALUES (370303, '张店区', 370300);
INSERT INTO `ums_pcd_dic` VALUES (370304, '博山区', 370300);
INSERT INTO `ums_pcd_dic` VALUES (370305, '临淄区', 370300);
INSERT INTO `ums_pcd_dic` VALUES (370306, '周村区', 370300);
INSERT INTO `ums_pcd_dic` VALUES (370321, '桓台县', 370300);
INSERT INTO `ums_pcd_dic` VALUES (370322, '高青县', 370300);
INSERT INTO `ums_pcd_dic` VALUES (370323, '沂源县', 370300);
INSERT INTO `ums_pcd_dic` VALUES (370400, '枣庄市', 370000);
INSERT INTO `ums_pcd_dic` VALUES (370402, '市中区', 370400);
INSERT INTO `ums_pcd_dic` VALUES (370403, '薛城区', 370400);
INSERT INTO `ums_pcd_dic` VALUES (370404, '峄城区', 370400);
INSERT INTO `ums_pcd_dic` VALUES (370405, '台儿庄区', 370400);
INSERT INTO `ums_pcd_dic` VALUES (370406, '山亭区', 370400);
INSERT INTO `ums_pcd_dic` VALUES (370481, '滕州市', 370400);
INSERT INTO `ums_pcd_dic` VALUES (370500, '东营市', 370000);
INSERT INTO `ums_pcd_dic` VALUES (370502, '东营区', 370500);
INSERT INTO `ums_pcd_dic` VALUES (370503, '河口区', 370500);
INSERT INTO `ums_pcd_dic` VALUES (370521, '垦利县', 370500);
INSERT INTO `ums_pcd_dic` VALUES (370522, '利津县', 370500);
INSERT INTO `ums_pcd_dic` VALUES (370523, '广饶县', 370500);
INSERT INTO `ums_pcd_dic` VALUES (370600, '烟台市', 370000);
INSERT INTO `ums_pcd_dic` VALUES (370602, '芝罘区', 370600);
INSERT INTO `ums_pcd_dic` VALUES (370611, '福山区', 370600);
INSERT INTO `ums_pcd_dic` VALUES (370612, '牟平区', 370600);
INSERT INTO `ums_pcd_dic` VALUES (370613, '莱山区', 370600);
INSERT INTO `ums_pcd_dic` VALUES (370634, '长岛县', 370600);
INSERT INTO `ums_pcd_dic` VALUES (370681, '龙口市', 370600);
INSERT INTO `ums_pcd_dic` VALUES (370682, '莱阳市', 370600);
INSERT INTO `ums_pcd_dic` VALUES (370683, '莱州市', 370600);
INSERT INTO `ums_pcd_dic` VALUES (370684, '蓬莱市', 370600);
INSERT INTO `ums_pcd_dic` VALUES (370685, '招远市', 370600);
INSERT INTO `ums_pcd_dic` VALUES (370686, '栖霞市', 370600);
INSERT INTO `ums_pcd_dic` VALUES (370687, '海阳市', 370600);
INSERT INTO `ums_pcd_dic` VALUES (370700, '潍坊市', 370000);
INSERT INTO `ums_pcd_dic` VALUES (370702, '潍城区', 370700);
INSERT INTO `ums_pcd_dic` VALUES (370703, '寒亭区', 370700);
INSERT INTO `ums_pcd_dic` VALUES (370704, '坊子区', 370700);
INSERT INTO `ums_pcd_dic` VALUES (370705, '奎文区', 370700);
INSERT INTO `ums_pcd_dic` VALUES (370724, '临朐县', 370700);
INSERT INTO `ums_pcd_dic` VALUES (370725, '昌乐县', 370700);
INSERT INTO `ums_pcd_dic` VALUES (370781, '青州市', 370700);
INSERT INTO `ums_pcd_dic` VALUES (370782, '诸城市', 370700);
INSERT INTO `ums_pcd_dic` VALUES (370783, '寿光市', 370700);
INSERT INTO `ums_pcd_dic` VALUES (370784, '安丘市', 370700);
INSERT INTO `ums_pcd_dic` VALUES (370785, '高密市', 370700);
INSERT INTO `ums_pcd_dic` VALUES (370786, '昌邑市', 370700);
INSERT INTO `ums_pcd_dic` VALUES (370800, '济宁市', 370000);
INSERT INTO `ums_pcd_dic` VALUES (370811, '任城区', 370800);
INSERT INTO `ums_pcd_dic` VALUES (370812, '兖州区', 370800);
INSERT INTO `ums_pcd_dic` VALUES (370826, '微山县', 370800);
INSERT INTO `ums_pcd_dic` VALUES (370827, '鱼台县', 370800);
INSERT INTO `ums_pcd_dic` VALUES (370828, '金乡县', 370800);
INSERT INTO `ums_pcd_dic` VALUES (370829, '嘉祥县', 370800);
INSERT INTO `ums_pcd_dic` VALUES (370830, '汶上县', 370800);
INSERT INTO `ums_pcd_dic` VALUES (370831, '泗水县', 370800);
INSERT INTO `ums_pcd_dic` VALUES (370832, '梁山县', 370800);
INSERT INTO `ums_pcd_dic` VALUES (370881, '曲阜市', 370800);
INSERT INTO `ums_pcd_dic` VALUES (370883, '邹城市', 370800);
INSERT INTO `ums_pcd_dic` VALUES (370900, '泰安市', 370000);
INSERT INTO `ums_pcd_dic` VALUES (370902, '泰山区', 370900);
INSERT INTO `ums_pcd_dic` VALUES (370911, '岱岳区', 370900);
INSERT INTO `ums_pcd_dic` VALUES (370921, '宁阳县', 370900);
INSERT INTO `ums_pcd_dic` VALUES (370923, '东平县', 370900);
INSERT INTO `ums_pcd_dic` VALUES (370982, '新泰市', 370900);
INSERT INTO `ums_pcd_dic` VALUES (370983, '肥城市', 370900);
INSERT INTO `ums_pcd_dic` VALUES (371000, '威海市', 370000);
INSERT INTO `ums_pcd_dic` VALUES (371002, '环翠区', 371000);
INSERT INTO `ums_pcd_dic` VALUES (371003, '文登区', 371000);
INSERT INTO `ums_pcd_dic` VALUES (371082, '荣成市', 371000);
INSERT INTO `ums_pcd_dic` VALUES (371083, '乳山市', 371000);
INSERT INTO `ums_pcd_dic` VALUES (371100, '日照市', 370000);
INSERT INTO `ums_pcd_dic` VALUES (371102, '东港区', 371100);
INSERT INTO `ums_pcd_dic` VALUES (371103, '岚山区', 371100);
INSERT INTO `ums_pcd_dic` VALUES (371121, '五莲县', 371100);
INSERT INTO `ums_pcd_dic` VALUES (371122, '莒县', 371100);
INSERT INTO `ums_pcd_dic` VALUES (371200, '莱芜市', 370000);
INSERT INTO `ums_pcd_dic` VALUES (371202, '莱城区', 371200);
INSERT INTO `ums_pcd_dic` VALUES (371203, '钢城区', 371200);
INSERT INTO `ums_pcd_dic` VALUES (371300, '临沂市', 370000);
INSERT INTO `ums_pcd_dic` VALUES (371302, '兰山区', 371300);
INSERT INTO `ums_pcd_dic` VALUES (371311, '罗庄区', 371300);
INSERT INTO `ums_pcd_dic` VALUES (371312, '河东区', 371300);
INSERT INTO `ums_pcd_dic` VALUES (371321, '沂南县', 371300);
INSERT INTO `ums_pcd_dic` VALUES (371322, '郯城县', 371300);
INSERT INTO `ums_pcd_dic` VALUES (371323, '沂水县', 371300);
INSERT INTO `ums_pcd_dic` VALUES (371324, '兰陵县', 371300);
INSERT INTO `ums_pcd_dic` VALUES (371325, '费县', 371300);
INSERT INTO `ums_pcd_dic` VALUES (371326, '平邑县', 371300);
INSERT INTO `ums_pcd_dic` VALUES (371327, '莒南县', 371300);
INSERT INTO `ums_pcd_dic` VALUES (371328, '蒙阴县', 371300);
INSERT INTO `ums_pcd_dic` VALUES (371329, '临沭县', 371300);
INSERT INTO `ums_pcd_dic` VALUES (371400, '德州市', 370000);
INSERT INTO `ums_pcd_dic` VALUES (371402, '德城区', 371400);
INSERT INTO `ums_pcd_dic` VALUES (371403, '陵城区', 371400);
INSERT INTO `ums_pcd_dic` VALUES (371422, '宁津县', 371400);
INSERT INTO `ums_pcd_dic` VALUES (371423, '庆云县', 371400);
INSERT INTO `ums_pcd_dic` VALUES (371424, '临邑县', 371400);
INSERT INTO `ums_pcd_dic` VALUES (371425, '齐河县', 371400);
INSERT INTO `ums_pcd_dic` VALUES (371426, '平原县', 371400);
INSERT INTO `ums_pcd_dic` VALUES (371427, '夏津县', 371400);
INSERT INTO `ums_pcd_dic` VALUES (371428, '武城县', 371400);
INSERT INTO `ums_pcd_dic` VALUES (371481, '乐陵市', 371400);
INSERT INTO `ums_pcd_dic` VALUES (371482, '禹城市', 371400);
INSERT INTO `ums_pcd_dic` VALUES (371500, '聊城市', 370000);
INSERT INTO `ums_pcd_dic` VALUES (371502, '东昌府区', 371500);
INSERT INTO `ums_pcd_dic` VALUES (371521, '阳谷县', 371500);
INSERT INTO `ums_pcd_dic` VALUES (371522, '莘县', 371500);
INSERT INTO `ums_pcd_dic` VALUES (371523, '茌平县', 371500);
INSERT INTO `ums_pcd_dic` VALUES (371524, '东阿县', 371500);
INSERT INTO `ums_pcd_dic` VALUES (371525, '冠县', 371500);
INSERT INTO `ums_pcd_dic` VALUES (371526, '高唐县', 371500);
INSERT INTO `ums_pcd_dic` VALUES (371581, '临清市', 371500);
INSERT INTO `ums_pcd_dic` VALUES (371600, '滨州市', 370000);
INSERT INTO `ums_pcd_dic` VALUES (371602, '滨城区', 371600);
INSERT INTO `ums_pcd_dic` VALUES (371603, '沾化区', 371600);
INSERT INTO `ums_pcd_dic` VALUES (371621, '惠民县', 371600);
INSERT INTO `ums_pcd_dic` VALUES (371622, '阳信县', 371600);
INSERT INTO `ums_pcd_dic` VALUES (371623, '无棣县', 371600);
INSERT INTO `ums_pcd_dic` VALUES (371625, '博兴县', 371600);
INSERT INTO `ums_pcd_dic` VALUES (371626, '邹平县', 371600);
INSERT INTO `ums_pcd_dic` VALUES (371627, '北海新区', 371600);
INSERT INTO `ums_pcd_dic` VALUES (371700, '菏泽市', 370000);
INSERT INTO `ums_pcd_dic` VALUES (371702, '牡丹区', 371700);
INSERT INTO `ums_pcd_dic` VALUES (371721, '曹县', 371700);
INSERT INTO `ums_pcd_dic` VALUES (371722, '单县', 371700);
INSERT INTO `ums_pcd_dic` VALUES (371723, '成武县', 371700);
INSERT INTO `ums_pcd_dic` VALUES (371724, '巨野县', 371700);
INSERT INTO `ums_pcd_dic` VALUES (371725, '郓城县', 371700);
INSERT INTO `ums_pcd_dic` VALUES (371726, '鄄城县', 371700);
INSERT INTO `ums_pcd_dic` VALUES (371727, '定陶县', 371700);
INSERT INTO `ums_pcd_dic` VALUES (371728, '东明县', 371700);
INSERT INTO `ums_pcd_dic` VALUES (410000, '河南省', 0);
INSERT INTO `ums_pcd_dic` VALUES (410100, '郑州市', 410000);
INSERT INTO `ums_pcd_dic` VALUES (410102, '中原区', 410100);
INSERT INTO `ums_pcd_dic` VALUES (410103, '二七区', 410100);
INSERT INTO `ums_pcd_dic` VALUES (410104, '管城回族区', 410100);
INSERT INTO `ums_pcd_dic` VALUES (410105, '金水区', 410100);
INSERT INTO `ums_pcd_dic` VALUES (410106, '上街区', 410100);
INSERT INTO `ums_pcd_dic` VALUES (410108, '惠济区', 410100);
INSERT INTO `ums_pcd_dic` VALUES (410122, '中牟县', 410100);
INSERT INTO `ums_pcd_dic` VALUES (410181, '巩义市', 410100);
INSERT INTO `ums_pcd_dic` VALUES (410182, '荥阳市', 410100);
INSERT INTO `ums_pcd_dic` VALUES (410183, '新密市', 410100);
INSERT INTO `ums_pcd_dic` VALUES (410184, '新郑市', 410100);
INSERT INTO `ums_pcd_dic` VALUES (410185, '登封市', 410100);
INSERT INTO `ums_pcd_dic` VALUES (410200, '开封市', 410000);
INSERT INTO `ums_pcd_dic` VALUES (410202, '龙亭区', 410200);
INSERT INTO `ums_pcd_dic` VALUES (410203, '顺河回族区', 410200);
INSERT INTO `ums_pcd_dic` VALUES (410204, '鼓楼区', 410200);
INSERT INTO `ums_pcd_dic` VALUES (410205, '禹王台区', 410200);
INSERT INTO `ums_pcd_dic` VALUES (410212, '祥符区', 410200);
INSERT INTO `ums_pcd_dic` VALUES (410221, '杞县', 410200);
INSERT INTO `ums_pcd_dic` VALUES (410222, '通许县', 410200);
INSERT INTO `ums_pcd_dic` VALUES (410223, '尉氏县', 410200);
INSERT INTO `ums_pcd_dic` VALUES (410225, '兰考县', 410200);
INSERT INTO `ums_pcd_dic` VALUES (410300, '洛阳市', 410000);
INSERT INTO `ums_pcd_dic` VALUES (410302, '老城区', 410300);
INSERT INTO `ums_pcd_dic` VALUES (410303, '西工区', 410300);
INSERT INTO `ums_pcd_dic` VALUES (410304, '瀍河回族区', 410300);
INSERT INTO `ums_pcd_dic` VALUES (410305, '涧西区', 410300);
INSERT INTO `ums_pcd_dic` VALUES (410306, '吉利区', 410300);
INSERT INTO `ums_pcd_dic` VALUES (410311, '洛龙区', 410300);
INSERT INTO `ums_pcd_dic` VALUES (410322, '孟津县', 410300);
INSERT INTO `ums_pcd_dic` VALUES (410323, '新安县', 410300);
INSERT INTO `ums_pcd_dic` VALUES (410324, '栾川县', 410300);
INSERT INTO `ums_pcd_dic` VALUES (410325, '嵩县', 410300);
INSERT INTO `ums_pcd_dic` VALUES (410326, '汝阳县', 410300);
INSERT INTO `ums_pcd_dic` VALUES (410327, '宜阳县', 410300);
INSERT INTO `ums_pcd_dic` VALUES (410328, '洛宁县', 410300);
INSERT INTO `ums_pcd_dic` VALUES (410329, '伊川县', 410300);
INSERT INTO `ums_pcd_dic` VALUES (410381, '偃师市', 410300);
INSERT INTO `ums_pcd_dic` VALUES (410400, '平顶山市', 410000);
INSERT INTO `ums_pcd_dic` VALUES (410402, '新华区', 410400);
INSERT INTO `ums_pcd_dic` VALUES (410403, '卫东区', 410400);
INSERT INTO `ums_pcd_dic` VALUES (410404, '石龙区', 410400);
INSERT INTO `ums_pcd_dic` VALUES (410411, '湛河区', 410400);
INSERT INTO `ums_pcd_dic` VALUES (410421, '宝丰县', 410400);
INSERT INTO `ums_pcd_dic` VALUES (410422, '叶县', 410400);
INSERT INTO `ums_pcd_dic` VALUES (410423, '鲁山县', 410400);
INSERT INTO `ums_pcd_dic` VALUES (410425, '郏县', 410400);
INSERT INTO `ums_pcd_dic` VALUES (410481, '舞钢市', 410400);
INSERT INTO `ums_pcd_dic` VALUES (410482, '汝州市', 410400);
INSERT INTO `ums_pcd_dic` VALUES (410500, '安阳市', 410000);
INSERT INTO `ums_pcd_dic` VALUES (410502, '文峰区', 410500);
INSERT INTO `ums_pcd_dic` VALUES (410503, '北关区', 410500);
INSERT INTO `ums_pcd_dic` VALUES (410505, '殷都区', 410500);
INSERT INTO `ums_pcd_dic` VALUES (410506, '龙安区', 410500);
INSERT INTO `ums_pcd_dic` VALUES (410522, '安阳县', 410500);
INSERT INTO `ums_pcd_dic` VALUES (410523, '汤阴县', 410500);
INSERT INTO `ums_pcd_dic` VALUES (410526, '滑县', 410500);
INSERT INTO `ums_pcd_dic` VALUES (410527, '内黄县', 410500);
INSERT INTO `ums_pcd_dic` VALUES (410581, '林州市', 410500);
INSERT INTO `ums_pcd_dic` VALUES (410600, '鹤壁市', 410000);
INSERT INTO `ums_pcd_dic` VALUES (410602, '鹤山区', 410600);
INSERT INTO `ums_pcd_dic` VALUES (410603, '山城区', 410600);
INSERT INTO `ums_pcd_dic` VALUES (410611, '淇滨区', 410600);
INSERT INTO `ums_pcd_dic` VALUES (410621, '浚县', 410600);
INSERT INTO `ums_pcd_dic` VALUES (410622, '淇县', 410600);
INSERT INTO `ums_pcd_dic` VALUES (410700, '新乡市', 410000);
INSERT INTO `ums_pcd_dic` VALUES (410702, '红旗区', 410700);
INSERT INTO `ums_pcd_dic` VALUES (410703, '卫滨区', 410700);
INSERT INTO `ums_pcd_dic` VALUES (410704, '凤泉区', 410700);
INSERT INTO `ums_pcd_dic` VALUES (410711, '牧野区', 410700);
INSERT INTO `ums_pcd_dic` VALUES (410721, '新乡县', 410700);
INSERT INTO `ums_pcd_dic` VALUES (410724, '获嘉县', 410700);
INSERT INTO `ums_pcd_dic` VALUES (410725, '原阳县', 410700);
INSERT INTO `ums_pcd_dic` VALUES (410726, '延津县', 410700);
INSERT INTO `ums_pcd_dic` VALUES (410727, '封丘县', 410700);
INSERT INTO `ums_pcd_dic` VALUES (410728, '长垣县', 410700);
INSERT INTO `ums_pcd_dic` VALUES (410781, '卫辉市', 410700);
INSERT INTO `ums_pcd_dic` VALUES (410782, '辉县市', 410700);
INSERT INTO `ums_pcd_dic` VALUES (410800, '焦作市', 410000);
INSERT INTO `ums_pcd_dic` VALUES (410802, '解放区', 410800);
INSERT INTO `ums_pcd_dic` VALUES (410803, '中站区', 410800);
INSERT INTO `ums_pcd_dic` VALUES (410804, '马村区', 410800);
INSERT INTO `ums_pcd_dic` VALUES (410811, '山阳区', 410800);
INSERT INTO `ums_pcd_dic` VALUES (410821, '修武县', 410800);
INSERT INTO `ums_pcd_dic` VALUES (410822, '博爱县', 410800);
INSERT INTO `ums_pcd_dic` VALUES (410823, '武陟县', 410800);
INSERT INTO `ums_pcd_dic` VALUES (410825, '温县', 410800);
INSERT INTO `ums_pcd_dic` VALUES (410882, '沁阳市', 410800);
INSERT INTO `ums_pcd_dic` VALUES (410883, '孟州市', 410800);
INSERT INTO `ums_pcd_dic` VALUES (410900, '濮阳市', 410000);
INSERT INTO `ums_pcd_dic` VALUES (410902, '华龙区', 410900);
INSERT INTO `ums_pcd_dic` VALUES (410922, '清丰县', 410900);
INSERT INTO `ums_pcd_dic` VALUES (410923, '南乐县', 410900);
INSERT INTO `ums_pcd_dic` VALUES (410926, '范县', 410900);
INSERT INTO `ums_pcd_dic` VALUES (410927, '台前县', 410900);
INSERT INTO `ums_pcd_dic` VALUES (410928, '濮阳县', 410900);
INSERT INTO `ums_pcd_dic` VALUES (411000, '许昌市', 410000);
INSERT INTO `ums_pcd_dic` VALUES (411002, '魏都区', 411000);
INSERT INTO `ums_pcd_dic` VALUES (411023, '许昌县', 411000);
INSERT INTO `ums_pcd_dic` VALUES (411024, '鄢陵县', 411000);
INSERT INTO `ums_pcd_dic` VALUES (411025, '襄城县', 411000);
INSERT INTO `ums_pcd_dic` VALUES (411081, '禹州市', 411000);
INSERT INTO `ums_pcd_dic` VALUES (411082, '长葛市', 411000);
INSERT INTO `ums_pcd_dic` VALUES (411100, '漯河市', 410000);
INSERT INTO `ums_pcd_dic` VALUES (411102, '源汇区', 411100);
INSERT INTO `ums_pcd_dic` VALUES (411103, '郾城区', 411100);
INSERT INTO `ums_pcd_dic` VALUES (411104, '召陵区', 411100);
INSERT INTO `ums_pcd_dic` VALUES (411121, '舞阳县', 411100);
INSERT INTO `ums_pcd_dic` VALUES (411122, '临颍县', 411100);
INSERT INTO `ums_pcd_dic` VALUES (411200, '三门峡市', 410000);
INSERT INTO `ums_pcd_dic` VALUES (411202, '湖滨区', 411200);
INSERT INTO `ums_pcd_dic` VALUES (411221, '渑池县', 411200);
INSERT INTO `ums_pcd_dic` VALUES (411222, '陕县', 411200);
INSERT INTO `ums_pcd_dic` VALUES (411224, '卢氏县', 411200);
INSERT INTO `ums_pcd_dic` VALUES (411281, '义马市', 411200);
INSERT INTO `ums_pcd_dic` VALUES (411282, '灵宝市', 411200);
INSERT INTO `ums_pcd_dic` VALUES (411300, '南阳市', 410000);
INSERT INTO `ums_pcd_dic` VALUES (411302, '宛城区', 411300);
INSERT INTO `ums_pcd_dic` VALUES (411303, '卧龙区', 411300);
INSERT INTO `ums_pcd_dic` VALUES (411321, '南召县', 411300);
INSERT INTO `ums_pcd_dic` VALUES (411322, '方城县', 411300);
INSERT INTO `ums_pcd_dic` VALUES (411323, '西峡县', 411300);
INSERT INTO `ums_pcd_dic` VALUES (411324, '镇平县', 411300);
INSERT INTO `ums_pcd_dic` VALUES (411325, '内乡县', 411300);
INSERT INTO `ums_pcd_dic` VALUES (411326, '淅川县', 411300);
INSERT INTO `ums_pcd_dic` VALUES (411327, '社旗县', 411300);
INSERT INTO `ums_pcd_dic` VALUES (411328, '唐河县', 411300);
INSERT INTO `ums_pcd_dic` VALUES (411329, '新野县', 411300);
INSERT INTO `ums_pcd_dic` VALUES (411330, '桐柏县', 411300);
INSERT INTO `ums_pcd_dic` VALUES (411381, '邓州市', 411300);
INSERT INTO `ums_pcd_dic` VALUES (411400, '商丘市', 410000);
INSERT INTO `ums_pcd_dic` VALUES (411402, '梁园区', 411400);
INSERT INTO `ums_pcd_dic` VALUES (411403, '睢阳区', 411400);
INSERT INTO `ums_pcd_dic` VALUES (411421, '民权县', 411400);
INSERT INTO `ums_pcd_dic` VALUES (411422, '睢县', 411400);
INSERT INTO `ums_pcd_dic` VALUES (411423, '宁陵县', 411400);
INSERT INTO `ums_pcd_dic` VALUES (411424, '柘城县', 411400);
INSERT INTO `ums_pcd_dic` VALUES (411425, '虞城县', 411400);
INSERT INTO `ums_pcd_dic` VALUES (411426, '夏邑县', 411400);
INSERT INTO `ums_pcd_dic` VALUES (411481, '永城市', 411400);
INSERT INTO `ums_pcd_dic` VALUES (411500, '信阳市', 410000);
INSERT INTO `ums_pcd_dic` VALUES (411502, '浉河区', 411500);
INSERT INTO `ums_pcd_dic` VALUES (411503, '平桥区', 411500);
INSERT INTO `ums_pcd_dic` VALUES (411521, '罗山县', 411500);
INSERT INTO `ums_pcd_dic` VALUES (411522, '光山县', 411500);
INSERT INTO `ums_pcd_dic` VALUES (411523, '新县', 411500);
INSERT INTO `ums_pcd_dic` VALUES (411524, '商城县', 411500);
INSERT INTO `ums_pcd_dic` VALUES (411525, '固始县', 411500);
INSERT INTO `ums_pcd_dic` VALUES (411526, '潢川县', 411500);
INSERT INTO `ums_pcd_dic` VALUES (411527, '淮滨县', 411500);
INSERT INTO `ums_pcd_dic` VALUES (411528, '息县', 411500);
INSERT INTO `ums_pcd_dic` VALUES (411600, '周口市', 410000);
INSERT INTO `ums_pcd_dic` VALUES (411602, '川汇区', 411600);
INSERT INTO `ums_pcd_dic` VALUES (411621, '扶沟县', 411600);
INSERT INTO `ums_pcd_dic` VALUES (411622, '西华县', 411600);
INSERT INTO `ums_pcd_dic` VALUES (411623, '商水县', 411600);
INSERT INTO `ums_pcd_dic` VALUES (411624, '沈丘县', 411600);
INSERT INTO `ums_pcd_dic` VALUES (411625, '郸城县', 411600);
INSERT INTO `ums_pcd_dic` VALUES (411626, '淮阳县', 411600);
INSERT INTO `ums_pcd_dic` VALUES (411627, '太康县', 411600);
INSERT INTO `ums_pcd_dic` VALUES (411628, '鹿邑县', 411600);
INSERT INTO `ums_pcd_dic` VALUES (411681, '项城市', 411600);
INSERT INTO `ums_pcd_dic` VALUES (411700, '驻马店市', 410000);
INSERT INTO `ums_pcd_dic` VALUES (411702, '驿城区', 411700);
INSERT INTO `ums_pcd_dic` VALUES (411721, '西平县', 411700);
INSERT INTO `ums_pcd_dic` VALUES (411722, '上蔡县', 411700);
INSERT INTO `ums_pcd_dic` VALUES (411723, '平舆县', 411700);
INSERT INTO `ums_pcd_dic` VALUES (411724, '正阳县', 411700);
INSERT INTO `ums_pcd_dic` VALUES (411725, '确山县', 411700);
INSERT INTO `ums_pcd_dic` VALUES (411726, '泌阳县', 411700);
INSERT INTO `ums_pcd_dic` VALUES (411727, '汝南县', 411700);
INSERT INTO `ums_pcd_dic` VALUES (411728, '遂平县', 411700);
INSERT INTO `ums_pcd_dic` VALUES (411729, '新蔡县', 411700);
INSERT INTO `ums_pcd_dic` VALUES (419000, '直辖县级', 410000);
INSERT INTO `ums_pcd_dic` VALUES (419001, '济源市', 419000);
INSERT INTO `ums_pcd_dic` VALUES (420000, '湖北省', 0);
INSERT INTO `ums_pcd_dic` VALUES (420100, '武汉市', 420000);
INSERT INTO `ums_pcd_dic` VALUES (420102, '江岸区', 420100);
INSERT INTO `ums_pcd_dic` VALUES (420103, '江汉区', 420100);
INSERT INTO `ums_pcd_dic` VALUES (420104, '硚口区', 420100);
INSERT INTO `ums_pcd_dic` VALUES (420105, '汉阳区', 420100);
INSERT INTO `ums_pcd_dic` VALUES (420106, '武昌区', 420100);
INSERT INTO `ums_pcd_dic` VALUES (420107, '青山区', 420100);
INSERT INTO `ums_pcd_dic` VALUES (420111, '洪山区', 420100);
INSERT INTO `ums_pcd_dic` VALUES (420112, '东西湖区', 420100);
INSERT INTO `ums_pcd_dic` VALUES (420113, '汉南区', 420100);
INSERT INTO `ums_pcd_dic` VALUES (420114, '蔡甸区', 420100);
INSERT INTO `ums_pcd_dic` VALUES (420115, '江夏区', 420100);
INSERT INTO `ums_pcd_dic` VALUES (420116, '黄陂区', 420100);
INSERT INTO `ums_pcd_dic` VALUES (420117, '新洲区', 420100);
INSERT INTO `ums_pcd_dic` VALUES (420200, '黄石市', 420000);
INSERT INTO `ums_pcd_dic` VALUES (420202, '黄石港区', 420200);
INSERT INTO `ums_pcd_dic` VALUES (420203, '西塞山区', 420200);
INSERT INTO `ums_pcd_dic` VALUES (420204, '下陆区', 420200);
INSERT INTO `ums_pcd_dic` VALUES (420205, '铁山区', 420200);
INSERT INTO `ums_pcd_dic` VALUES (420222, '阳新县', 420200);
INSERT INTO `ums_pcd_dic` VALUES (420281, '大冶市', 420200);
INSERT INTO `ums_pcd_dic` VALUES (420300, '十堰市', 420000);
INSERT INTO `ums_pcd_dic` VALUES (420302, '茅箭区', 420300);
INSERT INTO `ums_pcd_dic` VALUES (420303, '张湾区', 420300);
INSERT INTO `ums_pcd_dic` VALUES (420304, '郧阳区', 420300);
INSERT INTO `ums_pcd_dic` VALUES (420322, '郧西县', 420300);
INSERT INTO `ums_pcd_dic` VALUES (420323, '竹山县', 420300);
INSERT INTO `ums_pcd_dic` VALUES (420324, '竹溪县', 420300);
INSERT INTO `ums_pcd_dic` VALUES (420325, '房县', 420300);
INSERT INTO `ums_pcd_dic` VALUES (420381, '丹江口市', 420300);
INSERT INTO `ums_pcd_dic` VALUES (420500, '宜昌市', 420000);
INSERT INTO `ums_pcd_dic` VALUES (420502, '西陵区', 420500);
INSERT INTO `ums_pcd_dic` VALUES (420503, '伍家岗区', 420500);
INSERT INTO `ums_pcd_dic` VALUES (420504, '点军区', 420500);
INSERT INTO `ums_pcd_dic` VALUES (420505, '猇亭区', 420500);
INSERT INTO `ums_pcd_dic` VALUES (420506, '夷陵区', 420500);
INSERT INTO `ums_pcd_dic` VALUES (420525, '远安县', 420500);
INSERT INTO `ums_pcd_dic` VALUES (420526, '兴山县', 420500);
INSERT INTO `ums_pcd_dic` VALUES (420527, '秭归县', 420500);
INSERT INTO `ums_pcd_dic` VALUES (420528, '长阳土家族自治县', 420500);
INSERT INTO `ums_pcd_dic` VALUES (420529, '五峰土家族自治县', 420500);
INSERT INTO `ums_pcd_dic` VALUES (420581, '宜都市', 420500);
INSERT INTO `ums_pcd_dic` VALUES (420582, '当阳市', 420500);
INSERT INTO `ums_pcd_dic` VALUES (420583, '枝江市', 420500);
INSERT INTO `ums_pcd_dic` VALUES (420600, '襄阳市', 420000);
INSERT INTO `ums_pcd_dic` VALUES (420602, '襄城区', 420600);
INSERT INTO `ums_pcd_dic` VALUES (420606, '樊城区', 420600);
INSERT INTO `ums_pcd_dic` VALUES (420607, '襄州区', 420600);
INSERT INTO `ums_pcd_dic` VALUES (420624, '南漳县', 420600);
INSERT INTO `ums_pcd_dic` VALUES (420625, '谷城县', 420600);
INSERT INTO `ums_pcd_dic` VALUES (420626, '保康县', 420600);
INSERT INTO `ums_pcd_dic` VALUES (420682, '老河口市', 420600);
INSERT INTO `ums_pcd_dic` VALUES (420683, '枣阳市', 420600);
INSERT INTO `ums_pcd_dic` VALUES (420684, '宜城市', 420600);
INSERT INTO `ums_pcd_dic` VALUES (420700, '鄂州市', 420000);
INSERT INTO `ums_pcd_dic` VALUES (420702, '梁子湖区', 420700);
INSERT INTO `ums_pcd_dic` VALUES (420703, '华容区', 420700);
INSERT INTO `ums_pcd_dic` VALUES (420704, '鄂城区', 420700);
INSERT INTO `ums_pcd_dic` VALUES (420800, '荆门市', 420000);
INSERT INTO `ums_pcd_dic` VALUES (420802, '东宝区', 420800);
INSERT INTO `ums_pcd_dic` VALUES (420804, '掇刀区', 420800);
INSERT INTO `ums_pcd_dic` VALUES (420821, '京山县', 420800);
INSERT INTO `ums_pcd_dic` VALUES (420822, '沙洋县', 420800);
INSERT INTO `ums_pcd_dic` VALUES (420881, '钟祥市', 420800);
INSERT INTO `ums_pcd_dic` VALUES (420900, '孝感市', 420000);
INSERT INTO `ums_pcd_dic` VALUES (420902, '孝南区', 420900);
INSERT INTO `ums_pcd_dic` VALUES (420921, '孝昌县', 420900);
INSERT INTO `ums_pcd_dic` VALUES (420922, '大悟县', 420900);
INSERT INTO `ums_pcd_dic` VALUES (420923, '云梦县', 420900);
INSERT INTO `ums_pcd_dic` VALUES (420981, '应城市', 420900);
INSERT INTO `ums_pcd_dic` VALUES (420982, '安陆市', 420900);
INSERT INTO `ums_pcd_dic` VALUES (420984, '汉川市', 420900);
INSERT INTO `ums_pcd_dic` VALUES (421000, '荆州市', 420000);
INSERT INTO `ums_pcd_dic` VALUES (421002, '沙市区', 421000);
INSERT INTO `ums_pcd_dic` VALUES (421003, '荆州区', 421000);
INSERT INTO `ums_pcd_dic` VALUES (421022, '公安县', 421000);
INSERT INTO `ums_pcd_dic` VALUES (421023, '监利县', 421000);
INSERT INTO `ums_pcd_dic` VALUES (421024, '江陵县', 421000);
INSERT INTO `ums_pcd_dic` VALUES (421081, '石首市', 421000);
INSERT INTO `ums_pcd_dic` VALUES (421083, '洪湖市', 421000);
INSERT INTO `ums_pcd_dic` VALUES (421087, '松滋市', 421000);
INSERT INTO `ums_pcd_dic` VALUES (421100, '黄冈市', 420000);
INSERT INTO `ums_pcd_dic` VALUES (421102, '黄州区', 421100);
INSERT INTO `ums_pcd_dic` VALUES (421121, '团风县', 421100);
INSERT INTO `ums_pcd_dic` VALUES (421122, '红安县', 421100);
INSERT INTO `ums_pcd_dic` VALUES (421123, '罗田县', 421100);
INSERT INTO `ums_pcd_dic` VALUES (421124, '英山县', 421100);
INSERT INTO `ums_pcd_dic` VALUES (421125, '浠水县', 421100);
INSERT INTO `ums_pcd_dic` VALUES (421126, '蕲春县', 421100);
INSERT INTO `ums_pcd_dic` VALUES (421127, '黄梅县', 421100);
INSERT INTO `ums_pcd_dic` VALUES (421181, '麻城市', 421100);
INSERT INTO `ums_pcd_dic` VALUES (421182, '武穴市', 421100);
INSERT INTO `ums_pcd_dic` VALUES (421200, '咸宁市', 420000);
INSERT INTO `ums_pcd_dic` VALUES (421202, '咸安区', 421200);
INSERT INTO `ums_pcd_dic` VALUES (421221, '嘉鱼县', 421200);
INSERT INTO `ums_pcd_dic` VALUES (421222, '通城县', 421200);
INSERT INTO `ums_pcd_dic` VALUES (421223, '崇阳县', 421200);
INSERT INTO `ums_pcd_dic` VALUES (421224, '通山县', 421200);
INSERT INTO `ums_pcd_dic` VALUES (421281, '赤壁市', 421200);
INSERT INTO `ums_pcd_dic` VALUES (421300, '随州市', 420000);
INSERT INTO `ums_pcd_dic` VALUES (421303, '曾都区', 421300);
INSERT INTO `ums_pcd_dic` VALUES (421321, '随县', 421300);
INSERT INTO `ums_pcd_dic` VALUES (421381, '广水市', 421300);
INSERT INTO `ums_pcd_dic` VALUES (422800, '恩施土家族苗族自治州', 420000);
INSERT INTO `ums_pcd_dic` VALUES (422801, '恩施市', 422800);
INSERT INTO `ums_pcd_dic` VALUES (422802, '利川市', 422800);
INSERT INTO `ums_pcd_dic` VALUES (422822, '建始县', 422800);
INSERT INTO `ums_pcd_dic` VALUES (422823, '巴东县', 422800);
INSERT INTO `ums_pcd_dic` VALUES (422825, '宣恩县', 422800);
INSERT INTO `ums_pcd_dic` VALUES (422826, '咸丰县', 422800);
INSERT INTO `ums_pcd_dic` VALUES (422827, '来凤县', 422800);
INSERT INTO `ums_pcd_dic` VALUES (422828, '鹤峰县', 422800);
INSERT INTO `ums_pcd_dic` VALUES (429000, '直辖县级', 420000);
INSERT INTO `ums_pcd_dic` VALUES (429004, '仙桃市', 429000);
INSERT INTO `ums_pcd_dic` VALUES (429005, '潜江市', 429000);
INSERT INTO `ums_pcd_dic` VALUES (429006, '天门市', 429000);
INSERT INTO `ums_pcd_dic` VALUES (429021, '神农架林区', 429000);
INSERT INTO `ums_pcd_dic` VALUES (430000, '湖南省', 0);
INSERT INTO `ums_pcd_dic` VALUES (430100, '长沙市', 430000);
INSERT INTO `ums_pcd_dic` VALUES (430102, '芙蓉区', 430100);
INSERT INTO `ums_pcd_dic` VALUES (430103, '天心区', 430100);
INSERT INTO `ums_pcd_dic` VALUES (430104, '岳麓区', 430100);
INSERT INTO `ums_pcd_dic` VALUES (430105, '开福区', 430100);
INSERT INTO `ums_pcd_dic` VALUES (430111, '雨花区', 430100);
INSERT INTO `ums_pcd_dic` VALUES (430112, '望城区', 430100);
INSERT INTO `ums_pcd_dic` VALUES (430121, '长沙县', 430100);
INSERT INTO `ums_pcd_dic` VALUES (430124, '宁乡县', 430100);
INSERT INTO `ums_pcd_dic` VALUES (430181, '浏阳市', 430100);
INSERT INTO `ums_pcd_dic` VALUES (430200, '株洲市', 430000);
INSERT INTO `ums_pcd_dic` VALUES (430202, '荷塘区', 430200);
INSERT INTO `ums_pcd_dic` VALUES (430203, '芦淞区', 430200);
INSERT INTO `ums_pcd_dic` VALUES (430204, '石峰区', 430200);
INSERT INTO `ums_pcd_dic` VALUES (430211, '天元区', 430200);
INSERT INTO `ums_pcd_dic` VALUES (430221, '株洲县', 430200);
INSERT INTO `ums_pcd_dic` VALUES (430223, '攸县', 430200);
INSERT INTO `ums_pcd_dic` VALUES (430224, '茶陵县', 430200);
INSERT INTO `ums_pcd_dic` VALUES (430225, '炎陵县', 430200);
INSERT INTO `ums_pcd_dic` VALUES (430281, '醴陵市', 430200);
INSERT INTO `ums_pcd_dic` VALUES (430300, '湘潭市', 430000);
INSERT INTO `ums_pcd_dic` VALUES (430302, '雨湖区', 430300);
INSERT INTO `ums_pcd_dic` VALUES (430304, '岳塘区', 430300);
INSERT INTO `ums_pcd_dic` VALUES (430321, '湘潭县', 430300);
INSERT INTO `ums_pcd_dic` VALUES (430381, '湘乡市', 430300);
INSERT INTO `ums_pcd_dic` VALUES (430382, '韶山市', 430300);
INSERT INTO `ums_pcd_dic` VALUES (430400, '衡阳市', 430000);
INSERT INTO `ums_pcd_dic` VALUES (430405, '珠晖区', 430400);
INSERT INTO `ums_pcd_dic` VALUES (430406, '雁峰区', 430400);
INSERT INTO `ums_pcd_dic` VALUES (430407, '石鼓区', 430400);
INSERT INTO `ums_pcd_dic` VALUES (430408, '蒸湘区', 430400);
INSERT INTO `ums_pcd_dic` VALUES (430412, '南岳区', 430400);
INSERT INTO `ums_pcd_dic` VALUES (430421, '衡阳县', 430400);
INSERT INTO `ums_pcd_dic` VALUES (430422, '衡南县', 430400);
INSERT INTO `ums_pcd_dic` VALUES (430423, '衡山县', 430400);
INSERT INTO `ums_pcd_dic` VALUES (430424, '衡东县', 430400);
INSERT INTO `ums_pcd_dic` VALUES (430426, '祁东县', 430400);
INSERT INTO `ums_pcd_dic` VALUES (430481, '耒阳市', 430400);
INSERT INTO `ums_pcd_dic` VALUES (430482, '常宁市', 430400);
INSERT INTO `ums_pcd_dic` VALUES (430500, '邵阳市', 430000);
INSERT INTO `ums_pcd_dic` VALUES (430502, '双清区', 430500);
INSERT INTO `ums_pcd_dic` VALUES (430503, '大祥区', 430500);
INSERT INTO `ums_pcd_dic` VALUES (430511, '北塔区', 430500);
INSERT INTO `ums_pcd_dic` VALUES (430521, '邵东县', 430500);
INSERT INTO `ums_pcd_dic` VALUES (430522, '新邵县', 430500);
INSERT INTO `ums_pcd_dic` VALUES (430523, '邵阳县', 430500);
INSERT INTO `ums_pcd_dic` VALUES (430524, '隆回县', 430500);
INSERT INTO `ums_pcd_dic` VALUES (430525, '洞口县', 430500);
INSERT INTO `ums_pcd_dic` VALUES (430527, '绥宁县', 430500);
INSERT INTO `ums_pcd_dic` VALUES (430528, '新宁县', 430500);
INSERT INTO `ums_pcd_dic` VALUES (430529, '城步苗族自治县', 430500);
INSERT INTO `ums_pcd_dic` VALUES (430581, '武冈市', 430500);
INSERT INTO `ums_pcd_dic` VALUES (430600, '岳阳市', 430000);
INSERT INTO `ums_pcd_dic` VALUES (430602, '岳阳楼区', 430600);
INSERT INTO `ums_pcd_dic` VALUES (430603, '云溪区', 430600);
INSERT INTO `ums_pcd_dic` VALUES (430611, '君山区', 430600);
INSERT INTO `ums_pcd_dic` VALUES (430621, '岳阳县', 430600);
INSERT INTO `ums_pcd_dic` VALUES (430623, '华容县', 430600);
INSERT INTO `ums_pcd_dic` VALUES (430624, '湘阴县', 430600);
INSERT INTO `ums_pcd_dic` VALUES (430626, '平江县', 430600);
INSERT INTO `ums_pcd_dic` VALUES (430681, '汨罗市', 430600);
INSERT INTO `ums_pcd_dic` VALUES (430682, '临湘市', 430600);
INSERT INTO `ums_pcd_dic` VALUES (430700, '常德市', 430000);
INSERT INTO `ums_pcd_dic` VALUES (430702, '武陵区', 430700);
INSERT INTO `ums_pcd_dic` VALUES (430703, '鼎城区', 430700);
INSERT INTO `ums_pcd_dic` VALUES (430721, '安乡县', 430700);
INSERT INTO `ums_pcd_dic` VALUES (430722, '汉寿县', 430700);
INSERT INTO `ums_pcd_dic` VALUES (430723, '澧县', 430700);
INSERT INTO `ums_pcd_dic` VALUES (430724, '临澧县', 430700);
INSERT INTO `ums_pcd_dic` VALUES (430725, '桃源县', 430700);
INSERT INTO `ums_pcd_dic` VALUES (430726, '石门县', 430700);
INSERT INTO `ums_pcd_dic` VALUES (430781, '津市市', 430700);
INSERT INTO `ums_pcd_dic` VALUES (430800, '张家界市', 430000);
INSERT INTO `ums_pcd_dic` VALUES (430802, '永定区', 430800);
INSERT INTO `ums_pcd_dic` VALUES (430811, '武陵源区', 430800);
INSERT INTO `ums_pcd_dic` VALUES (430821, '慈利县', 430800);
INSERT INTO `ums_pcd_dic` VALUES (430822, '桑植县', 430800);
INSERT INTO `ums_pcd_dic` VALUES (430900, '益阳市', 430000);
INSERT INTO `ums_pcd_dic` VALUES (430902, '资阳区', 430900);
INSERT INTO `ums_pcd_dic` VALUES (430903, '赫山区', 430900);
INSERT INTO `ums_pcd_dic` VALUES (430921, '南县', 430900);
INSERT INTO `ums_pcd_dic` VALUES (430922, '桃江县', 430900);
INSERT INTO `ums_pcd_dic` VALUES (430923, '安化县', 430900);
INSERT INTO `ums_pcd_dic` VALUES (430981, '沅江市', 430900);
INSERT INTO `ums_pcd_dic` VALUES (431000, '郴州市', 430000);
INSERT INTO `ums_pcd_dic` VALUES (431002, '北湖区', 431000);
INSERT INTO `ums_pcd_dic` VALUES (431003, '苏仙区', 431000);
INSERT INTO `ums_pcd_dic` VALUES (431021, '桂阳县', 431000);
INSERT INTO `ums_pcd_dic` VALUES (431022, '宜章县', 431000);
INSERT INTO `ums_pcd_dic` VALUES (431023, '永兴县', 431000);
INSERT INTO `ums_pcd_dic` VALUES (431024, '嘉禾县', 431000);
INSERT INTO `ums_pcd_dic` VALUES (431025, '临武县', 431000);
INSERT INTO `ums_pcd_dic` VALUES (431026, '汝城县', 431000);
INSERT INTO `ums_pcd_dic` VALUES (431027, '桂东县', 431000);
INSERT INTO `ums_pcd_dic` VALUES (431028, '安仁县', 431000);
INSERT INTO `ums_pcd_dic` VALUES (431081, '资兴市', 431000);
INSERT INTO `ums_pcd_dic` VALUES (431100, '永州市', 430000);
INSERT INTO `ums_pcd_dic` VALUES (431102, '零陵区', 431100);
INSERT INTO `ums_pcd_dic` VALUES (431103, '冷水滩区', 431100);
INSERT INTO `ums_pcd_dic` VALUES (431121, '祁阳县', 431100);
INSERT INTO `ums_pcd_dic` VALUES (431122, '东安县', 431100);
INSERT INTO `ums_pcd_dic` VALUES (431123, '双牌县', 431100);
INSERT INTO `ums_pcd_dic` VALUES (431124, '道县', 431100);
INSERT INTO `ums_pcd_dic` VALUES (431125, '江永县', 431100);
INSERT INTO `ums_pcd_dic` VALUES (431126, '宁远县', 431100);
INSERT INTO `ums_pcd_dic` VALUES (431127, '蓝山县', 431100);
INSERT INTO `ums_pcd_dic` VALUES (431128, '新田县', 431100);
INSERT INTO `ums_pcd_dic` VALUES (431129, '江华瑶族自治县', 431100);
INSERT INTO `ums_pcd_dic` VALUES (431200, '怀化市', 430000);
INSERT INTO `ums_pcd_dic` VALUES (431202, '鹤城区', 431200);
INSERT INTO `ums_pcd_dic` VALUES (431221, '中方县', 431200);
INSERT INTO `ums_pcd_dic` VALUES (431222, '沅陵县', 431200);
INSERT INTO `ums_pcd_dic` VALUES (431223, '辰溪县', 431200);
INSERT INTO `ums_pcd_dic` VALUES (431224, '溆浦县', 431200);
INSERT INTO `ums_pcd_dic` VALUES (431225, '会同县', 431200);
INSERT INTO `ums_pcd_dic` VALUES (431226, '麻阳苗族自治县', 431200);
INSERT INTO `ums_pcd_dic` VALUES (431227, '新晃侗族自治县', 431200);
INSERT INTO `ums_pcd_dic` VALUES (431228, '芷江侗族自治县', 431200);
INSERT INTO `ums_pcd_dic` VALUES (431229, '靖州苗族侗族自治县', 431200);
INSERT INTO `ums_pcd_dic` VALUES (431230, '通道侗族自治县', 431200);
INSERT INTO `ums_pcd_dic` VALUES (431281, '洪江市', 431200);
INSERT INTO `ums_pcd_dic` VALUES (431300, '娄底市', 430000);
INSERT INTO `ums_pcd_dic` VALUES (431302, '娄星区', 431300);
INSERT INTO `ums_pcd_dic` VALUES (431321, '双峰县', 431300);
INSERT INTO `ums_pcd_dic` VALUES (431322, '新化县', 431300);
INSERT INTO `ums_pcd_dic` VALUES (431381, '冷水江市', 431300);
INSERT INTO `ums_pcd_dic` VALUES (431382, '涟源市', 431300);
INSERT INTO `ums_pcd_dic` VALUES (433100, '湘西土家族苗族自治州', 430000);
INSERT INTO `ums_pcd_dic` VALUES (433101, '吉首市', 433100);
INSERT INTO `ums_pcd_dic` VALUES (433122, '泸溪县', 433100);
INSERT INTO `ums_pcd_dic` VALUES (433123, '凤凰县', 433100);
INSERT INTO `ums_pcd_dic` VALUES (433124, '花垣县', 433100);
INSERT INTO `ums_pcd_dic` VALUES (433125, '保靖县', 433100);
INSERT INTO `ums_pcd_dic` VALUES (433126, '古丈县', 433100);
INSERT INTO `ums_pcd_dic` VALUES (433127, '永顺县', 433100);
INSERT INTO `ums_pcd_dic` VALUES (433130, '龙山县', 433100);
INSERT INTO `ums_pcd_dic` VALUES (440000, '广东省', 0);
INSERT INTO `ums_pcd_dic` VALUES (440100, '广州市', 440000);
INSERT INTO `ums_pcd_dic` VALUES (440103, '荔湾区', 440100);
INSERT INTO `ums_pcd_dic` VALUES (440104, '越秀区', 440100);
INSERT INTO `ums_pcd_dic` VALUES (440105, '海珠区', 440100);
INSERT INTO `ums_pcd_dic` VALUES (440106, '天河区', 440100);
INSERT INTO `ums_pcd_dic` VALUES (440111, '白云区', 440100);
INSERT INTO `ums_pcd_dic` VALUES (440112, '黄埔区', 440100);
INSERT INTO `ums_pcd_dic` VALUES (440113, '番禺区', 440100);
INSERT INTO `ums_pcd_dic` VALUES (440114, '花都区', 440100);
INSERT INTO `ums_pcd_dic` VALUES (440115, '南沙区', 440100);
INSERT INTO `ums_pcd_dic` VALUES (440117, '从化区', 440100);
INSERT INTO `ums_pcd_dic` VALUES (440118, '增城区', 440100);
INSERT INTO `ums_pcd_dic` VALUES (440200, '韶关市', 440000);
INSERT INTO `ums_pcd_dic` VALUES (440203, '武江区', 440200);
INSERT INTO `ums_pcd_dic` VALUES (440204, '浈江区', 440200);
INSERT INTO `ums_pcd_dic` VALUES (440205, '曲江区', 440200);
INSERT INTO `ums_pcd_dic` VALUES (440222, '始兴县', 440200);
INSERT INTO `ums_pcd_dic` VALUES (440224, '仁化县', 440200);
INSERT INTO `ums_pcd_dic` VALUES (440229, '翁源县', 440200);
INSERT INTO `ums_pcd_dic` VALUES (440232, '乳源瑶族自治县', 440200);
INSERT INTO `ums_pcd_dic` VALUES (440233, '新丰县', 440200);
INSERT INTO `ums_pcd_dic` VALUES (440281, '乐昌市', 440200);
INSERT INTO `ums_pcd_dic` VALUES (440282, '南雄市', 440200);
INSERT INTO `ums_pcd_dic` VALUES (440300, '深圳市', 440000);
INSERT INTO `ums_pcd_dic` VALUES (440303, '罗湖区', 440300);
INSERT INTO `ums_pcd_dic` VALUES (440304, '福田区', 440300);
INSERT INTO `ums_pcd_dic` VALUES (440305, '南山区', 440300);
INSERT INTO `ums_pcd_dic` VALUES (440306, '宝安区', 440300);
INSERT INTO `ums_pcd_dic` VALUES (440307, '龙岗区', 440300);
INSERT INTO `ums_pcd_dic` VALUES (440308, '盐田区', 440300);
INSERT INTO `ums_pcd_dic` VALUES (440309, '光明新区', 440300);
INSERT INTO `ums_pcd_dic` VALUES (440310, '坪山新区', 440300);
INSERT INTO `ums_pcd_dic` VALUES (440311, '大鹏新区', 440300);
INSERT INTO `ums_pcd_dic` VALUES (440312, '龙华新区', 440300);
INSERT INTO `ums_pcd_dic` VALUES (440400, '珠海市', 440000);
INSERT INTO `ums_pcd_dic` VALUES (440402, '香洲区', 440400);
INSERT INTO `ums_pcd_dic` VALUES (440403, '斗门区', 440400);
INSERT INTO `ums_pcd_dic` VALUES (440404, '金湾区', 440400);
INSERT INTO `ums_pcd_dic` VALUES (440500, '汕头市', 440000);
INSERT INTO `ums_pcd_dic` VALUES (440507, '龙湖区', 440500);
INSERT INTO `ums_pcd_dic` VALUES (440511, '金平区', 440500);
INSERT INTO `ums_pcd_dic` VALUES (440512, '濠江区', 440500);
INSERT INTO `ums_pcd_dic` VALUES (440513, '潮阳区', 440500);
INSERT INTO `ums_pcd_dic` VALUES (440514, '潮南区', 440500);
INSERT INTO `ums_pcd_dic` VALUES (440515, '澄海区', 440500);
INSERT INTO `ums_pcd_dic` VALUES (440523, '南澳县', 440500);
INSERT INTO `ums_pcd_dic` VALUES (440600, '佛山市', 440000);
INSERT INTO `ums_pcd_dic` VALUES (440604, '禅城区', 440600);
INSERT INTO `ums_pcd_dic` VALUES (440605, '南海区', 440600);
INSERT INTO `ums_pcd_dic` VALUES (440606, '顺德区', 440600);
INSERT INTO `ums_pcd_dic` VALUES (440607, '三水区', 440600);
INSERT INTO `ums_pcd_dic` VALUES (440608, '高明区', 440600);
INSERT INTO `ums_pcd_dic` VALUES (440700, '江门市', 440000);
INSERT INTO `ums_pcd_dic` VALUES (440703, '蓬江区', 440700);
INSERT INTO `ums_pcd_dic` VALUES (440704, '江海区', 440700);
INSERT INTO `ums_pcd_dic` VALUES (440705, '新会区', 440700);
INSERT INTO `ums_pcd_dic` VALUES (440781, '台山市', 440700);
INSERT INTO `ums_pcd_dic` VALUES (440783, '开平市', 440700);
INSERT INTO `ums_pcd_dic` VALUES (440784, '鹤山市', 440700);
INSERT INTO `ums_pcd_dic` VALUES (440785, '恩平市', 440700);
INSERT INTO `ums_pcd_dic` VALUES (440800, '湛江市', 440000);
INSERT INTO `ums_pcd_dic` VALUES (440802, '赤坎区', 440800);
INSERT INTO `ums_pcd_dic` VALUES (440803, '霞山区', 440800);
INSERT INTO `ums_pcd_dic` VALUES (440804, '坡头区', 440800);
INSERT INTO `ums_pcd_dic` VALUES (440811, '麻章区', 440800);
INSERT INTO `ums_pcd_dic` VALUES (440823, '遂溪县', 440800);
INSERT INTO `ums_pcd_dic` VALUES (440825, '徐闻县', 440800);
INSERT INTO `ums_pcd_dic` VALUES (440881, '廉江市', 440800);
INSERT INTO `ums_pcd_dic` VALUES (440882, '雷州市', 440800);
INSERT INTO `ums_pcd_dic` VALUES (440883, '吴川市', 440800);
INSERT INTO `ums_pcd_dic` VALUES (440900, '茂名市', 440000);
INSERT INTO `ums_pcd_dic` VALUES (440902, '茂南区', 440900);
INSERT INTO `ums_pcd_dic` VALUES (440904, '电白区', 440900);
INSERT INTO `ums_pcd_dic` VALUES (440981, '高州市', 440900);
INSERT INTO `ums_pcd_dic` VALUES (440982, '化州市', 440900);
INSERT INTO `ums_pcd_dic` VALUES (440983, '信宜市', 440900);
INSERT INTO `ums_pcd_dic` VALUES (441200, '肇庆市', 440000);
INSERT INTO `ums_pcd_dic` VALUES (441202, '端州区', 441200);
INSERT INTO `ums_pcd_dic` VALUES (441203, '鼎湖区', 441200);
INSERT INTO `ums_pcd_dic` VALUES (441223, '广宁县', 441200);
INSERT INTO `ums_pcd_dic` VALUES (441224, '怀集县', 441200);
INSERT INTO `ums_pcd_dic` VALUES (441225, '封开县', 441200);
INSERT INTO `ums_pcd_dic` VALUES (441226, '德庆县', 441200);
INSERT INTO `ums_pcd_dic` VALUES (441283, '高要市', 441200);
INSERT INTO `ums_pcd_dic` VALUES (441284, '四会市', 441200);
INSERT INTO `ums_pcd_dic` VALUES (441300, '惠州市', 440000);
INSERT INTO `ums_pcd_dic` VALUES (441302, '惠城区', 441300);
INSERT INTO `ums_pcd_dic` VALUES (441303, '惠阳区', 441300);
INSERT INTO `ums_pcd_dic` VALUES (441322, '博罗县', 441300);
INSERT INTO `ums_pcd_dic` VALUES (441323, '惠东县', 441300);
INSERT INTO `ums_pcd_dic` VALUES (441324, '龙门县', 441300);
INSERT INTO `ums_pcd_dic` VALUES (441400, '梅州市', 440000);
INSERT INTO `ums_pcd_dic` VALUES (441402, '梅江区', 441400);
INSERT INTO `ums_pcd_dic` VALUES (441403, '梅县区', 441400);
INSERT INTO `ums_pcd_dic` VALUES (441422, '大埔县', 441400);
INSERT INTO `ums_pcd_dic` VALUES (441423, '丰顺县', 441400);
INSERT INTO `ums_pcd_dic` VALUES (441424, '五华县', 441400);
INSERT INTO `ums_pcd_dic` VALUES (441426, '平远县', 441400);
INSERT INTO `ums_pcd_dic` VALUES (441427, '蕉岭县', 441400);
INSERT INTO `ums_pcd_dic` VALUES (441481, '兴宁市', 441400);
INSERT INTO `ums_pcd_dic` VALUES (441500, '汕尾市', 440000);
INSERT INTO `ums_pcd_dic` VALUES (441502, '城区', 441500);
INSERT INTO `ums_pcd_dic` VALUES (441521, '海丰县', 441500);
INSERT INTO `ums_pcd_dic` VALUES (441523, '陆河县', 441500);
INSERT INTO `ums_pcd_dic` VALUES (441581, '陆丰市', 441500);
INSERT INTO `ums_pcd_dic` VALUES (441600, '河源市', 440000);
INSERT INTO `ums_pcd_dic` VALUES (441602, '源城区', 441600);
INSERT INTO `ums_pcd_dic` VALUES (441621, '紫金县', 441600);
INSERT INTO `ums_pcd_dic` VALUES (441622, '龙川县', 441600);
INSERT INTO `ums_pcd_dic` VALUES (441623, '连平县', 441600);
INSERT INTO `ums_pcd_dic` VALUES (441624, '和平县', 441600);
INSERT INTO `ums_pcd_dic` VALUES (441625, '东源县', 441600);
INSERT INTO `ums_pcd_dic` VALUES (441700, '阳江市', 440000);
INSERT INTO `ums_pcd_dic` VALUES (441702, '江城区', 441700);
INSERT INTO `ums_pcd_dic` VALUES (441704, '阳东区', 441700);
INSERT INTO `ums_pcd_dic` VALUES (441721, '阳西县', 441700);
INSERT INTO `ums_pcd_dic` VALUES (441781, '阳春市', 441700);
INSERT INTO `ums_pcd_dic` VALUES (441800, '清远市', 440000);
INSERT INTO `ums_pcd_dic` VALUES (441802, '清城区', 441800);
INSERT INTO `ums_pcd_dic` VALUES (441803, '清新区', 441800);
INSERT INTO `ums_pcd_dic` VALUES (441821, '佛冈县', 441800);
INSERT INTO `ums_pcd_dic` VALUES (441823, '阳山县', 441800);
INSERT INTO `ums_pcd_dic` VALUES (441825, '连山壮族瑶族自治县', 441800);
INSERT INTO `ums_pcd_dic` VALUES (441826, '连南瑶族自治县', 441800);
INSERT INTO `ums_pcd_dic` VALUES (441881, '英德市', 441800);
INSERT INTO `ums_pcd_dic` VALUES (441882, '连州市', 441800);
INSERT INTO `ums_pcd_dic` VALUES (441900, '东莞市', 440000);
INSERT INTO `ums_pcd_dic` VALUES (441901, '莞城区', 441900);
INSERT INTO `ums_pcd_dic` VALUES (441902, '南城区', 441900);
INSERT INTO `ums_pcd_dic` VALUES (441904, '万江区', 441900);
INSERT INTO `ums_pcd_dic` VALUES (441905, '石碣镇', 441900);
INSERT INTO `ums_pcd_dic` VALUES (441906, '石龙镇', 441900);
INSERT INTO `ums_pcd_dic` VALUES (441907, '茶山镇', 441900);
INSERT INTO `ums_pcd_dic` VALUES (441908, '石排镇', 441900);
INSERT INTO `ums_pcd_dic` VALUES (441909, '企石镇', 441900);
INSERT INTO `ums_pcd_dic` VALUES (441910, '横沥镇', 441900);
INSERT INTO `ums_pcd_dic` VALUES (441911, '桥头镇', 441900);
INSERT INTO `ums_pcd_dic` VALUES (441912, '谢岗镇', 441900);
INSERT INTO `ums_pcd_dic` VALUES (441913, '东坑镇', 441900);
INSERT INTO `ums_pcd_dic` VALUES (441914, '常平镇', 441900);
INSERT INTO `ums_pcd_dic` VALUES (441915, '寮步镇', 441900);
INSERT INTO `ums_pcd_dic` VALUES (441916, '大朗镇', 441900);
INSERT INTO `ums_pcd_dic` VALUES (441917, '麻涌镇', 441900);
INSERT INTO `ums_pcd_dic` VALUES (441918, '中堂镇', 441900);
INSERT INTO `ums_pcd_dic` VALUES (441919, '高埗镇', 441900);
INSERT INTO `ums_pcd_dic` VALUES (441920, '樟木头镇', 441900);
INSERT INTO `ums_pcd_dic` VALUES (441921, '大岭山镇', 441900);
INSERT INTO `ums_pcd_dic` VALUES (441922, '望牛墩镇', 441900);
INSERT INTO `ums_pcd_dic` VALUES (441923, '黄江镇', 441900);
INSERT INTO `ums_pcd_dic` VALUES (441924, '洪梅镇', 441900);
INSERT INTO `ums_pcd_dic` VALUES (441925, '清溪镇', 441900);
INSERT INTO `ums_pcd_dic` VALUES (441926, '沙田镇', 441900);
INSERT INTO `ums_pcd_dic` VALUES (441927, '道滘镇', 441900);
INSERT INTO `ums_pcd_dic` VALUES (441928, '塘厦镇', 441900);
INSERT INTO `ums_pcd_dic` VALUES (441929, '虎门镇', 441900);
INSERT INTO `ums_pcd_dic` VALUES (441930, '厚街镇', 441900);
INSERT INTO `ums_pcd_dic` VALUES (441931, '凤岗镇', 441900);
INSERT INTO `ums_pcd_dic` VALUES (441932, '长安镇', 441900);
INSERT INTO `ums_pcd_dic` VALUES (442000, '中山市', 440000);
INSERT INTO `ums_pcd_dic` VALUES (442001, '石岐区', 442000);
INSERT INTO `ums_pcd_dic` VALUES (442004, '南区', 442000);
INSERT INTO `ums_pcd_dic` VALUES (442005, '五桂山区', 442000);
INSERT INTO `ums_pcd_dic` VALUES (442006, '火炬开发区', 442000);
INSERT INTO `ums_pcd_dic` VALUES (442007, '黄圃镇', 442000);
INSERT INTO `ums_pcd_dic` VALUES (442008, '南头镇', 442000);
INSERT INTO `ums_pcd_dic` VALUES (442009, '东凤镇', 442000);
INSERT INTO `ums_pcd_dic` VALUES (442010, '阜沙镇', 442000);
INSERT INTO `ums_pcd_dic` VALUES (442011, '小榄镇', 442000);
INSERT INTO `ums_pcd_dic` VALUES (442012, '东升镇', 442000);
INSERT INTO `ums_pcd_dic` VALUES (442013, '古镇镇', 442000);
INSERT INTO `ums_pcd_dic` VALUES (442014, '横栏镇', 442000);
INSERT INTO `ums_pcd_dic` VALUES (442015, '三角镇', 442000);
INSERT INTO `ums_pcd_dic` VALUES (442016, '民众镇', 442000);
INSERT INTO `ums_pcd_dic` VALUES (442017, '南朗镇', 442000);
INSERT INTO `ums_pcd_dic` VALUES (442018, '港口镇', 442000);
INSERT INTO `ums_pcd_dic` VALUES (442019, '大涌镇', 442000);
INSERT INTO `ums_pcd_dic` VALUES (442020, '沙溪镇', 442000);
INSERT INTO `ums_pcd_dic` VALUES (442021, '三乡镇', 442000);
INSERT INTO `ums_pcd_dic` VALUES (442022, '板芙镇', 442000);
INSERT INTO `ums_pcd_dic` VALUES (442023, '神湾镇', 442000);
INSERT INTO `ums_pcd_dic` VALUES (442024, '坦洲镇', 442000);
INSERT INTO `ums_pcd_dic` VALUES (445100, '潮州市', 440000);
INSERT INTO `ums_pcd_dic` VALUES (445102, '湘桥区', 445100);
INSERT INTO `ums_pcd_dic` VALUES (445103, '潮安区', 445100);
INSERT INTO `ums_pcd_dic` VALUES (445122, '饶平县', 445100);
INSERT INTO `ums_pcd_dic` VALUES (445200, '揭阳市', 440000);
INSERT INTO `ums_pcd_dic` VALUES (445202, '榕城区', 445200);
INSERT INTO `ums_pcd_dic` VALUES (445203, '揭东区', 445200);
INSERT INTO `ums_pcd_dic` VALUES (445222, '揭西县', 445200);
INSERT INTO `ums_pcd_dic` VALUES (445224, '惠来县', 445200);
INSERT INTO `ums_pcd_dic` VALUES (445281, '普宁市', 445200);
INSERT INTO `ums_pcd_dic` VALUES (445300, '云浮市', 440000);
INSERT INTO `ums_pcd_dic` VALUES (445302, '云城区', 445300);
INSERT INTO `ums_pcd_dic` VALUES (445303, '云安区', 445300);
INSERT INTO `ums_pcd_dic` VALUES (445321, '新兴县', 445300);
INSERT INTO `ums_pcd_dic` VALUES (445322, '郁南县', 445300);
INSERT INTO `ums_pcd_dic` VALUES (445381, '罗定市', 445300);
INSERT INTO `ums_pcd_dic` VALUES (450000, '广西壮族自治区', 0);
INSERT INTO `ums_pcd_dic` VALUES (450100, '南宁市', 450000);
INSERT INTO `ums_pcd_dic` VALUES (450102, '兴宁区', 450100);
INSERT INTO `ums_pcd_dic` VALUES (450103, '青秀区', 450100);
INSERT INTO `ums_pcd_dic` VALUES (450105, '江南区', 450100);
INSERT INTO `ums_pcd_dic` VALUES (450107, '西乡塘区', 450100);
INSERT INTO `ums_pcd_dic` VALUES (450108, '良庆区', 450100);
INSERT INTO `ums_pcd_dic` VALUES (450109, '邕宁区', 450100);
INSERT INTO `ums_pcd_dic` VALUES (450122, '武鸣县', 450100);
INSERT INTO `ums_pcd_dic` VALUES (450123, '隆安县', 450100);
INSERT INTO `ums_pcd_dic` VALUES (450124, '马山县', 450100);
INSERT INTO `ums_pcd_dic` VALUES (450125, '上林县', 450100);
INSERT INTO `ums_pcd_dic` VALUES (450126, '宾阳县', 450100);
INSERT INTO `ums_pcd_dic` VALUES (450127, '横县', 450100);
INSERT INTO `ums_pcd_dic` VALUES (450128, '埌东新区', 450100);
INSERT INTO `ums_pcd_dic` VALUES (450200, '柳州市', 450000);
INSERT INTO `ums_pcd_dic` VALUES (450202, '城中区', 450200);
INSERT INTO `ums_pcd_dic` VALUES (450203, '鱼峰区', 450200);
INSERT INTO `ums_pcd_dic` VALUES (450204, '柳南区', 450200);
INSERT INTO `ums_pcd_dic` VALUES (450205, '柳北区', 450200);
INSERT INTO `ums_pcd_dic` VALUES (450221, '柳江县', 450200);
INSERT INTO `ums_pcd_dic` VALUES (450222, '柳城县', 450200);
INSERT INTO `ums_pcd_dic` VALUES (450223, '鹿寨县', 450200);
INSERT INTO `ums_pcd_dic` VALUES (450224, '融安县', 450200);
INSERT INTO `ums_pcd_dic` VALUES (450225, '融水苗族自治县', 450200);
INSERT INTO `ums_pcd_dic` VALUES (450226, '三江侗族自治县', 450200);
INSERT INTO `ums_pcd_dic` VALUES (450227, '柳东新区', 450200);
INSERT INTO `ums_pcd_dic` VALUES (450300, '桂林市', 450000);
INSERT INTO `ums_pcd_dic` VALUES (450302, '秀峰区', 450300);
INSERT INTO `ums_pcd_dic` VALUES (450303, '叠彩区', 450300);
INSERT INTO `ums_pcd_dic` VALUES (450304, '象山区', 450300);
INSERT INTO `ums_pcd_dic` VALUES (450305, '七星区', 450300);
INSERT INTO `ums_pcd_dic` VALUES (450311, '雁山区', 450300);
INSERT INTO `ums_pcd_dic` VALUES (450312, '临桂区', 450300);
INSERT INTO `ums_pcd_dic` VALUES (450321, '阳朔县', 450300);
INSERT INTO `ums_pcd_dic` VALUES (450323, '灵川县', 450300);
INSERT INTO `ums_pcd_dic` VALUES (450324, '全州县', 450300);
INSERT INTO `ums_pcd_dic` VALUES (450325, '兴安县', 450300);
INSERT INTO `ums_pcd_dic` VALUES (450326, '永福县', 450300);
INSERT INTO `ums_pcd_dic` VALUES (450327, '灌阳县', 450300);
INSERT INTO `ums_pcd_dic` VALUES (450328, '龙胜各族自治县', 450300);
INSERT INTO `ums_pcd_dic` VALUES (450329, '资源县', 450300);
INSERT INTO `ums_pcd_dic` VALUES (450330, '平乐县', 450300);
INSERT INTO `ums_pcd_dic` VALUES (450331, '荔浦县', 450300);
INSERT INTO `ums_pcd_dic` VALUES (450332, '恭城瑶族自治县', 450300);
INSERT INTO `ums_pcd_dic` VALUES (450400, '梧州市', 450000);
INSERT INTO `ums_pcd_dic` VALUES (450403, '万秀区', 450400);
INSERT INTO `ums_pcd_dic` VALUES (450405, '长洲区', 450400);
INSERT INTO `ums_pcd_dic` VALUES (450406, '龙圩区', 450400);
INSERT INTO `ums_pcd_dic` VALUES (450421, '苍梧县', 450400);
INSERT INTO `ums_pcd_dic` VALUES (450422, '藤县', 450400);
INSERT INTO `ums_pcd_dic` VALUES (450423, '蒙山县', 450400);
INSERT INTO `ums_pcd_dic` VALUES (450481, '岑溪市', 450400);
INSERT INTO `ums_pcd_dic` VALUES (450500, '北海市', 450000);
INSERT INTO `ums_pcd_dic` VALUES (450502, '海城区', 450500);
INSERT INTO `ums_pcd_dic` VALUES (450503, '银海区', 450500);
INSERT INTO `ums_pcd_dic` VALUES (450512, '铁山港区', 450500);
INSERT INTO `ums_pcd_dic` VALUES (450521, '合浦县', 450500);
INSERT INTO `ums_pcd_dic` VALUES (450600, '防城港市', 450000);
INSERT INTO `ums_pcd_dic` VALUES (450602, '港口区', 450600);
INSERT INTO `ums_pcd_dic` VALUES (450603, '防城区', 450600);
INSERT INTO `ums_pcd_dic` VALUES (450621, '上思县', 450600);
INSERT INTO `ums_pcd_dic` VALUES (450681, '东兴市', 450600);
INSERT INTO `ums_pcd_dic` VALUES (450700, '钦州市', 450000);
INSERT INTO `ums_pcd_dic` VALUES (450702, '钦南区', 450700);
INSERT INTO `ums_pcd_dic` VALUES (450703, '钦北区', 450700);
INSERT INTO `ums_pcd_dic` VALUES (450721, '灵山县', 450700);
INSERT INTO `ums_pcd_dic` VALUES (450722, '浦北县', 450700);
INSERT INTO `ums_pcd_dic` VALUES (450800, '贵港市', 450000);
INSERT INTO `ums_pcd_dic` VALUES (450802, '港北区', 450800);
INSERT INTO `ums_pcd_dic` VALUES (450803, '港南区', 450800);
INSERT INTO `ums_pcd_dic` VALUES (450804, '覃塘区', 450800);
INSERT INTO `ums_pcd_dic` VALUES (450821, '平南县', 450800);
INSERT INTO `ums_pcd_dic` VALUES (450881, '桂平市', 450800);
INSERT INTO `ums_pcd_dic` VALUES (450900, '玉林市', 450000);
INSERT INTO `ums_pcd_dic` VALUES (450902, '玉州区', 450900);
INSERT INTO `ums_pcd_dic` VALUES (450903, '福绵区', 450900);
INSERT INTO `ums_pcd_dic` VALUES (450904, '玉东新区', 450900);
INSERT INTO `ums_pcd_dic` VALUES (450921, '容县', 450900);
INSERT INTO `ums_pcd_dic` VALUES (450922, '陆川县', 450900);
INSERT INTO `ums_pcd_dic` VALUES (450923, '博白县', 450900);
INSERT INTO `ums_pcd_dic` VALUES (450924, '兴业县', 450900);
INSERT INTO `ums_pcd_dic` VALUES (450981, '北流市', 450900);
INSERT INTO `ums_pcd_dic` VALUES (451000, '百色市', 450000);
INSERT INTO `ums_pcd_dic` VALUES (451002, '右江区', 451000);
INSERT INTO `ums_pcd_dic` VALUES (451021, '田阳县', 451000);
INSERT INTO `ums_pcd_dic` VALUES (451022, '田东县', 451000);
INSERT INTO `ums_pcd_dic` VALUES (451023, '平果县', 451000);
INSERT INTO `ums_pcd_dic` VALUES (451024, '德保县', 451000);
INSERT INTO `ums_pcd_dic` VALUES (451025, '靖西县', 451000);
INSERT INTO `ums_pcd_dic` VALUES (451026, '那坡县', 451000);
INSERT INTO `ums_pcd_dic` VALUES (451027, '凌云县', 451000);
INSERT INTO `ums_pcd_dic` VALUES (451028, '乐业县', 451000);
INSERT INTO `ums_pcd_dic` VALUES (451029, '田林县', 451000);
INSERT INTO `ums_pcd_dic` VALUES (451030, '西林县', 451000);
INSERT INTO `ums_pcd_dic` VALUES (451031, '隆林各族自治县', 451000);
INSERT INTO `ums_pcd_dic` VALUES (451100, '贺州市', 450000);
INSERT INTO `ums_pcd_dic` VALUES (451102, '八步区', 451100);
INSERT INTO `ums_pcd_dic` VALUES (451121, '昭平县', 451100);
INSERT INTO `ums_pcd_dic` VALUES (451122, '钟山县', 451100);
INSERT INTO `ums_pcd_dic` VALUES (451123, '富川瑶族自治县', 451100);
INSERT INTO `ums_pcd_dic` VALUES (451124, '平桂管理区', 451100);
INSERT INTO `ums_pcd_dic` VALUES (451200, '河池市', 450000);
INSERT INTO `ums_pcd_dic` VALUES (451202, '金城江区', 451200);
INSERT INTO `ums_pcd_dic` VALUES (451221, '南丹县', 451200);
INSERT INTO `ums_pcd_dic` VALUES (451222, '天峨县', 451200);
INSERT INTO `ums_pcd_dic` VALUES (451223, '凤山县', 451200);
INSERT INTO `ums_pcd_dic` VALUES (451224, '东兰县', 451200);
INSERT INTO `ums_pcd_dic` VALUES (451225, '罗城仫佬族自治县', 451200);
INSERT INTO `ums_pcd_dic` VALUES (451226, '环江毛南族自治县', 451200);
INSERT INTO `ums_pcd_dic` VALUES (451227, '巴马瑶族自治县', 451200);
INSERT INTO `ums_pcd_dic` VALUES (451228, '都安瑶族自治县', 451200);
INSERT INTO `ums_pcd_dic` VALUES (451229, '大化瑶族自治县', 451200);
INSERT INTO `ums_pcd_dic` VALUES (451281, '宜州市', 451200);
INSERT INTO `ums_pcd_dic` VALUES (451300, '来宾市', 450000);
INSERT INTO `ums_pcd_dic` VALUES (451302, '兴宾区', 451300);
INSERT INTO `ums_pcd_dic` VALUES (451321, '忻城县', 451300);
INSERT INTO `ums_pcd_dic` VALUES (451322, '象州县', 451300);
INSERT INTO `ums_pcd_dic` VALUES (451323, '武宣县', 451300);
INSERT INTO `ums_pcd_dic` VALUES (451324, '金秀瑶族自治县', 451300);
INSERT INTO `ums_pcd_dic` VALUES (451381, '合山市', 451300);
INSERT INTO `ums_pcd_dic` VALUES (451400, '崇左市', 450000);
INSERT INTO `ums_pcd_dic` VALUES (451402, '江州区', 451400);
INSERT INTO `ums_pcd_dic` VALUES (451421, '扶绥县', 451400);
INSERT INTO `ums_pcd_dic` VALUES (451422, '宁明县', 451400);
INSERT INTO `ums_pcd_dic` VALUES (451423, '龙州县', 451400);
INSERT INTO `ums_pcd_dic` VALUES (451424, '大新县', 451400);
INSERT INTO `ums_pcd_dic` VALUES (451425, '天等县', 451400);
INSERT INTO `ums_pcd_dic` VALUES (451481, '凭祥市', 451400);
INSERT INTO `ums_pcd_dic` VALUES (460000, '海南省', 0);
INSERT INTO `ums_pcd_dic` VALUES (460100, '海口市', 460000);
INSERT INTO `ums_pcd_dic` VALUES (460105, '秀英区', 460100);
INSERT INTO `ums_pcd_dic` VALUES (460106, '龙华区', 460100);
INSERT INTO `ums_pcd_dic` VALUES (460107, '琼山区', 460100);
INSERT INTO `ums_pcd_dic` VALUES (460108, '美兰区', 460100);
INSERT INTO `ums_pcd_dic` VALUES (460200, '三亚市', 460000);
INSERT INTO `ums_pcd_dic` VALUES (460202, '海棠区', 460200);
INSERT INTO `ums_pcd_dic` VALUES (460203, '吉阳区', 460200);
INSERT INTO `ums_pcd_dic` VALUES (460204, '天涯区', 460200);
INSERT INTO `ums_pcd_dic` VALUES (460205, '崖州区', 460200);
INSERT INTO `ums_pcd_dic` VALUES (460300, '三沙市', 460000);
INSERT INTO `ums_pcd_dic` VALUES (460321, '西沙群岛', 460300);
INSERT INTO `ums_pcd_dic` VALUES (460322, '南沙群岛', 460300);
INSERT INTO `ums_pcd_dic` VALUES (460323, '中沙群岛', 460300);
INSERT INTO `ums_pcd_dic` VALUES (469000, '直辖县级', 460000);
INSERT INTO `ums_pcd_dic` VALUES (469001, '五指山市', 469000);
INSERT INTO `ums_pcd_dic` VALUES (469002, '琼海市', 469000);
INSERT INTO `ums_pcd_dic` VALUES (469003, '儋州市', 469000);
INSERT INTO `ums_pcd_dic` VALUES (469005, '文昌市', 469000);
INSERT INTO `ums_pcd_dic` VALUES (469006, '万宁市', 469000);
INSERT INTO `ums_pcd_dic` VALUES (469007, '东方市', 469000);
INSERT INTO `ums_pcd_dic` VALUES (469021, '定安县', 469000);
INSERT INTO `ums_pcd_dic` VALUES (469022, '屯昌县', 469000);
INSERT INTO `ums_pcd_dic` VALUES (469023, '澄迈县', 469000);
INSERT INTO `ums_pcd_dic` VALUES (469024, '临高县', 469000);
INSERT INTO `ums_pcd_dic` VALUES (469025, '白沙黎族自治县', 469000);
INSERT INTO `ums_pcd_dic` VALUES (469026, '昌江黎族自治县', 469000);
INSERT INTO `ums_pcd_dic` VALUES (469027, '乐东黎族自治县', 469000);
INSERT INTO `ums_pcd_dic` VALUES (469028, '陵水黎族自治县', 469000);
INSERT INTO `ums_pcd_dic` VALUES (469029, '保亭黎族苗族自治县', 469000);
INSERT INTO `ums_pcd_dic` VALUES (469030, '琼中黎族苗族自治县', 469000);
INSERT INTO `ums_pcd_dic` VALUES (500000, '重庆', 0);
INSERT INTO `ums_pcd_dic` VALUES (500100, '重庆市', 500000);
INSERT INTO `ums_pcd_dic` VALUES (500101, '万州区', 500100);
INSERT INTO `ums_pcd_dic` VALUES (500102, '涪陵区', 500100);
INSERT INTO `ums_pcd_dic` VALUES (500103, '渝中区', 500100);
INSERT INTO `ums_pcd_dic` VALUES (500104, '大渡口区', 500100);
INSERT INTO `ums_pcd_dic` VALUES (500105, '江北区', 500100);
INSERT INTO `ums_pcd_dic` VALUES (500106, '沙坪坝区', 500100);
INSERT INTO `ums_pcd_dic` VALUES (500107, '九龙坡区', 500100);
INSERT INTO `ums_pcd_dic` VALUES (500108, '南岸区', 500100);
INSERT INTO `ums_pcd_dic` VALUES (500109, '北碚区', 500100);
INSERT INTO `ums_pcd_dic` VALUES (500110, '綦江区', 500100);
INSERT INTO `ums_pcd_dic` VALUES (500111, '大足区', 500100);
INSERT INTO `ums_pcd_dic` VALUES (500112, '渝北区', 500100);
INSERT INTO `ums_pcd_dic` VALUES (500113, '巴南区', 500100);
INSERT INTO `ums_pcd_dic` VALUES (500114, '黔江区', 500100);
INSERT INTO `ums_pcd_dic` VALUES (500115, '长寿区', 500100);
INSERT INTO `ums_pcd_dic` VALUES (500116, '江津区', 500100);
INSERT INTO `ums_pcd_dic` VALUES (500117, '合川区', 500100);
INSERT INTO `ums_pcd_dic` VALUES (500118, '永川区', 500100);
INSERT INTO `ums_pcd_dic` VALUES (500119, '南川区', 500100);
INSERT INTO `ums_pcd_dic` VALUES (500120, '璧山区', 500100);
INSERT INTO `ums_pcd_dic` VALUES (500151, '铜梁区', 500100);
INSERT INTO `ums_pcd_dic` VALUES (500223, '潼南县', 500100);
INSERT INTO `ums_pcd_dic` VALUES (500226, '荣昌县', 500100);
INSERT INTO `ums_pcd_dic` VALUES (500228, '梁平县', 500100);
INSERT INTO `ums_pcd_dic` VALUES (500229, '城口县', 500100);
INSERT INTO `ums_pcd_dic` VALUES (500230, '丰都县', 500100);
INSERT INTO `ums_pcd_dic` VALUES (500231, '垫江县', 500100);
INSERT INTO `ums_pcd_dic` VALUES (500232, '武隆县', 500100);
INSERT INTO `ums_pcd_dic` VALUES (500233, '忠县', 500100);
INSERT INTO `ums_pcd_dic` VALUES (500234, '开县', 500100);
INSERT INTO `ums_pcd_dic` VALUES (500235, '云阳县', 500100);
INSERT INTO `ums_pcd_dic` VALUES (500236, '奉节县', 500100);
INSERT INTO `ums_pcd_dic` VALUES (500237, '巫山县', 500100);
INSERT INTO `ums_pcd_dic` VALUES (500238, '巫溪县', 500100);
INSERT INTO `ums_pcd_dic` VALUES (500240, '石柱土家族自治县', 500100);
INSERT INTO `ums_pcd_dic` VALUES (500241, '秀山土家族苗族自治县', 500100);
INSERT INTO `ums_pcd_dic` VALUES (500242, '酉阳土家族苗族自治县', 500100);
INSERT INTO `ums_pcd_dic` VALUES (500243, '彭水苗族土家族自治县', 500100);
INSERT INTO `ums_pcd_dic` VALUES (500300, '两江新区', 500000);
INSERT INTO `ums_pcd_dic` VALUES (500301, '北部新区', 500300);
INSERT INTO `ums_pcd_dic` VALUES (500302, '保税港区', 500300);
INSERT INTO `ums_pcd_dic` VALUES (500303, '工业园区', 500300);
INSERT INTO `ums_pcd_dic` VALUES (510000, '四川省', 0);
INSERT INTO `ums_pcd_dic` VALUES (510100, '成都市', 510000);
INSERT INTO `ums_pcd_dic` VALUES (510104, '锦江区', 510100);
INSERT INTO `ums_pcd_dic` VALUES (510105, '青羊区', 510100);
INSERT INTO `ums_pcd_dic` VALUES (510106, '金牛区', 510100);
INSERT INTO `ums_pcd_dic` VALUES (510107, '武侯区', 510100);
INSERT INTO `ums_pcd_dic` VALUES (510108, '成华区', 510100);
INSERT INTO `ums_pcd_dic` VALUES (510112, '龙泉驿区', 510100);
INSERT INTO `ums_pcd_dic` VALUES (510113, '青白江区', 510100);
INSERT INTO `ums_pcd_dic` VALUES (510114, '新都区', 510100);
INSERT INTO `ums_pcd_dic` VALUES (510115, '温江区', 510100);
INSERT INTO `ums_pcd_dic` VALUES (510121, '金堂县', 510100);
INSERT INTO `ums_pcd_dic` VALUES (510122, '双流县', 510100);
INSERT INTO `ums_pcd_dic` VALUES (510124, '郫县', 510100);
INSERT INTO `ums_pcd_dic` VALUES (510129, '大邑县', 510100);
INSERT INTO `ums_pcd_dic` VALUES (510131, '蒲江县', 510100);
INSERT INTO `ums_pcd_dic` VALUES (510132, '新津县', 510100);
INSERT INTO `ums_pcd_dic` VALUES (510181, '都江堰市', 510100);
INSERT INTO `ums_pcd_dic` VALUES (510182, '彭州市', 510100);
INSERT INTO `ums_pcd_dic` VALUES (510183, '邛崃市', 510100);
INSERT INTO `ums_pcd_dic` VALUES (510184, '崇州市', 510100);
INSERT INTO `ums_pcd_dic` VALUES (510300, '自贡市', 510000);
INSERT INTO `ums_pcd_dic` VALUES (510302, '自流井区', 510300);
INSERT INTO `ums_pcd_dic` VALUES (510303, '贡井区', 510300);
INSERT INTO `ums_pcd_dic` VALUES (510304, '大安区', 510300);
INSERT INTO `ums_pcd_dic` VALUES (510311, '沿滩区', 510300);
INSERT INTO `ums_pcd_dic` VALUES (510321, '荣县', 510300);
INSERT INTO `ums_pcd_dic` VALUES (510322, '富顺县', 510300);
INSERT INTO `ums_pcd_dic` VALUES (510400, '攀枝花市', 510000);
INSERT INTO `ums_pcd_dic` VALUES (510402, '东区', 510400);
INSERT INTO `ums_pcd_dic` VALUES (510403, '西区', 510400);
INSERT INTO `ums_pcd_dic` VALUES (510411, '仁和区', 510400);
INSERT INTO `ums_pcd_dic` VALUES (510421, '米易县', 510400);
INSERT INTO `ums_pcd_dic` VALUES (510422, '盐边县', 510400);
INSERT INTO `ums_pcd_dic` VALUES (510500, '泸州市', 510000);
INSERT INTO `ums_pcd_dic` VALUES (510502, '江阳区', 510500);
INSERT INTO `ums_pcd_dic` VALUES (510503, '纳溪区', 510500);
INSERT INTO `ums_pcd_dic` VALUES (510504, '龙马潭区', 510500);
INSERT INTO `ums_pcd_dic` VALUES (510521, '泸县', 510500);
INSERT INTO `ums_pcd_dic` VALUES (510522, '合江县', 510500);
INSERT INTO `ums_pcd_dic` VALUES (510524, '叙永县', 510500);
INSERT INTO `ums_pcd_dic` VALUES (510525, '古蔺县', 510500);
INSERT INTO `ums_pcd_dic` VALUES (510600, '德阳市', 510000);
INSERT INTO `ums_pcd_dic` VALUES (510603, '旌阳区', 510600);
INSERT INTO `ums_pcd_dic` VALUES (510623, '中江县', 510600);
INSERT INTO `ums_pcd_dic` VALUES (510626, '罗江县', 510600);
INSERT INTO `ums_pcd_dic` VALUES (510681, '广汉市', 510600);
INSERT INTO `ums_pcd_dic` VALUES (510682, '什邡市', 510600);
INSERT INTO `ums_pcd_dic` VALUES (510683, '绵竹市', 510600);
INSERT INTO `ums_pcd_dic` VALUES (510700, '绵阳市', 510000);
INSERT INTO `ums_pcd_dic` VALUES (510703, '涪城区', 510700);
INSERT INTO `ums_pcd_dic` VALUES (510704, '游仙区', 510700);
INSERT INTO `ums_pcd_dic` VALUES (510722, '三台县', 510700);
INSERT INTO `ums_pcd_dic` VALUES (510723, '盐亭县', 510700);
INSERT INTO `ums_pcd_dic` VALUES (510724, '安县', 510700);
INSERT INTO `ums_pcd_dic` VALUES (510725, '梓潼县', 510700);
INSERT INTO `ums_pcd_dic` VALUES (510726, '北川羌族自治县', 510700);
INSERT INTO `ums_pcd_dic` VALUES (510727, '平武县', 510700);
INSERT INTO `ums_pcd_dic` VALUES (510781, '江油市', 510700);
INSERT INTO `ums_pcd_dic` VALUES (510800, '广元市', 510000);
INSERT INTO `ums_pcd_dic` VALUES (510802, '利州区', 510800);
INSERT INTO `ums_pcd_dic` VALUES (510811, '昭化区', 510800);
INSERT INTO `ums_pcd_dic` VALUES (510812, '朝天区', 510800);
INSERT INTO `ums_pcd_dic` VALUES (510821, '旺苍县', 510800);
INSERT INTO `ums_pcd_dic` VALUES (510822, '青川县', 510800);
INSERT INTO `ums_pcd_dic` VALUES (510823, '剑阁县', 510800);
INSERT INTO `ums_pcd_dic` VALUES (510824, '苍溪县', 510800);
INSERT INTO `ums_pcd_dic` VALUES (510900, '遂宁市', 510000);
INSERT INTO `ums_pcd_dic` VALUES (510903, '船山区', 510900);
INSERT INTO `ums_pcd_dic` VALUES (510904, '安居区', 510900);
INSERT INTO `ums_pcd_dic` VALUES (510921, '蓬溪县', 510900);
INSERT INTO `ums_pcd_dic` VALUES (510922, '射洪县', 510900);
INSERT INTO `ums_pcd_dic` VALUES (510923, '大英县', 510900);
INSERT INTO `ums_pcd_dic` VALUES (511000, '内江市', 510000);
INSERT INTO `ums_pcd_dic` VALUES (511002, '市中区', 511000);
INSERT INTO `ums_pcd_dic` VALUES (511011, '东兴区', 511000);
INSERT INTO `ums_pcd_dic` VALUES (511024, '威远县', 511000);
INSERT INTO `ums_pcd_dic` VALUES (511025, '资中县', 511000);
INSERT INTO `ums_pcd_dic` VALUES (511028, '隆昌县', 511000);
INSERT INTO `ums_pcd_dic` VALUES (511100, '乐山市', 510000);
INSERT INTO `ums_pcd_dic` VALUES (511102, '市中区', 511100);
INSERT INTO `ums_pcd_dic` VALUES (511111, '沙湾区', 511100);
INSERT INTO `ums_pcd_dic` VALUES (511112, '五通桥区', 511100);
INSERT INTO `ums_pcd_dic` VALUES (511113, '金口河区', 511100);
INSERT INTO `ums_pcd_dic` VALUES (511123, '犍为县', 511100);
INSERT INTO `ums_pcd_dic` VALUES (511124, '井研县', 511100);
INSERT INTO `ums_pcd_dic` VALUES (511126, '夹江县', 511100);
INSERT INTO `ums_pcd_dic` VALUES (511129, '沐川县', 511100);
INSERT INTO `ums_pcd_dic` VALUES (511132, '峨边彝族自治县', 511100);
INSERT INTO `ums_pcd_dic` VALUES (511133, '马边彝族自治县', 511100);
INSERT INTO `ums_pcd_dic` VALUES (511181, '峨眉山市', 511100);
INSERT INTO `ums_pcd_dic` VALUES (511300, '南充市', 510000);
INSERT INTO `ums_pcd_dic` VALUES (511302, '顺庆区', 511300);
INSERT INTO `ums_pcd_dic` VALUES (511303, '高坪区', 511300);
INSERT INTO `ums_pcd_dic` VALUES (511304, '嘉陵区', 511300);
INSERT INTO `ums_pcd_dic` VALUES (511321, '南部县', 511300);
INSERT INTO `ums_pcd_dic` VALUES (511322, '营山县', 511300);
INSERT INTO `ums_pcd_dic` VALUES (511323, '蓬安县', 511300);
INSERT INTO `ums_pcd_dic` VALUES (511324, '仪陇县', 511300);
INSERT INTO `ums_pcd_dic` VALUES (511325, '西充县', 511300);
INSERT INTO `ums_pcd_dic` VALUES (511381, '阆中市', 511300);
INSERT INTO `ums_pcd_dic` VALUES (511400, '眉山市', 510000);
INSERT INTO `ums_pcd_dic` VALUES (511402, '东坡区', 511400);
INSERT INTO `ums_pcd_dic` VALUES (511403, '彭山区', 511400);
INSERT INTO `ums_pcd_dic` VALUES (511421, '仁寿县', 511400);
INSERT INTO `ums_pcd_dic` VALUES (511423, '洪雅县', 511400);
INSERT INTO `ums_pcd_dic` VALUES (511424, '丹棱县', 511400);
INSERT INTO `ums_pcd_dic` VALUES (511425, '青神县', 511400);
INSERT INTO `ums_pcd_dic` VALUES (511500, '宜宾市', 510000);
INSERT INTO `ums_pcd_dic` VALUES (511502, '翠屏区', 511500);
INSERT INTO `ums_pcd_dic` VALUES (511503, '南溪区', 511500);
INSERT INTO `ums_pcd_dic` VALUES (511521, '宜宾县', 511500);
INSERT INTO `ums_pcd_dic` VALUES (511523, '江安县', 511500);
INSERT INTO `ums_pcd_dic` VALUES (511524, '长宁县', 511500);
INSERT INTO `ums_pcd_dic` VALUES (511525, '高县', 511500);
INSERT INTO `ums_pcd_dic` VALUES (511526, '珙县', 511500);
INSERT INTO `ums_pcd_dic` VALUES (511527, '筠连县', 511500);
INSERT INTO `ums_pcd_dic` VALUES (511528, '兴文县', 511500);
INSERT INTO `ums_pcd_dic` VALUES (511529, '屏山县', 511500);
INSERT INTO `ums_pcd_dic` VALUES (511600, '广安市', 510000);
INSERT INTO `ums_pcd_dic` VALUES (511602, '广安区', 511600);
INSERT INTO `ums_pcd_dic` VALUES (511603, '前锋区', 511600);
INSERT INTO `ums_pcd_dic` VALUES (511621, '岳池县', 511600);
INSERT INTO `ums_pcd_dic` VALUES (511622, '武胜县', 511600);
INSERT INTO `ums_pcd_dic` VALUES (511623, '邻水县', 511600);
INSERT INTO `ums_pcd_dic` VALUES (511681, '华蓥市', 511600);
INSERT INTO `ums_pcd_dic` VALUES (511700, '达州市', 510000);
INSERT INTO `ums_pcd_dic` VALUES (511702, '通川区', 511700);
INSERT INTO `ums_pcd_dic` VALUES (511703, '达川区', 511700);
INSERT INTO `ums_pcd_dic` VALUES (511722, '宣汉县', 511700);
INSERT INTO `ums_pcd_dic` VALUES (511723, '开江县', 511700);
INSERT INTO `ums_pcd_dic` VALUES (511724, '大竹县', 511700);
INSERT INTO `ums_pcd_dic` VALUES (511725, '渠县', 511700);
INSERT INTO `ums_pcd_dic` VALUES (511781, '万源市', 511700);
INSERT INTO `ums_pcd_dic` VALUES (511800, '雅安市', 510000);
INSERT INTO `ums_pcd_dic` VALUES (511802, '雨城区', 511800);
INSERT INTO `ums_pcd_dic` VALUES (511803, '名山区', 511800);
INSERT INTO `ums_pcd_dic` VALUES (511822, '荥经县', 511800);
INSERT INTO `ums_pcd_dic` VALUES (511823, '汉源县', 511800);
INSERT INTO `ums_pcd_dic` VALUES (511824, '石棉县', 511800);
INSERT INTO `ums_pcd_dic` VALUES (511825, '天全县', 511800);
INSERT INTO `ums_pcd_dic` VALUES (511826, '芦山县', 511800);
INSERT INTO `ums_pcd_dic` VALUES (511827, '宝兴县', 511800);
INSERT INTO `ums_pcd_dic` VALUES (511900, '巴中市', 510000);
INSERT INTO `ums_pcd_dic` VALUES (511902, '巴州区', 511900);
INSERT INTO `ums_pcd_dic` VALUES (511903, '恩阳区', 511900);
INSERT INTO `ums_pcd_dic` VALUES (511921, '通江县', 511900);
INSERT INTO `ums_pcd_dic` VALUES (511922, '南江县', 511900);
INSERT INTO `ums_pcd_dic` VALUES (511923, '平昌县', 511900);
INSERT INTO `ums_pcd_dic` VALUES (512000, '资阳市', 510000);
INSERT INTO `ums_pcd_dic` VALUES (512002, '雁江区', 512000);
INSERT INTO `ums_pcd_dic` VALUES (512021, '安岳县', 512000);
INSERT INTO `ums_pcd_dic` VALUES (512022, '乐至县', 512000);
INSERT INTO `ums_pcd_dic` VALUES (512081, '简阳市', 512000);
INSERT INTO `ums_pcd_dic` VALUES (513200, '阿坝藏族羌族自治州', 510000);
INSERT INTO `ums_pcd_dic` VALUES (513221, '汶川县', 513200);
INSERT INTO `ums_pcd_dic` VALUES (513222, '理县', 513200);
INSERT INTO `ums_pcd_dic` VALUES (513223, '茂县', 513200);
INSERT INTO `ums_pcd_dic` VALUES (513224, '松潘县', 513200);
INSERT INTO `ums_pcd_dic` VALUES (513225, '九寨沟县', 513200);
INSERT INTO `ums_pcd_dic` VALUES (513226, '金川县', 513200);
INSERT INTO `ums_pcd_dic` VALUES (513227, '小金县', 513200);
INSERT INTO `ums_pcd_dic` VALUES (513228, '黑水县', 513200);
INSERT INTO `ums_pcd_dic` VALUES (513229, '马尔康县', 513200);
INSERT INTO `ums_pcd_dic` VALUES (513230, '壤塘县', 513200);
INSERT INTO `ums_pcd_dic` VALUES (513231, '阿坝县', 513200);
INSERT INTO `ums_pcd_dic` VALUES (513232, '若尔盖县', 513200);
INSERT INTO `ums_pcd_dic` VALUES (513233, '红原县', 513200);
INSERT INTO `ums_pcd_dic` VALUES (513300, '甘孜藏族自治州', 510000);
INSERT INTO `ums_pcd_dic` VALUES (513321, '康定县', 513300);
INSERT INTO `ums_pcd_dic` VALUES (513322, '泸定县', 513300);
INSERT INTO `ums_pcd_dic` VALUES (513323, '丹巴县', 513300);
INSERT INTO `ums_pcd_dic` VALUES (513324, '九龙县', 513300);
INSERT INTO `ums_pcd_dic` VALUES (513325, '雅江县', 513300);
INSERT INTO `ums_pcd_dic` VALUES (513326, '道孚县', 513300);
INSERT INTO `ums_pcd_dic` VALUES (513327, '炉霍县', 513300);
INSERT INTO `ums_pcd_dic` VALUES (513328, '甘孜县', 513300);
INSERT INTO `ums_pcd_dic` VALUES (513329, '新龙县', 513300);
INSERT INTO `ums_pcd_dic` VALUES (513330, '德格县', 513300);
INSERT INTO `ums_pcd_dic` VALUES (513331, '白玉县', 513300);
INSERT INTO `ums_pcd_dic` VALUES (513332, '石渠县', 513300);
INSERT INTO `ums_pcd_dic` VALUES (513333, '色达县', 513300);
INSERT INTO `ums_pcd_dic` VALUES (513334, '理塘县', 513300);
INSERT INTO `ums_pcd_dic` VALUES (513335, '巴塘县', 513300);
INSERT INTO `ums_pcd_dic` VALUES (513336, '乡城县', 513300);
INSERT INTO `ums_pcd_dic` VALUES (513337, '稻城县', 513300);
INSERT INTO `ums_pcd_dic` VALUES (513338, '得荣县', 513300);
INSERT INTO `ums_pcd_dic` VALUES (513400, '凉山彝族自治州', 510000);
INSERT INTO `ums_pcd_dic` VALUES (513401, '西昌市', 513400);
INSERT INTO `ums_pcd_dic` VALUES (513422, '木里藏族自治县', 513400);
INSERT INTO `ums_pcd_dic` VALUES (513423, '盐源县', 513400);
INSERT INTO `ums_pcd_dic` VALUES (513424, '德昌县', 513400);
INSERT INTO `ums_pcd_dic` VALUES (513425, '会理县', 513400);
INSERT INTO `ums_pcd_dic` VALUES (513426, '会东县', 513400);
INSERT INTO `ums_pcd_dic` VALUES (513427, '宁南县', 513400);
INSERT INTO `ums_pcd_dic` VALUES (513428, '普格县', 513400);
INSERT INTO `ums_pcd_dic` VALUES (513429, '布拖县', 513400);
INSERT INTO `ums_pcd_dic` VALUES (513430, '金阳县', 513400);
INSERT INTO `ums_pcd_dic` VALUES (513431, '昭觉县', 513400);
INSERT INTO `ums_pcd_dic` VALUES (513432, '喜德县', 513400);
INSERT INTO `ums_pcd_dic` VALUES (513433, '冕宁县', 513400);
INSERT INTO `ums_pcd_dic` VALUES (513434, '越西县', 513400);
INSERT INTO `ums_pcd_dic` VALUES (513435, '甘洛县', 513400);
INSERT INTO `ums_pcd_dic` VALUES (513436, '美姑县', 513400);
INSERT INTO `ums_pcd_dic` VALUES (513437, '雷波县', 513400);
INSERT INTO `ums_pcd_dic` VALUES (520000, '贵州省', 0);
INSERT INTO `ums_pcd_dic` VALUES (520100, '贵阳市', 520000);
INSERT INTO `ums_pcd_dic` VALUES (520102, '南明区', 520100);
INSERT INTO `ums_pcd_dic` VALUES (520103, '云岩区', 520100);
INSERT INTO `ums_pcd_dic` VALUES (520111, '花溪区', 520100);
INSERT INTO `ums_pcd_dic` VALUES (520112, '乌当区', 520100);
INSERT INTO `ums_pcd_dic` VALUES (520113, '白云区', 520100);
INSERT INTO `ums_pcd_dic` VALUES (520115, '观山湖区', 520100);
INSERT INTO `ums_pcd_dic` VALUES (520121, '开阳县', 520100);
INSERT INTO `ums_pcd_dic` VALUES (520122, '息烽县', 520100);
INSERT INTO `ums_pcd_dic` VALUES (520123, '修文县', 520100);
INSERT INTO `ums_pcd_dic` VALUES (520181, '清镇市', 520100);
INSERT INTO `ums_pcd_dic` VALUES (520200, '六盘水市', 520000);
INSERT INTO `ums_pcd_dic` VALUES (520201, '钟山区', 520200);
INSERT INTO `ums_pcd_dic` VALUES (520203, '六枝特区', 520200);
INSERT INTO `ums_pcd_dic` VALUES (520221, '水城县', 520200);
INSERT INTO `ums_pcd_dic` VALUES (520222, '盘县', 520200);
INSERT INTO `ums_pcd_dic` VALUES (520300, '遵义市', 520000);
INSERT INTO `ums_pcd_dic` VALUES (520302, '红花岗区', 520300);
INSERT INTO `ums_pcd_dic` VALUES (520303, '汇川区', 520300);
INSERT INTO `ums_pcd_dic` VALUES (520321, '遵义县', 520300);
INSERT INTO `ums_pcd_dic` VALUES (520322, '桐梓县', 520300);
INSERT INTO `ums_pcd_dic` VALUES (520323, '绥阳县', 520300);
INSERT INTO `ums_pcd_dic` VALUES (520324, '正安县', 520300);
INSERT INTO `ums_pcd_dic` VALUES (520325, '道真仡佬族苗族自治县', 520300);
INSERT INTO `ums_pcd_dic` VALUES (520326, '务川仡佬族苗族自治县', 520300);
INSERT INTO `ums_pcd_dic` VALUES (520327, '凤冈县', 520300);
INSERT INTO `ums_pcd_dic` VALUES (520328, '湄潭县', 520300);
INSERT INTO `ums_pcd_dic` VALUES (520329, '余庆县', 520300);
INSERT INTO `ums_pcd_dic` VALUES (520330, '习水县', 520300);
INSERT INTO `ums_pcd_dic` VALUES (520381, '赤水市', 520300);
INSERT INTO `ums_pcd_dic` VALUES (520382, '仁怀市', 520300);
INSERT INTO `ums_pcd_dic` VALUES (520400, '安顺市', 520000);
INSERT INTO `ums_pcd_dic` VALUES (520402, '西秀区', 520400);
INSERT INTO `ums_pcd_dic` VALUES (520421, '平坝区', 520400);
INSERT INTO `ums_pcd_dic` VALUES (520422, '普定县', 520400);
INSERT INTO `ums_pcd_dic` VALUES (520423, '镇宁布依族苗族自治县', 520400);
INSERT INTO `ums_pcd_dic` VALUES (520424, '关岭布依族苗族自治县', 520400);
INSERT INTO `ums_pcd_dic` VALUES (520425, '紫云苗族布依族自治县', 520400);
INSERT INTO `ums_pcd_dic` VALUES (520500, '毕节市', 520000);
INSERT INTO `ums_pcd_dic` VALUES (520502, '七星关区', 520500);
INSERT INTO `ums_pcd_dic` VALUES (520521, '大方县', 520500);
INSERT INTO `ums_pcd_dic` VALUES (520522, '黔西县', 520500);
INSERT INTO `ums_pcd_dic` VALUES (520523, '金沙县', 520500);
INSERT INTO `ums_pcd_dic` VALUES (520524, '织金县', 520500);
INSERT INTO `ums_pcd_dic` VALUES (520525, '纳雍县', 520500);
INSERT INTO `ums_pcd_dic` VALUES (520526, '威宁彝族回族苗族自治县', 520500);
INSERT INTO `ums_pcd_dic` VALUES (520527, '赫章县', 520500);
INSERT INTO `ums_pcd_dic` VALUES (520600, '铜仁市', 520000);
INSERT INTO `ums_pcd_dic` VALUES (520602, '碧江区', 520600);
INSERT INTO `ums_pcd_dic` VALUES (520603, '万山区', 520600);
INSERT INTO `ums_pcd_dic` VALUES (520621, '江口县', 520600);
INSERT INTO `ums_pcd_dic` VALUES (520622, '玉屏侗族自治县', 520600);
INSERT INTO `ums_pcd_dic` VALUES (520623, '石阡县', 520600);
INSERT INTO `ums_pcd_dic` VALUES (520624, '思南县', 520600);
INSERT INTO `ums_pcd_dic` VALUES (520625, '印江土家族苗族自治县', 520600);
INSERT INTO `ums_pcd_dic` VALUES (520626, '德江县', 520600);
INSERT INTO `ums_pcd_dic` VALUES (520627, '沿河土家族自治县', 520600);
INSERT INTO `ums_pcd_dic` VALUES (520628, '松桃苗族自治县', 520600);
INSERT INTO `ums_pcd_dic` VALUES (522300, '黔西南布依族苗族自治州', 520000);
INSERT INTO `ums_pcd_dic` VALUES (522301, '兴义市 ', 522300);
INSERT INTO `ums_pcd_dic` VALUES (522322, '兴仁县', 522300);
INSERT INTO `ums_pcd_dic` VALUES (522323, '普安县', 522300);
INSERT INTO `ums_pcd_dic` VALUES (522324, '晴隆县', 522300);
INSERT INTO `ums_pcd_dic` VALUES (522325, '贞丰县', 522300);
INSERT INTO `ums_pcd_dic` VALUES (522326, '望谟县', 522300);
INSERT INTO `ums_pcd_dic` VALUES (522327, '册亨县', 522300);
INSERT INTO `ums_pcd_dic` VALUES (522328, '安龙县', 522300);
INSERT INTO `ums_pcd_dic` VALUES (522600, '黔东南苗族侗族自治州', 520000);
INSERT INTO `ums_pcd_dic` VALUES (522601, '凯里市', 522600);
INSERT INTO `ums_pcd_dic` VALUES (522622, '黄平县', 522600);
INSERT INTO `ums_pcd_dic` VALUES (522623, '施秉县', 522600);
INSERT INTO `ums_pcd_dic` VALUES (522624, '三穗县', 522600);
INSERT INTO `ums_pcd_dic` VALUES (522625, '镇远县', 522600);
INSERT INTO `ums_pcd_dic` VALUES (522626, '岑巩县', 522600);
INSERT INTO `ums_pcd_dic` VALUES (522627, '天柱县', 522600);
INSERT INTO `ums_pcd_dic` VALUES (522628, '锦屏县', 522600);
INSERT INTO `ums_pcd_dic` VALUES (522629, '剑河县', 522600);
INSERT INTO `ums_pcd_dic` VALUES (522630, '台江县', 522600);
INSERT INTO `ums_pcd_dic` VALUES (522631, '黎平县', 522600);
INSERT INTO `ums_pcd_dic` VALUES (522632, '榕江县', 522600);
INSERT INTO `ums_pcd_dic` VALUES (522633, '从江县', 522600);
INSERT INTO `ums_pcd_dic` VALUES (522634, '雷山县', 522600);
INSERT INTO `ums_pcd_dic` VALUES (522635, '麻江县', 522600);
INSERT INTO `ums_pcd_dic` VALUES (522636, '丹寨县', 522600);
INSERT INTO `ums_pcd_dic` VALUES (522700, '黔南布依族苗族自治州', 520000);
INSERT INTO `ums_pcd_dic` VALUES (522701, '都匀市', 522700);
INSERT INTO `ums_pcd_dic` VALUES (522702, '福泉市', 522700);
INSERT INTO `ums_pcd_dic` VALUES (522722, '荔波县', 522700);
INSERT INTO `ums_pcd_dic` VALUES (522723, '贵定县', 522700);
INSERT INTO `ums_pcd_dic` VALUES (522725, '瓮安县', 522700);
INSERT INTO `ums_pcd_dic` VALUES (522726, '独山县', 522700);
INSERT INTO `ums_pcd_dic` VALUES (522727, '平塘县', 522700);
INSERT INTO `ums_pcd_dic` VALUES (522728, '罗甸县', 522700);
INSERT INTO `ums_pcd_dic` VALUES (522729, '长顺县', 522700);
INSERT INTO `ums_pcd_dic` VALUES (522730, '龙里县', 522700);
INSERT INTO `ums_pcd_dic` VALUES (522731, '惠水县', 522700);
INSERT INTO `ums_pcd_dic` VALUES (522732, '三都水族自治县', 522700);
INSERT INTO `ums_pcd_dic` VALUES (530000, '云南省', 0);
INSERT INTO `ums_pcd_dic` VALUES (530100, '昆明市', 530000);
INSERT INTO `ums_pcd_dic` VALUES (530102, '五华区', 530100);
INSERT INTO `ums_pcd_dic` VALUES (530103, '盘龙区', 530100);
INSERT INTO `ums_pcd_dic` VALUES (530111, '官渡区', 530100);
INSERT INTO `ums_pcd_dic` VALUES (530112, '西山区', 530100);
INSERT INTO `ums_pcd_dic` VALUES (530113, '东川区', 530100);
INSERT INTO `ums_pcd_dic` VALUES (530114, '呈贡区', 530100);
INSERT INTO `ums_pcd_dic` VALUES (530122, '晋宁县', 530100);
INSERT INTO `ums_pcd_dic` VALUES (530124, '富民县', 530100);
INSERT INTO `ums_pcd_dic` VALUES (530125, '宜良县', 530100);
INSERT INTO `ums_pcd_dic` VALUES (530126, '石林彝族自治县', 530100);
INSERT INTO `ums_pcd_dic` VALUES (530127, '嵩明县', 530100);
INSERT INTO `ums_pcd_dic` VALUES (530128, '禄劝彝族苗族自治县', 530100);
INSERT INTO `ums_pcd_dic` VALUES (530129, '寻甸回族彝族自治县 ', 530100);
INSERT INTO `ums_pcd_dic` VALUES (530181, '安宁市', 530100);
INSERT INTO `ums_pcd_dic` VALUES (530300, '曲靖市', 530000);
INSERT INTO `ums_pcd_dic` VALUES (530302, '麒麟区', 530300);
INSERT INTO `ums_pcd_dic` VALUES (530321, '马龙县', 530300);
INSERT INTO `ums_pcd_dic` VALUES (530322, '陆良县', 530300);
INSERT INTO `ums_pcd_dic` VALUES (530323, '师宗县', 530300);
INSERT INTO `ums_pcd_dic` VALUES (530324, '罗平县', 530300);
INSERT INTO `ums_pcd_dic` VALUES (530325, '富源县', 530300);
INSERT INTO `ums_pcd_dic` VALUES (530326, '会泽县', 530300);
INSERT INTO `ums_pcd_dic` VALUES (530328, '沾益县', 530300);
INSERT INTO `ums_pcd_dic` VALUES (530381, '宣威市', 530300);
INSERT INTO `ums_pcd_dic` VALUES (530400, '玉溪市', 530000);
INSERT INTO `ums_pcd_dic` VALUES (530402, '红塔区', 530400);
INSERT INTO `ums_pcd_dic` VALUES (530421, '江川县', 530400);
INSERT INTO `ums_pcd_dic` VALUES (530422, '澄江县', 530400);
INSERT INTO `ums_pcd_dic` VALUES (530423, '通海县', 530400);
INSERT INTO `ums_pcd_dic` VALUES (530424, '华宁县', 530400);
INSERT INTO `ums_pcd_dic` VALUES (530425, '易门县', 530400);
INSERT INTO `ums_pcd_dic` VALUES (530426, '峨山彝族自治县', 530400);
INSERT INTO `ums_pcd_dic` VALUES (530427, '新平彝族傣族自治县', 530400);
INSERT INTO `ums_pcd_dic` VALUES (530428, '元江哈尼族彝族傣族自治县', 530400);
INSERT INTO `ums_pcd_dic` VALUES (530500, '保山市', 530000);
INSERT INTO `ums_pcd_dic` VALUES (530502, '隆阳区', 530500);
INSERT INTO `ums_pcd_dic` VALUES (530521, '施甸县', 530500);
INSERT INTO `ums_pcd_dic` VALUES (530522, '腾冲县', 530500);
INSERT INTO `ums_pcd_dic` VALUES (530523, '龙陵县', 530500);
INSERT INTO `ums_pcd_dic` VALUES (530524, '昌宁县', 530500);
INSERT INTO `ums_pcd_dic` VALUES (530600, '昭通市', 530000);
INSERT INTO `ums_pcd_dic` VALUES (530602, '昭阳区', 530600);
INSERT INTO `ums_pcd_dic` VALUES (530621, '鲁甸县', 530600);
INSERT INTO `ums_pcd_dic` VALUES (530622, '巧家县', 530600);
INSERT INTO `ums_pcd_dic` VALUES (530623, '盐津县', 530600);
INSERT INTO `ums_pcd_dic` VALUES (530624, '大关县', 530600);
INSERT INTO `ums_pcd_dic` VALUES (530625, '永善县', 530600);
INSERT INTO `ums_pcd_dic` VALUES (530626, '绥江县', 530600);
INSERT INTO `ums_pcd_dic` VALUES (530627, '镇雄县', 530600);
INSERT INTO `ums_pcd_dic` VALUES (530628, '彝良县', 530600);
INSERT INTO `ums_pcd_dic` VALUES (530629, '威信县', 530600);
INSERT INTO `ums_pcd_dic` VALUES (530630, '水富县', 530600);
INSERT INTO `ums_pcd_dic` VALUES (530700, '丽江市', 530000);
INSERT INTO `ums_pcd_dic` VALUES (530702, '古城区', 530700);
INSERT INTO `ums_pcd_dic` VALUES (530721, '玉龙纳西族自治县', 530700);
INSERT INTO `ums_pcd_dic` VALUES (530722, '永胜县', 530700);
INSERT INTO `ums_pcd_dic` VALUES (530723, '华坪县', 530700);
INSERT INTO `ums_pcd_dic` VALUES (530724, '宁蒗彝族自治县', 530700);
INSERT INTO `ums_pcd_dic` VALUES (530800, '普洱市', 530000);
INSERT INTO `ums_pcd_dic` VALUES (530802, '思茅区', 530800);
INSERT INTO `ums_pcd_dic` VALUES (530821, '宁洱哈尼族彝族自治县', 530800);
INSERT INTO `ums_pcd_dic` VALUES (530822, '墨江哈尼族自治县', 530800);
INSERT INTO `ums_pcd_dic` VALUES (530823, '景东彝族自治县', 530800);
INSERT INTO `ums_pcd_dic` VALUES (530824, '景谷傣族彝族自治县', 530800);
INSERT INTO `ums_pcd_dic` VALUES (530825, '镇沅彝族哈尼族拉祜族自治县', 530800);
INSERT INTO `ums_pcd_dic` VALUES (530826, '江城哈尼族彝族自治县', 530800);
INSERT INTO `ums_pcd_dic` VALUES (530827, '孟连傣族拉祜族佤族自治县', 530800);
INSERT INTO `ums_pcd_dic` VALUES (530828, '澜沧拉祜族自治县', 530800);
INSERT INTO `ums_pcd_dic` VALUES (530829, '西盟佤族自治县', 530800);
INSERT INTO `ums_pcd_dic` VALUES (530900, '临沧市', 530000);
INSERT INTO `ums_pcd_dic` VALUES (530902, '临翔区', 530900);
INSERT INTO `ums_pcd_dic` VALUES (530921, '凤庆县', 530900);
INSERT INTO `ums_pcd_dic` VALUES (530922, '云县', 530900);
INSERT INTO `ums_pcd_dic` VALUES (530923, '永德县', 530900);
INSERT INTO `ums_pcd_dic` VALUES (530924, '镇康县', 530900);
INSERT INTO `ums_pcd_dic` VALUES (530925, '双江拉祜族佤族布朗族傣族自治县', 530900);
INSERT INTO `ums_pcd_dic` VALUES (530926, '耿马傣族佤族自治县', 530900);
INSERT INTO `ums_pcd_dic` VALUES (530927, '沧源佤族自治县', 530900);
INSERT INTO `ums_pcd_dic` VALUES (532300, '楚雄彝族自治州', 530000);
INSERT INTO `ums_pcd_dic` VALUES (532301, '楚雄市', 532300);
INSERT INTO `ums_pcd_dic` VALUES (532322, '双柏县', 532300);
INSERT INTO `ums_pcd_dic` VALUES (532323, '牟定县', 532300);
INSERT INTO `ums_pcd_dic` VALUES (532324, '南华县', 532300);
INSERT INTO `ums_pcd_dic` VALUES (532325, '姚安县', 532300);
INSERT INTO `ums_pcd_dic` VALUES (532326, '大姚县', 532300);
INSERT INTO `ums_pcd_dic` VALUES (532327, '永仁县', 532300);
INSERT INTO `ums_pcd_dic` VALUES (532328, '元谋县', 532300);
INSERT INTO `ums_pcd_dic` VALUES (532329, '武定县', 532300);
INSERT INTO `ums_pcd_dic` VALUES (532331, '禄丰县', 532300);
INSERT INTO `ums_pcd_dic` VALUES (532500, '红河哈尼族彝族自治州', 530000);
INSERT INTO `ums_pcd_dic` VALUES (532501, '个旧市', 532500);
INSERT INTO `ums_pcd_dic` VALUES (532502, '开远市', 532500);
INSERT INTO `ums_pcd_dic` VALUES (532503, '蒙自市', 532500);
INSERT INTO `ums_pcd_dic` VALUES (532504, '弥勒市', 532500);
INSERT INTO `ums_pcd_dic` VALUES (532523, '屏边苗族自治县', 532500);
INSERT INTO `ums_pcd_dic` VALUES (532524, '建水县', 532500);
INSERT INTO `ums_pcd_dic` VALUES (532525, '石屏县', 532500);
INSERT INTO `ums_pcd_dic` VALUES (532527, '泸西县', 532500);
INSERT INTO `ums_pcd_dic` VALUES (532528, '元阳县', 532500);
INSERT INTO `ums_pcd_dic` VALUES (532529, '红河县', 532500);
INSERT INTO `ums_pcd_dic` VALUES (532530, '金平苗族瑶族傣族自治县', 532500);
INSERT INTO `ums_pcd_dic` VALUES (532531, '绿春县', 532500);
INSERT INTO `ums_pcd_dic` VALUES (532532, '河口瑶族自治县', 532500);
INSERT INTO `ums_pcd_dic` VALUES (532600, '文山壮族苗族自治州', 530000);
INSERT INTO `ums_pcd_dic` VALUES (532601, '文山市', 532600);
INSERT INTO `ums_pcd_dic` VALUES (532622, '砚山县', 532600);
INSERT INTO `ums_pcd_dic` VALUES (532623, '西畴县', 532600);
INSERT INTO `ums_pcd_dic` VALUES (532624, '麻栗坡县', 532600);
INSERT INTO `ums_pcd_dic` VALUES (532625, '马关县', 532600);
INSERT INTO `ums_pcd_dic` VALUES (532626, '丘北县', 532600);
INSERT INTO `ums_pcd_dic` VALUES (532627, '广南县', 532600);
INSERT INTO `ums_pcd_dic` VALUES (532628, '富宁县', 532600);
INSERT INTO `ums_pcd_dic` VALUES (532800, '西双版纳傣族自治州', 530000);
INSERT INTO `ums_pcd_dic` VALUES (532801, '景洪市', 532800);
INSERT INTO `ums_pcd_dic` VALUES (532822, '勐海县', 532800);
INSERT INTO `ums_pcd_dic` VALUES (532823, '勐腊县', 532800);
INSERT INTO `ums_pcd_dic` VALUES (532900, '大理白族自治州', 530000);
INSERT INTO `ums_pcd_dic` VALUES (532901, '大理市', 532900);
INSERT INTO `ums_pcd_dic` VALUES (532922, '漾濞彝族自治县', 532900);
INSERT INTO `ums_pcd_dic` VALUES (532923, '祥云县', 532900);
INSERT INTO `ums_pcd_dic` VALUES (532924, '宾川县', 532900);
INSERT INTO `ums_pcd_dic` VALUES (532925, '弥渡县', 532900);
INSERT INTO `ums_pcd_dic` VALUES (532926, '南涧彝族自治县', 532900);
INSERT INTO `ums_pcd_dic` VALUES (532927, '巍山彝族回族自治县', 532900);
INSERT INTO `ums_pcd_dic` VALUES (532928, '永平县', 532900);
INSERT INTO `ums_pcd_dic` VALUES (532929, '云龙县', 532900);
INSERT INTO `ums_pcd_dic` VALUES (532930, '洱源县', 532900);
INSERT INTO `ums_pcd_dic` VALUES (532931, '剑川县', 532900);
INSERT INTO `ums_pcd_dic` VALUES (532932, '鹤庆县', 532900);
INSERT INTO `ums_pcd_dic` VALUES (533100, '德宏傣族景颇族自治州', 530000);
INSERT INTO `ums_pcd_dic` VALUES (533102, '瑞丽市', 533100);
INSERT INTO `ums_pcd_dic` VALUES (533103, '芒市', 533100);
INSERT INTO `ums_pcd_dic` VALUES (533122, '梁河县', 533100);
INSERT INTO `ums_pcd_dic` VALUES (533123, '盈江县', 533100);
INSERT INTO `ums_pcd_dic` VALUES (533124, '陇川县', 533100);
INSERT INTO `ums_pcd_dic` VALUES (533300, '怒江傈僳族自治州', 530000);
INSERT INTO `ums_pcd_dic` VALUES (533321, '泸水县', 533300);
INSERT INTO `ums_pcd_dic` VALUES (533323, '福贡县', 533300);
INSERT INTO `ums_pcd_dic` VALUES (533324, '贡山独龙族怒族自治县', 533300);
INSERT INTO `ums_pcd_dic` VALUES (533325, '兰坪白族普米族自治县', 533300);
INSERT INTO `ums_pcd_dic` VALUES (533400, '迪庆藏族自治州', 530000);
INSERT INTO `ums_pcd_dic` VALUES (533421, '香格里拉市', 533400);
INSERT INTO `ums_pcd_dic` VALUES (533422, '德钦县', 533400);
INSERT INTO `ums_pcd_dic` VALUES (533423, '维西傈僳族自治县', 533400);
INSERT INTO `ums_pcd_dic` VALUES (540000, '西藏自治区', 0);
INSERT INTO `ums_pcd_dic` VALUES (540100, '拉萨市', 540000);
INSERT INTO `ums_pcd_dic` VALUES (540102, '城关区', 540100);
INSERT INTO `ums_pcd_dic` VALUES (540121, '林周县', 540100);
INSERT INTO `ums_pcd_dic` VALUES (540122, '当雄县', 540100);
INSERT INTO `ums_pcd_dic` VALUES (540123, '尼木县', 540100);
INSERT INTO `ums_pcd_dic` VALUES (540124, '曲水县', 540100);
INSERT INTO `ums_pcd_dic` VALUES (540125, '堆龙德庆县', 540100);
INSERT INTO `ums_pcd_dic` VALUES (540126, '达孜县', 540100);
INSERT INTO `ums_pcd_dic` VALUES (540127, '墨竹工卡县', 540100);
INSERT INTO `ums_pcd_dic` VALUES (540200, '日喀则市', 540000);
INSERT INTO `ums_pcd_dic` VALUES (540202, '桑珠孜区', 540200);
INSERT INTO `ums_pcd_dic` VALUES (540221, '南木林县', 540200);
INSERT INTO `ums_pcd_dic` VALUES (540222, '江孜县', 540200);
INSERT INTO `ums_pcd_dic` VALUES (540223, '定日县', 540200);
INSERT INTO `ums_pcd_dic` VALUES (540224, '萨迦县', 540200);
INSERT INTO `ums_pcd_dic` VALUES (540225, '拉孜县', 540200);
INSERT INTO `ums_pcd_dic` VALUES (540226, '昂仁县', 540200);
INSERT INTO `ums_pcd_dic` VALUES (540227, '谢通门县', 540200);
INSERT INTO `ums_pcd_dic` VALUES (540228, '白朗县', 540200);
INSERT INTO `ums_pcd_dic` VALUES (540229, '仁布县', 540200);
INSERT INTO `ums_pcd_dic` VALUES (540230, '康马县', 540200);
INSERT INTO `ums_pcd_dic` VALUES (540231, '定结县', 540200);
INSERT INTO `ums_pcd_dic` VALUES (540232, '仲巴县', 540200);
INSERT INTO `ums_pcd_dic` VALUES (540233, '亚东县', 540200);
INSERT INTO `ums_pcd_dic` VALUES (540234, '吉隆县', 540200);
INSERT INTO `ums_pcd_dic` VALUES (540235, '聂拉木县', 540200);
INSERT INTO `ums_pcd_dic` VALUES (540236, '萨嘎县', 540200);
INSERT INTO `ums_pcd_dic` VALUES (540237, '岗巴县', 540200);
INSERT INTO `ums_pcd_dic` VALUES (540300, '昌都市', 540000);
INSERT INTO `ums_pcd_dic` VALUES (540302, '卡若区', 540300);
INSERT INTO `ums_pcd_dic` VALUES (540321, '江达县', 540300);
INSERT INTO `ums_pcd_dic` VALUES (540322, '贡觉县', 540300);
INSERT INTO `ums_pcd_dic` VALUES (540323, '类乌齐县', 540300);
INSERT INTO `ums_pcd_dic` VALUES (540324, '丁青县', 540300);
INSERT INTO `ums_pcd_dic` VALUES (540325, '察雅县', 540300);
INSERT INTO `ums_pcd_dic` VALUES (540326, '八宿县', 540300);
INSERT INTO `ums_pcd_dic` VALUES (540327, '左贡县', 540300);
INSERT INTO `ums_pcd_dic` VALUES (540328, '芒康县', 540300);
INSERT INTO `ums_pcd_dic` VALUES (540329, '洛隆县', 540300);
INSERT INTO `ums_pcd_dic` VALUES (540330, '边坝县', 540300);
INSERT INTO `ums_pcd_dic` VALUES (542200, '山南地区', 540000);
INSERT INTO `ums_pcd_dic` VALUES (542221, '乃东县', 542200);
INSERT INTO `ums_pcd_dic` VALUES (542222, '扎囊县', 542200);
INSERT INTO `ums_pcd_dic` VALUES (542223, '贡嘎县', 542200);
INSERT INTO `ums_pcd_dic` VALUES (542224, '桑日县', 542200);
INSERT INTO `ums_pcd_dic` VALUES (542225, '琼结县', 542200);
INSERT INTO `ums_pcd_dic` VALUES (542226, '曲松县', 542200);
INSERT INTO `ums_pcd_dic` VALUES (542227, '措美县', 542200);
INSERT INTO `ums_pcd_dic` VALUES (542228, '洛扎县', 542200);
INSERT INTO `ums_pcd_dic` VALUES (542229, '加查县', 542200);
INSERT INTO `ums_pcd_dic` VALUES (542231, '隆子县', 542200);
INSERT INTO `ums_pcd_dic` VALUES (542232, '错那县', 542200);
INSERT INTO `ums_pcd_dic` VALUES (542233, '浪卡子县', 542200);
INSERT INTO `ums_pcd_dic` VALUES (542400, '那曲地区', 540000);
INSERT INTO `ums_pcd_dic` VALUES (542421, '那曲县', 542400);
INSERT INTO `ums_pcd_dic` VALUES (542422, '嘉黎县', 542400);
INSERT INTO `ums_pcd_dic` VALUES (542423, '比如县', 542400);
INSERT INTO `ums_pcd_dic` VALUES (542424, '聂荣县', 542400);
INSERT INTO `ums_pcd_dic` VALUES (542425, '安多县', 542400);
INSERT INTO `ums_pcd_dic` VALUES (542426, '申扎县', 542400);
INSERT INTO `ums_pcd_dic` VALUES (542427, '索县', 542400);
INSERT INTO `ums_pcd_dic` VALUES (542428, '班戈县', 542400);
INSERT INTO `ums_pcd_dic` VALUES (542429, '巴青县', 542400);
INSERT INTO `ums_pcd_dic` VALUES (542430, '尼玛县', 542400);
INSERT INTO `ums_pcd_dic` VALUES (542431, '双湖县', 542400);
INSERT INTO `ums_pcd_dic` VALUES (542500, '阿里地区', 540000);
INSERT INTO `ums_pcd_dic` VALUES (542521, '普兰县', 542500);
INSERT INTO `ums_pcd_dic` VALUES (542522, '札达县', 542500);
INSERT INTO `ums_pcd_dic` VALUES (542523, '噶尔县', 542500);
INSERT INTO `ums_pcd_dic` VALUES (542524, '日土县', 542500);
INSERT INTO `ums_pcd_dic` VALUES (542525, '革吉县', 542500);
INSERT INTO `ums_pcd_dic` VALUES (542526, '改则县', 542500);
INSERT INTO `ums_pcd_dic` VALUES (542527, '措勤县', 542500);
INSERT INTO `ums_pcd_dic` VALUES (542600, '林芝地区', 540000);
INSERT INTO `ums_pcd_dic` VALUES (542621, '林芝县', 542600);
INSERT INTO `ums_pcd_dic` VALUES (542622, '工布江达县', 542600);
INSERT INTO `ums_pcd_dic` VALUES (542623, '米林县', 542600);
INSERT INTO `ums_pcd_dic` VALUES (542624, '墨脱县', 542600);
INSERT INTO `ums_pcd_dic` VALUES (542625, '波密县', 542600);
INSERT INTO `ums_pcd_dic` VALUES (542626, '察隅县', 542600);
INSERT INTO `ums_pcd_dic` VALUES (542627, '朗县', 542600);
INSERT INTO `ums_pcd_dic` VALUES (610000, '陕西省', 0);
INSERT INTO `ums_pcd_dic` VALUES (610100, '西安市', 610000);
INSERT INTO `ums_pcd_dic` VALUES (610102, '新城区', 610100);
INSERT INTO `ums_pcd_dic` VALUES (610103, '碑林区', 610100);
INSERT INTO `ums_pcd_dic` VALUES (610104, '莲湖区', 610100);
INSERT INTO `ums_pcd_dic` VALUES (610111, '灞桥区', 610100);
INSERT INTO `ums_pcd_dic` VALUES (610112, '未央区', 610100);
INSERT INTO `ums_pcd_dic` VALUES (610113, '雁塔区', 610100);
INSERT INTO `ums_pcd_dic` VALUES (610114, '阎良区', 610100);
INSERT INTO `ums_pcd_dic` VALUES (610115, '临潼区', 610100);
INSERT INTO `ums_pcd_dic` VALUES (610116, '长安区', 610100);
INSERT INTO `ums_pcd_dic` VALUES (610122, '蓝田县', 610100);
INSERT INTO `ums_pcd_dic` VALUES (610124, '周至县', 610100);
INSERT INTO `ums_pcd_dic` VALUES (610125, '户县', 610100);
INSERT INTO `ums_pcd_dic` VALUES (610126, '高陵区', 610100);
INSERT INTO `ums_pcd_dic` VALUES (610200, '铜川市', 610000);
INSERT INTO `ums_pcd_dic` VALUES (610202, '王益区', 610200);
INSERT INTO `ums_pcd_dic` VALUES (610203, '印台区', 610200);
INSERT INTO `ums_pcd_dic` VALUES (610204, '耀州区', 610200);
INSERT INTO `ums_pcd_dic` VALUES (610222, '宜君县', 610200);
INSERT INTO `ums_pcd_dic` VALUES (610300, '宝鸡市', 610000);
INSERT INTO `ums_pcd_dic` VALUES (610302, '渭滨区', 610300);
INSERT INTO `ums_pcd_dic` VALUES (610303, '金台区', 610300);
INSERT INTO `ums_pcd_dic` VALUES (610304, '陈仓区', 610300);
INSERT INTO `ums_pcd_dic` VALUES (610322, '凤翔县', 610300);
INSERT INTO `ums_pcd_dic` VALUES (610323, '岐山县', 610300);
INSERT INTO `ums_pcd_dic` VALUES (610324, '扶风县', 610300);
INSERT INTO `ums_pcd_dic` VALUES (610326, '眉县', 610300);
INSERT INTO `ums_pcd_dic` VALUES (610327, '陇县', 610300);
INSERT INTO `ums_pcd_dic` VALUES (610328, '千阳县', 610300);
INSERT INTO `ums_pcd_dic` VALUES (610329, '麟游县', 610300);
INSERT INTO `ums_pcd_dic` VALUES (610330, '凤县', 610300);
INSERT INTO `ums_pcd_dic` VALUES (610331, '太白县', 610300);
INSERT INTO `ums_pcd_dic` VALUES (610400, '咸阳市', 610000);
INSERT INTO `ums_pcd_dic` VALUES (610402, '秦都区', 610400);
INSERT INTO `ums_pcd_dic` VALUES (610403, '杨陵区', 610400);
INSERT INTO `ums_pcd_dic` VALUES (610404, '渭城区', 610400);
INSERT INTO `ums_pcd_dic` VALUES (610422, '三原县', 610400);
INSERT INTO `ums_pcd_dic` VALUES (610423, '泾阳县', 610400);
INSERT INTO `ums_pcd_dic` VALUES (610424, '乾县', 610400);
INSERT INTO `ums_pcd_dic` VALUES (610425, '礼泉县', 610400);
INSERT INTO `ums_pcd_dic` VALUES (610426, '永寿县', 610400);
INSERT INTO `ums_pcd_dic` VALUES (610427, '彬县', 610400);
INSERT INTO `ums_pcd_dic` VALUES (610428, '长武县', 610400);
INSERT INTO `ums_pcd_dic` VALUES (610429, '旬邑县', 610400);
INSERT INTO `ums_pcd_dic` VALUES (610430, '淳化县', 610400);
INSERT INTO `ums_pcd_dic` VALUES (610431, '武功县', 610400);
INSERT INTO `ums_pcd_dic` VALUES (610481, '兴平市', 610400);
INSERT INTO `ums_pcd_dic` VALUES (610500, '渭南市', 610000);
INSERT INTO `ums_pcd_dic` VALUES (610502, '临渭区', 610500);
INSERT INTO `ums_pcd_dic` VALUES (610521, '华县', 610500);
INSERT INTO `ums_pcd_dic` VALUES (610522, '潼关县', 610500);
INSERT INTO `ums_pcd_dic` VALUES (610523, '大荔县', 610500);
INSERT INTO `ums_pcd_dic` VALUES (610524, '合阳县', 610500);
INSERT INTO `ums_pcd_dic` VALUES (610525, '澄城县', 610500);
INSERT INTO `ums_pcd_dic` VALUES (610526, '蒲城县', 610500);
INSERT INTO `ums_pcd_dic` VALUES (610527, '白水县', 610500);
INSERT INTO `ums_pcd_dic` VALUES (610528, '富平县', 610500);
INSERT INTO `ums_pcd_dic` VALUES (610581, '韩城市', 610500);
INSERT INTO `ums_pcd_dic` VALUES (610582, '华阴市', 610500);
INSERT INTO `ums_pcd_dic` VALUES (610600, '延安市', 610000);
INSERT INTO `ums_pcd_dic` VALUES (610602, '宝塔区', 610600);
INSERT INTO `ums_pcd_dic` VALUES (610621, '延长县', 610600);
INSERT INTO `ums_pcd_dic` VALUES (610622, '延川县', 610600);
INSERT INTO `ums_pcd_dic` VALUES (610623, '子长县', 610600);
INSERT INTO `ums_pcd_dic` VALUES (610624, '安塞县', 610600);
INSERT INTO `ums_pcd_dic` VALUES (610625, '志丹县', 610600);
INSERT INTO `ums_pcd_dic` VALUES (610626, '吴起县', 610600);
INSERT INTO `ums_pcd_dic` VALUES (610627, '甘泉县', 610600);
INSERT INTO `ums_pcd_dic` VALUES (610628, '富县', 610600);
INSERT INTO `ums_pcd_dic` VALUES (610629, '洛川县', 610600);
INSERT INTO `ums_pcd_dic` VALUES (610630, '宜川县', 610600);
INSERT INTO `ums_pcd_dic` VALUES (610631, '黄龙县', 610600);
INSERT INTO `ums_pcd_dic` VALUES (610632, '黄陵县', 610600);
INSERT INTO `ums_pcd_dic` VALUES (610700, '汉中市', 610000);
INSERT INTO `ums_pcd_dic` VALUES (610702, '汉台区', 610700);
INSERT INTO `ums_pcd_dic` VALUES (610721, '南郑县', 610700);
INSERT INTO `ums_pcd_dic` VALUES (610722, '城固县', 610700);
INSERT INTO `ums_pcd_dic` VALUES (610723, '洋县', 610700);
INSERT INTO `ums_pcd_dic` VALUES (610724, '西乡县', 610700);
INSERT INTO `ums_pcd_dic` VALUES (610725, '勉县', 610700);
INSERT INTO `ums_pcd_dic` VALUES (610726, '宁强县', 610700);
INSERT INTO `ums_pcd_dic` VALUES (610727, '略阳县', 610700);
INSERT INTO `ums_pcd_dic` VALUES (610728, '镇巴县', 610700);
INSERT INTO `ums_pcd_dic` VALUES (610729, '留坝县', 610700);
INSERT INTO `ums_pcd_dic` VALUES (610730, '佛坪县', 610700);
INSERT INTO `ums_pcd_dic` VALUES (610800, '榆林市', 610000);
INSERT INTO `ums_pcd_dic` VALUES (610802, '榆阳区', 610800);
INSERT INTO `ums_pcd_dic` VALUES (610821, '神木县', 610800);
INSERT INTO `ums_pcd_dic` VALUES (610822, '府谷县', 610800);
INSERT INTO `ums_pcd_dic` VALUES (610823, '横山县', 610800);
INSERT INTO `ums_pcd_dic` VALUES (610824, '靖边县', 610800);
INSERT INTO `ums_pcd_dic` VALUES (610825, '定边县', 610800);
INSERT INTO `ums_pcd_dic` VALUES (610826, '绥德县', 610800);
INSERT INTO `ums_pcd_dic` VALUES (610827, '米脂县', 610800);
INSERT INTO `ums_pcd_dic` VALUES (610828, '佳县', 610800);
INSERT INTO `ums_pcd_dic` VALUES (610829, '吴堡县', 610800);
INSERT INTO `ums_pcd_dic` VALUES (610830, '清涧县', 610800);
INSERT INTO `ums_pcd_dic` VALUES (610831, '子洲县', 610800);
INSERT INTO `ums_pcd_dic` VALUES (610900, '安康市', 610000);
INSERT INTO `ums_pcd_dic` VALUES (610902, '汉滨区', 610900);
INSERT INTO `ums_pcd_dic` VALUES (610921, '汉阴县', 610900);
INSERT INTO `ums_pcd_dic` VALUES (610922, '石泉县', 610900);
INSERT INTO `ums_pcd_dic` VALUES (610923, '宁陕县', 610900);
INSERT INTO `ums_pcd_dic` VALUES (610924, '紫阳县', 610900);
INSERT INTO `ums_pcd_dic` VALUES (610925, '岚皋县', 610900);
INSERT INTO `ums_pcd_dic` VALUES (610926, '平利县', 610900);
INSERT INTO `ums_pcd_dic` VALUES (610927, '镇坪县', 610900);
INSERT INTO `ums_pcd_dic` VALUES (610928, '旬阳县', 610900);
INSERT INTO `ums_pcd_dic` VALUES (610929, '白河县', 610900);
INSERT INTO `ums_pcd_dic` VALUES (611000, '商洛市', 610000);
INSERT INTO `ums_pcd_dic` VALUES (611002, '商州区', 611000);
INSERT INTO `ums_pcd_dic` VALUES (611021, '洛南县', 611000);
INSERT INTO `ums_pcd_dic` VALUES (611022, '丹凤县', 611000);
INSERT INTO `ums_pcd_dic` VALUES (611023, '商南县', 611000);
INSERT INTO `ums_pcd_dic` VALUES (611024, '山阳县', 611000);
INSERT INTO `ums_pcd_dic` VALUES (611025, '镇安县', 611000);
INSERT INTO `ums_pcd_dic` VALUES (611026, '柞水县', 611000);
INSERT INTO `ums_pcd_dic` VALUES (611100, '西咸新区', 610000);
INSERT INTO `ums_pcd_dic` VALUES (611101, '空港新城', 611100);
INSERT INTO `ums_pcd_dic` VALUES (611102, '沣东新城', 611100);
INSERT INTO `ums_pcd_dic` VALUES (611103, '秦汉新城', 611100);
INSERT INTO `ums_pcd_dic` VALUES (611104, '沣西新城', 611100);
INSERT INTO `ums_pcd_dic` VALUES (611105, '泾河新城', 611100);
INSERT INTO `ums_pcd_dic` VALUES (620000, '甘肃省', 0);
INSERT INTO `ums_pcd_dic` VALUES (620100, '兰州市', 620000);
INSERT INTO `ums_pcd_dic` VALUES (620102, '城关区', 620100);
INSERT INTO `ums_pcd_dic` VALUES (620103, '七里河区', 620100);
INSERT INTO `ums_pcd_dic` VALUES (620104, '西固区', 620100);
INSERT INTO `ums_pcd_dic` VALUES (620105, '安宁区', 620100);
INSERT INTO `ums_pcd_dic` VALUES (620111, '红古区', 620100);
INSERT INTO `ums_pcd_dic` VALUES (620121, '永登县', 620100);
INSERT INTO `ums_pcd_dic` VALUES (620122, '皋兰县', 620100);
INSERT INTO `ums_pcd_dic` VALUES (620123, '榆中县', 620100);
INSERT INTO `ums_pcd_dic` VALUES (620200, '嘉峪关市', 620000);
INSERT INTO `ums_pcd_dic` VALUES (620201, '雄关区', 620200);
INSERT INTO `ums_pcd_dic` VALUES (620202, '长城区', 620200);
INSERT INTO `ums_pcd_dic` VALUES (620203, '镜铁区', 620200);
INSERT INTO `ums_pcd_dic` VALUES (620300, '金昌市', 620000);
INSERT INTO `ums_pcd_dic` VALUES (620302, '金川区', 620300);
INSERT INTO `ums_pcd_dic` VALUES (620321, '永昌县', 620300);
INSERT INTO `ums_pcd_dic` VALUES (620400, '白银市', 620000);
INSERT INTO `ums_pcd_dic` VALUES (620402, '白银区', 620400);
INSERT INTO `ums_pcd_dic` VALUES (620403, '平川区', 620400);
INSERT INTO `ums_pcd_dic` VALUES (620421, '靖远县', 620400);
INSERT INTO `ums_pcd_dic` VALUES (620422, '会宁县', 620400);
INSERT INTO `ums_pcd_dic` VALUES (620423, '景泰县', 620400);
INSERT INTO `ums_pcd_dic` VALUES (620500, '天水市', 620000);
INSERT INTO `ums_pcd_dic` VALUES (620502, '秦州区', 620500);
INSERT INTO `ums_pcd_dic` VALUES (620503, '麦积区', 620500);
INSERT INTO `ums_pcd_dic` VALUES (620521, '清水县', 620500);
INSERT INTO `ums_pcd_dic` VALUES (620522, '秦安县', 620500);
INSERT INTO `ums_pcd_dic` VALUES (620523, '甘谷县', 620500);
INSERT INTO `ums_pcd_dic` VALUES (620524, '武山县', 620500);
INSERT INTO `ums_pcd_dic` VALUES (620525, '张家川回族自治县', 620500);
INSERT INTO `ums_pcd_dic` VALUES (620600, '武威市', 620000);
INSERT INTO `ums_pcd_dic` VALUES (620602, '凉州区', 620600);
INSERT INTO `ums_pcd_dic` VALUES (620621, '民勤县', 620600);
INSERT INTO `ums_pcd_dic` VALUES (620622, '古浪县', 620600);
INSERT INTO `ums_pcd_dic` VALUES (620623, '天祝藏族自治县', 620600);
INSERT INTO `ums_pcd_dic` VALUES (620700, '张掖市', 620000);
INSERT INTO `ums_pcd_dic` VALUES (620702, '甘州区', 620700);
INSERT INTO `ums_pcd_dic` VALUES (620721, '肃南裕固族自治县', 620700);
INSERT INTO `ums_pcd_dic` VALUES (620722, '民乐县', 620700);
INSERT INTO `ums_pcd_dic` VALUES (620723, '临泽县', 620700);
INSERT INTO `ums_pcd_dic` VALUES (620724, '高台县', 620700);
INSERT INTO `ums_pcd_dic` VALUES (620725, '山丹县', 620700);
INSERT INTO `ums_pcd_dic` VALUES (620800, '平凉市', 620000);
INSERT INTO `ums_pcd_dic` VALUES (620802, '崆峒区', 620800);
INSERT INTO `ums_pcd_dic` VALUES (620821, '泾川县', 620800);
INSERT INTO `ums_pcd_dic` VALUES (620822, '灵台县', 620800);
INSERT INTO `ums_pcd_dic` VALUES (620823, '崇信县', 620800);
INSERT INTO `ums_pcd_dic` VALUES (620824, '华亭县', 620800);
INSERT INTO `ums_pcd_dic` VALUES (620825, '庄浪县', 620800);
INSERT INTO `ums_pcd_dic` VALUES (620826, '静宁县', 620800);
INSERT INTO `ums_pcd_dic` VALUES (620900, '酒泉市', 620000);
INSERT INTO `ums_pcd_dic` VALUES (620902, '肃州区', 620900);
INSERT INTO `ums_pcd_dic` VALUES (620921, '金塔县', 620900);
INSERT INTO `ums_pcd_dic` VALUES (620922, '瓜州县', 620900);
INSERT INTO `ums_pcd_dic` VALUES (620923, '肃北蒙古族自治县', 620900);
INSERT INTO `ums_pcd_dic` VALUES (620924, '阿克塞哈萨克族自治县', 620900);
INSERT INTO `ums_pcd_dic` VALUES (620981, '玉门市', 620900);
INSERT INTO `ums_pcd_dic` VALUES (620982, '敦煌市', 620900);
INSERT INTO `ums_pcd_dic` VALUES (621000, '庆阳市', 620000);
INSERT INTO `ums_pcd_dic` VALUES (621002, '西峰区', 621000);
INSERT INTO `ums_pcd_dic` VALUES (621021, '庆城县', 621000);
INSERT INTO `ums_pcd_dic` VALUES (621022, '环县', 621000);
INSERT INTO `ums_pcd_dic` VALUES (621023, '华池县', 621000);
INSERT INTO `ums_pcd_dic` VALUES (621024, '合水县', 621000);
INSERT INTO `ums_pcd_dic` VALUES (621025, '正宁县', 621000);
INSERT INTO `ums_pcd_dic` VALUES (621026, '宁县', 621000);
INSERT INTO `ums_pcd_dic` VALUES (621027, '镇原县', 621000);
INSERT INTO `ums_pcd_dic` VALUES (621100, '定西市', 620000);
INSERT INTO `ums_pcd_dic` VALUES (621102, '安定区', 621100);
INSERT INTO `ums_pcd_dic` VALUES (621121, '通渭县', 621100);
INSERT INTO `ums_pcd_dic` VALUES (621122, '陇西县', 621100);
INSERT INTO `ums_pcd_dic` VALUES (621123, '渭源县', 621100);
INSERT INTO `ums_pcd_dic` VALUES (621124, '临洮县', 621100);
INSERT INTO `ums_pcd_dic` VALUES (621125, '漳县', 621100);
INSERT INTO `ums_pcd_dic` VALUES (621126, '岷县', 621100);
INSERT INTO `ums_pcd_dic` VALUES (621200, '陇南市', 620000);
INSERT INTO `ums_pcd_dic` VALUES (621202, '武都区', 621200);
INSERT INTO `ums_pcd_dic` VALUES (621221, '成县', 621200);
INSERT INTO `ums_pcd_dic` VALUES (621222, '文县', 621200);
INSERT INTO `ums_pcd_dic` VALUES (621223, '宕昌县', 621200);
INSERT INTO `ums_pcd_dic` VALUES (621224, '康县', 621200);
INSERT INTO `ums_pcd_dic` VALUES (621225, '西和县', 621200);
INSERT INTO `ums_pcd_dic` VALUES (621226, '礼县', 621200);
INSERT INTO `ums_pcd_dic` VALUES (621227, '徽县', 621200);
INSERT INTO `ums_pcd_dic` VALUES (621228, '两当县', 621200);
INSERT INTO `ums_pcd_dic` VALUES (622900, '临夏回族自治州', 620000);
INSERT INTO `ums_pcd_dic` VALUES (622901, '临夏市', 622900);
INSERT INTO `ums_pcd_dic` VALUES (622921, '临夏县', 622900);
INSERT INTO `ums_pcd_dic` VALUES (622922, '康乐县', 622900);
INSERT INTO `ums_pcd_dic` VALUES (622923, '永靖县', 622900);
INSERT INTO `ums_pcd_dic` VALUES (622924, '广河县', 622900);
INSERT INTO `ums_pcd_dic` VALUES (622925, '和政县', 622900);
INSERT INTO `ums_pcd_dic` VALUES (622926, '东乡族自治县', 622900);
INSERT INTO `ums_pcd_dic` VALUES (622927, '积石山保安族东乡族撒拉族自治县', 622900);
INSERT INTO `ums_pcd_dic` VALUES (623000, '甘南藏族自治州', 620000);
INSERT INTO `ums_pcd_dic` VALUES (623001, '合作市', 623000);
INSERT INTO `ums_pcd_dic` VALUES (623021, '临潭县', 623000);
INSERT INTO `ums_pcd_dic` VALUES (623022, '卓尼县', 623000);
INSERT INTO `ums_pcd_dic` VALUES (623023, '舟曲县', 623000);
INSERT INTO `ums_pcd_dic` VALUES (623024, '迭部县', 623000);
INSERT INTO `ums_pcd_dic` VALUES (623025, '玛曲县', 623000);
INSERT INTO `ums_pcd_dic` VALUES (623026, '碌曲县', 623000);
INSERT INTO `ums_pcd_dic` VALUES (623027, '夏河县', 623000);
INSERT INTO `ums_pcd_dic` VALUES (630000, '青海省', 0);
INSERT INTO `ums_pcd_dic` VALUES (630100, '西宁市', 630000);
INSERT INTO `ums_pcd_dic` VALUES (630102, '城东区', 630100);
INSERT INTO `ums_pcd_dic` VALUES (630103, '城中区', 630100);
INSERT INTO `ums_pcd_dic` VALUES (630104, '城西区', 630100);
INSERT INTO `ums_pcd_dic` VALUES (630105, '城北区', 630100);
INSERT INTO `ums_pcd_dic` VALUES (630121, '大通回族土族自治县', 630100);
INSERT INTO `ums_pcd_dic` VALUES (630122, '湟中县', 630100);
INSERT INTO `ums_pcd_dic` VALUES (630123, '湟源县', 630100);
INSERT INTO `ums_pcd_dic` VALUES (630200, '海东市', 630000);
INSERT INTO `ums_pcd_dic` VALUES (630202, '乐都区', 630200);
INSERT INTO `ums_pcd_dic` VALUES (630221, '平安县', 630200);
INSERT INTO `ums_pcd_dic` VALUES (630222, '民和回族土族自治县', 630200);
INSERT INTO `ums_pcd_dic` VALUES (630223, '互助土族自治县', 630200);
INSERT INTO `ums_pcd_dic` VALUES (630224, '化隆回族自治县', 630200);
INSERT INTO `ums_pcd_dic` VALUES (630225, '循化撒拉族自治县', 630200);
INSERT INTO `ums_pcd_dic` VALUES (632200, '海北藏族自治州', 630000);
INSERT INTO `ums_pcd_dic` VALUES (632221, '门源回族自治县', 632200);
INSERT INTO `ums_pcd_dic` VALUES (632222, '祁连县', 632200);
INSERT INTO `ums_pcd_dic` VALUES (632223, '海晏县', 632200);
INSERT INTO `ums_pcd_dic` VALUES (632224, '刚察县', 632200);
INSERT INTO `ums_pcd_dic` VALUES (632300, '黄南藏族自治州', 630000);
INSERT INTO `ums_pcd_dic` VALUES (632321, '同仁县', 632300);
INSERT INTO `ums_pcd_dic` VALUES (632322, '尖扎县', 632300);
INSERT INTO `ums_pcd_dic` VALUES (632323, '泽库县', 632300);
INSERT INTO `ums_pcd_dic` VALUES (632324, '河南蒙古族自治县', 632300);
INSERT INTO `ums_pcd_dic` VALUES (632500, '海南藏族自治州', 630000);
INSERT INTO `ums_pcd_dic` VALUES (632521, '共和县', 632500);
INSERT INTO `ums_pcd_dic` VALUES (632522, '同德县', 632500);
INSERT INTO `ums_pcd_dic` VALUES (632523, '贵德县', 632500);
INSERT INTO `ums_pcd_dic` VALUES (632524, '兴海县', 632500);
INSERT INTO `ums_pcd_dic` VALUES (632525, '贵南县', 632500);
INSERT INTO `ums_pcd_dic` VALUES (632600, '果洛藏族自治州', 630000);
INSERT INTO `ums_pcd_dic` VALUES (632621, '玛沁县', 632600);
INSERT INTO `ums_pcd_dic` VALUES (632622, '班玛县', 632600);
INSERT INTO `ums_pcd_dic` VALUES (632623, '甘德县', 632600);
INSERT INTO `ums_pcd_dic` VALUES (632624, '达日县', 632600);
INSERT INTO `ums_pcd_dic` VALUES (632625, '久治县', 632600);
INSERT INTO `ums_pcd_dic` VALUES (632626, '玛多县', 632600);
INSERT INTO `ums_pcd_dic` VALUES (632700, '玉树藏族自治州', 630000);
INSERT INTO `ums_pcd_dic` VALUES (632701, '玉树市', 632700);
INSERT INTO `ums_pcd_dic` VALUES (632722, '杂多县', 632700);
INSERT INTO `ums_pcd_dic` VALUES (632723, '称多县', 632700);
INSERT INTO `ums_pcd_dic` VALUES (632724, '治多县', 632700);
INSERT INTO `ums_pcd_dic` VALUES (632725, '囊谦县', 632700);
INSERT INTO `ums_pcd_dic` VALUES (632726, '曲麻莱县', 632700);
INSERT INTO `ums_pcd_dic` VALUES (632800, '海西蒙古族藏族自治州', 630000);
INSERT INTO `ums_pcd_dic` VALUES (632801, '格尔木市', 632800);
INSERT INTO `ums_pcd_dic` VALUES (632802, '德令哈市', 632800);
INSERT INTO `ums_pcd_dic` VALUES (632821, '乌兰县', 632800);
INSERT INTO `ums_pcd_dic` VALUES (632822, '都兰县', 632800);
INSERT INTO `ums_pcd_dic` VALUES (632823, '天峻县', 632800);
INSERT INTO `ums_pcd_dic` VALUES (640000, '宁夏回族自治区', 0);
INSERT INTO `ums_pcd_dic` VALUES (640100, '银川市', 640000);
INSERT INTO `ums_pcd_dic` VALUES (640104, '兴庆区', 640100);
INSERT INTO `ums_pcd_dic` VALUES (640105, '西夏区', 640100);
INSERT INTO `ums_pcd_dic` VALUES (640106, '金凤区', 640100);
INSERT INTO `ums_pcd_dic` VALUES (640121, '永宁县', 640100);
INSERT INTO `ums_pcd_dic` VALUES (640122, '贺兰县', 640100);
INSERT INTO `ums_pcd_dic` VALUES (640181, '灵武市', 640100);
INSERT INTO `ums_pcd_dic` VALUES (640200, '石嘴山市', 640000);
INSERT INTO `ums_pcd_dic` VALUES (640202, '大武口区', 640200);
INSERT INTO `ums_pcd_dic` VALUES (640205, '惠农区', 640200);
INSERT INTO `ums_pcd_dic` VALUES (640221, '平罗县', 640200);
INSERT INTO `ums_pcd_dic` VALUES (640300, '吴忠市', 640000);
INSERT INTO `ums_pcd_dic` VALUES (640302, '利通区', 640300);
INSERT INTO `ums_pcd_dic` VALUES (640303, '红寺堡区', 640300);
INSERT INTO `ums_pcd_dic` VALUES (640323, '盐池县', 640300);
INSERT INTO `ums_pcd_dic` VALUES (640324, '同心县', 640300);
INSERT INTO `ums_pcd_dic` VALUES (640381, '青铜峡市', 640300);
INSERT INTO `ums_pcd_dic` VALUES (640400, '固原市', 640000);
INSERT INTO `ums_pcd_dic` VALUES (640402, '原州区', 640400);
INSERT INTO `ums_pcd_dic` VALUES (640422, '西吉县', 640400);
INSERT INTO `ums_pcd_dic` VALUES (640423, '隆德县', 640400);
INSERT INTO `ums_pcd_dic` VALUES (640424, '泾源县', 640400);
INSERT INTO `ums_pcd_dic` VALUES (640425, '彭阳县', 640400);
INSERT INTO `ums_pcd_dic` VALUES (640500, '中卫市', 640000);
INSERT INTO `ums_pcd_dic` VALUES (640502, '沙坡头区', 640500);
INSERT INTO `ums_pcd_dic` VALUES (640521, '中宁县', 640500);
INSERT INTO `ums_pcd_dic` VALUES (640522, '海原县', 640500);
INSERT INTO `ums_pcd_dic` VALUES (650000, '新疆维吾尔自治区', 0);
INSERT INTO `ums_pcd_dic` VALUES (650100, '乌鲁木齐市', 650000);
INSERT INTO `ums_pcd_dic` VALUES (650102, '天山区', 650100);
INSERT INTO `ums_pcd_dic` VALUES (650103, '沙依巴克区', 650100);
INSERT INTO `ums_pcd_dic` VALUES (650104, '新市区', 650100);
INSERT INTO `ums_pcd_dic` VALUES (650105, '水磨沟区', 650100);
INSERT INTO `ums_pcd_dic` VALUES (650106, '头屯河区', 650100);
INSERT INTO `ums_pcd_dic` VALUES (650107, '达坂城区', 650100);
INSERT INTO `ums_pcd_dic` VALUES (650109, '米东区', 650100);
INSERT INTO `ums_pcd_dic` VALUES (650121, '乌鲁木齐县', 650100);
INSERT INTO `ums_pcd_dic` VALUES (650200, '克拉玛依市', 650000);
INSERT INTO `ums_pcd_dic` VALUES (650202, '独山子区', 650200);
INSERT INTO `ums_pcd_dic` VALUES (650203, '克拉玛依区', 650200);
INSERT INTO `ums_pcd_dic` VALUES (650204, '白碱滩区', 650200);
INSERT INTO `ums_pcd_dic` VALUES (650205, '乌尔禾区', 650200);
INSERT INTO `ums_pcd_dic` VALUES (652100, '吐鲁番地区', 650000);
INSERT INTO `ums_pcd_dic` VALUES (652101, '吐鲁番市', 652100);
INSERT INTO `ums_pcd_dic` VALUES (652122, '鄯善县', 652100);
INSERT INTO `ums_pcd_dic` VALUES (652123, '托克逊县', 652100);
INSERT INTO `ums_pcd_dic` VALUES (652200, '哈密地区', 650000);
INSERT INTO `ums_pcd_dic` VALUES (652201, '哈密市', 652200);
INSERT INTO `ums_pcd_dic` VALUES (652222, '巴里坤哈萨克自治县', 652200);
INSERT INTO `ums_pcd_dic` VALUES (652223, '伊吾县', 652200);
INSERT INTO `ums_pcd_dic` VALUES (652300, '昌吉回族自治州', 650000);
INSERT INTO `ums_pcd_dic` VALUES (652301, '昌吉市', 652300);
INSERT INTO `ums_pcd_dic` VALUES (652302, '阜康市', 652300);
INSERT INTO `ums_pcd_dic` VALUES (652323, '呼图壁县', 652300);
INSERT INTO `ums_pcd_dic` VALUES (652324, '玛纳斯县', 652300);
INSERT INTO `ums_pcd_dic` VALUES (652325, '奇台县', 652300);
INSERT INTO `ums_pcd_dic` VALUES (652327, '吉木萨尔县', 652300);
INSERT INTO `ums_pcd_dic` VALUES (652328, '木垒哈萨克自治县', 652300);
INSERT INTO `ums_pcd_dic` VALUES (652700, '博尔塔拉蒙古自治州', 650000);
INSERT INTO `ums_pcd_dic` VALUES (652701, '博乐市', 652700);
INSERT INTO `ums_pcd_dic` VALUES (652702, '阿拉山口市', 652700);
INSERT INTO `ums_pcd_dic` VALUES (652722, '精河县', 652700);
INSERT INTO `ums_pcd_dic` VALUES (652723, '温泉县', 652700);
INSERT INTO `ums_pcd_dic` VALUES (652800, '巴音郭楞蒙古自治州', 650000);
INSERT INTO `ums_pcd_dic` VALUES (652801, '库尔勒市', 652800);
INSERT INTO `ums_pcd_dic` VALUES (652822, '轮台县', 652800);
INSERT INTO `ums_pcd_dic` VALUES (652823, '尉犁县', 652800);
INSERT INTO `ums_pcd_dic` VALUES (652824, '若羌县', 652800);
INSERT INTO `ums_pcd_dic` VALUES (652825, '且末县', 652800);
INSERT INTO `ums_pcd_dic` VALUES (652826, '焉耆回族自治县', 652800);
INSERT INTO `ums_pcd_dic` VALUES (652827, '和静县', 652800);
INSERT INTO `ums_pcd_dic` VALUES (652828, '和硕县', 652800);
INSERT INTO `ums_pcd_dic` VALUES (652829, '博湖县', 652800);
INSERT INTO `ums_pcd_dic` VALUES (652900, '阿克苏地区', 650000);
INSERT INTO `ums_pcd_dic` VALUES (652901, '阿克苏市', 652900);
INSERT INTO `ums_pcd_dic` VALUES (652922, '温宿县', 652900);
INSERT INTO `ums_pcd_dic` VALUES (652923, '库车县', 652900);
INSERT INTO `ums_pcd_dic` VALUES (652924, '沙雅县', 652900);
INSERT INTO `ums_pcd_dic` VALUES (652925, '新和县', 652900);
INSERT INTO `ums_pcd_dic` VALUES (652926, '拜城县', 652900);
INSERT INTO `ums_pcd_dic` VALUES (652927, '乌什县', 652900);
INSERT INTO `ums_pcd_dic` VALUES (652928, '阿瓦提县', 652900);
INSERT INTO `ums_pcd_dic` VALUES (652929, '柯坪县', 652900);
INSERT INTO `ums_pcd_dic` VALUES (653000, '克孜勒苏柯尔克孜自治州', 650000);
INSERT INTO `ums_pcd_dic` VALUES (653001, '阿图什市', 653000);
INSERT INTO `ums_pcd_dic` VALUES (653022, '阿克陶县', 653000);
INSERT INTO `ums_pcd_dic` VALUES (653023, '阿合奇县', 653000);
INSERT INTO `ums_pcd_dic` VALUES (653024, '乌恰县', 653000);
INSERT INTO `ums_pcd_dic` VALUES (653100, '喀什地区', 650000);
INSERT INTO `ums_pcd_dic` VALUES (653101, '喀什市', 653100);
INSERT INTO `ums_pcd_dic` VALUES (653121, '疏附县', 653100);
INSERT INTO `ums_pcd_dic` VALUES (653122, '疏勒县', 653100);
INSERT INTO `ums_pcd_dic` VALUES (653123, '英吉沙县', 653100);
INSERT INTO `ums_pcd_dic` VALUES (653124, '泽普县', 653100);
INSERT INTO `ums_pcd_dic` VALUES (653125, '莎车县', 653100);
INSERT INTO `ums_pcd_dic` VALUES (653126, '叶城县', 653100);
INSERT INTO `ums_pcd_dic` VALUES (653127, '麦盖提县', 653100);
INSERT INTO `ums_pcd_dic` VALUES (653128, '岳普湖县', 653100);
INSERT INTO `ums_pcd_dic` VALUES (653129, '伽师县', 653100);
INSERT INTO `ums_pcd_dic` VALUES (653130, '巴楚县', 653100);
INSERT INTO `ums_pcd_dic` VALUES (653131, '塔什库尔干塔吉克自治县', 653100);
INSERT INTO `ums_pcd_dic` VALUES (653200, '和田地区', 650000);
INSERT INTO `ums_pcd_dic` VALUES (653201, '和田市', 653200);
INSERT INTO `ums_pcd_dic` VALUES (653221, '和田县', 653200);
INSERT INTO `ums_pcd_dic` VALUES (653222, '墨玉县', 653200);
INSERT INTO `ums_pcd_dic` VALUES (653223, '皮山县', 653200);
INSERT INTO `ums_pcd_dic` VALUES (653224, '洛浦县', 653200);
INSERT INTO `ums_pcd_dic` VALUES (653225, '策勒县', 653200);
INSERT INTO `ums_pcd_dic` VALUES (653226, '于田县', 653200);
INSERT INTO `ums_pcd_dic` VALUES (653227, '民丰县', 653200);
INSERT INTO `ums_pcd_dic` VALUES (654000, '伊犁哈萨克自治州', 650000);
INSERT INTO `ums_pcd_dic` VALUES (654002, '伊宁市', 654000);
INSERT INTO `ums_pcd_dic` VALUES (654003, '奎屯市', 654000);
INSERT INTO `ums_pcd_dic` VALUES (654004, '霍尔果斯市', 654000);
INSERT INTO `ums_pcd_dic` VALUES (654021, '伊宁县', 654000);
INSERT INTO `ums_pcd_dic` VALUES (654022, '察布查尔锡伯自治县', 654000);
INSERT INTO `ums_pcd_dic` VALUES (654023, '霍城县', 654000);
INSERT INTO `ums_pcd_dic` VALUES (654024, '巩留县', 654000);
INSERT INTO `ums_pcd_dic` VALUES (654025, '新源县', 654000);
INSERT INTO `ums_pcd_dic` VALUES (654026, '昭苏县', 654000);
INSERT INTO `ums_pcd_dic` VALUES (654027, '特克斯县', 654000);
INSERT INTO `ums_pcd_dic` VALUES (654028, '尼勒克县', 654000);
INSERT INTO `ums_pcd_dic` VALUES (654200, '塔城地区', 650000);
INSERT INTO `ums_pcd_dic` VALUES (654201, '塔城市', 654200);
INSERT INTO `ums_pcd_dic` VALUES (654202, '乌苏市', 654200);
INSERT INTO `ums_pcd_dic` VALUES (654221, '额敏县', 654200);
INSERT INTO `ums_pcd_dic` VALUES (654223, '沙湾县', 654200);
INSERT INTO `ums_pcd_dic` VALUES (654224, '托里县', 654200);
INSERT INTO `ums_pcd_dic` VALUES (654225, '裕民县', 654200);
INSERT INTO `ums_pcd_dic` VALUES (654226, '和布克赛尔蒙古自治县', 654200);
INSERT INTO `ums_pcd_dic` VALUES (654300, '阿勒泰地区', 650000);
INSERT INTO `ums_pcd_dic` VALUES (654301, '阿勒泰市', 654300);
INSERT INTO `ums_pcd_dic` VALUES (654321, '布尔津县', 654300);
INSERT INTO `ums_pcd_dic` VALUES (654322, '富蕴县', 654300);
INSERT INTO `ums_pcd_dic` VALUES (654323, '福海县', 654300);
INSERT INTO `ums_pcd_dic` VALUES (654324, '哈巴河县', 654300);
INSERT INTO `ums_pcd_dic` VALUES (654325, '青河县', 654300);
INSERT INTO `ums_pcd_dic` VALUES (654326, '吉木乃县', 654300);
INSERT INTO `ums_pcd_dic` VALUES (659000, '直辖县级', 650000);
INSERT INTO `ums_pcd_dic` VALUES (659001, '石河子市', 659000);
INSERT INTO `ums_pcd_dic` VALUES (659002, '阿拉尔市', 659000);
INSERT INTO `ums_pcd_dic` VALUES (659003, '图木舒克市', 659000);
INSERT INTO `ums_pcd_dic` VALUES (659004, '五家渠市', 659000);
INSERT INTO `ums_pcd_dic` VALUES (659005, '北屯市', 659000);
INSERT INTO `ums_pcd_dic` VALUES (659006, '铁门关市', 659000);
INSERT INTO `ums_pcd_dic` VALUES (659007, '双河市', 659000);
INSERT INTO `ums_pcd_dic` VALUES (710000, '台湾', 0);
INSERT INTO `ums_pcd_dic` VALUES (710100, '台北市', 710000);
INSERT INTO `ums_pcd_dic` VALUES (710101, '松山区', 710100);
INSERT INTO `ums_pcd_dic` VALUES (710102, '信义区', 710100);
INSERT INTO `ums_pcd_dic` VALUES (710103, '大安区', 710100);
INSERT INTO `ums_pcd_dic` VALUES (710104, '中山区', 710100);
INSERT INTO `ums_pcd_dic` VALUES (710105, '中正区', 710100);
INSERT INTO `ums_pcd_dic` VALUES (710106, '大同区', 710100);
INSERT INTO `ums_pcd_dic` VALUES (710107, '万华区', 710100);
INSERT INTO `ums_pcd_dic` VALUES (710108, '文山区', 710100);
INSERT INTO `ums_pcd_dic` VALUES (710109, '南港区', 710100);
INSERT INTO `ums_pcd_dic` VALUES (710110, '内湖区', 710100);
INSERT INTO `ums_pcd_dic` VALUES (710111, '士林区', 710100);
INSERT INTO `ums_pcd_dic` VALUES (710112, '北投区', 710100);
INSERT INTO `ums_pcd_dic` VALUES (710200, '高雄市', 710000);
INSERT INTO `ums_pcd_dic` VALUES (710201, '盐埕区', 710200);
INSERT INTO `ums_pcd_dic` VALUES (710202, '鼓山区', 710200);
INSERT INTO `ums_pcd_dic` VALUES (710203, '左营区', 710200);
INSERT INTO `ums_pcd_dic` VALUES (710204, '楠梓区', 710200);
INSERT INTO `ums_pcd_dic` VALUES (710205, '三民区', 710200);
INSERT INTO `ums_pcd_dic` VALUES (710206, '新兴区', 710200);
INSERT INTO `ums_pcd_dic` VALUES (710207, '前金区', 710200);
INSERT INTO `ums_pcd_dic` VALUES (710208, '苓雅区', 710200);
INSERT INTO `ums_pcd_dic` VALUES (710209, '前镇区', 710200);
INSERT INTO `ums_pcd_dic` VALUES (710210, '旗津区', 710200);
INSERT INTO `ums_pcd_dic` VALUES (710211, '小港区', 710200);
INSERT INTO `ums_pcd_dic` VALUES (710212, '凤山区', 710200);
INSERT INTO `ums_pcd_dic` VALUES (710213, '林园区', 710200);
INSERT INTO `ums_pcd_dic` VALUES (710214, '大寮区', 710200);
INSERT INTO `ums_pcd_dic` VALUES (710215, '大树区', 710200);
INSERT INTO `ums_pcd_dic` VALUES (710216, '大社区', 710200);
INSERT INTO `ums_pcd_dic` VALUES (710217, '仁武区', 710200);
INSERT INTO `ums_pcd_dic` VALUES (710218, '鸟松区', 710200);
INSERT INTO `ums_pcd_dic` VALUES (710219, '冈山区', 710200);
INSERT INTO `ums_pcd_dic` VALUES (710220, '桥头区', 710200);
INSERT INTO `ums_pcd_dic` VALUES (710221, '燕巢区', 710200);
INSERT INTO `ums_pcd_dic` VALUES (710222, '田寮区', 710200);
INSERT INTO `ums_pcd_dic` VALUES (710223, '阿莲区', 710200);
INSERT INTO `ums_pcd_dic` VALUES (710224, '路竹区', 710200);
INSERT INTO `ums_pcd_dic` VALUES (710225, '湖内区', 710200);
INSERT INTO `ums_pcd_dic` VALUES (710226, '茄萣区', 710200);
INSERT INTO `ums_pcd_dic` VALUES (710227, '永安区', 710200);
INSERT INTO `ums_pcd_dic` VALUES (710228, '弥陀区', 710200);
INSERT INTO `ums_pcd_dic` VALUES (710229, '梓官区', 710200);
INSERT INTO `ums_pcd_dic` VALUES (710230, '旗山区', 710200);
INSERT INTO `ums_pcd_dic` VALUES (710231, '美浓区', 710200);
INSERT INTO `ums_pcd_dic` VALUES (710232, '六龟区', 710200);
INSERT INTO `ums_pcd_dic` VALUES (710233, '甲仙区', 710200);
INSERT INTO `ums_pcd_dic` VALUES (710234, '杉林区', 710200);
INSERT INTO `ums_pcd_dic` VALUES (710235, '内门区', 710200);
INSERT INTO `ums_pcd_dic` VALUES (710236, '茂林区', 710200);
INSERT INTO `ums_pcd_dic` VALUES (710237, '桃源区', 710200);
INSERT INTO `ums_pcd_dic` VALUES (710238, '那玛夏区', 710200);
INSERT INTO `ums_pcd_dic` VALUES (710300, '基隆市', 710000);
INSERT INTO `ums_pcd_dic` VALUES (710301, '中正区', 710300);
INSERT INTO `ums_pcd_dic` VALUES (710302, '七堵区', 710300);
INSERT INTO `ums_pcd_dic` VALUES (710303, '暖暖区', 710300);
INSERT INTO `ums_pcd_dic` VALUES (710304, '仁爱区', 710300);
INSERT INTO `ums_pcd_dic` VALUES (710305, '中山区', 710300);
INSERT INTO `ums_pcd_dic` VALUES (710306, '安乐区', 710300);
INSERT INTO `ums_pcd_dic` VALUES (710307, '信义区', 710300);
INSERT INTO `ums_pcd_dic` VALUES (710400, '台中市', 710000);
INSERT INTO `ums_pcd_dic` VALUES (710401, '中区', 710400);
INSERT INTO `ums_pcd_dic` VALUES (710402, '东区', 710400);
INSERT INTO `ums_pcd_dic` VALUES (710403, '南区', 710400);
INSERT INTO `ums_pcd_dic` VALUES (710404, '西区', 710400);
INSERT INTO `ums_pcd_dic` VALUES (710405, '北区', 710400);
INSERT INTO `ums_pcd_dic` VALUES (710406, '西屯区', 710400);
INSERT INTO `ums_pcd_dic` VALUES (710407, '南屯区', 710400);
INSERT INTO `ums_pcd_dic` VALUES (710408, '北屯区', 710400);
INSERT INTO `ums_pcd_dic` VALUES (710409, '丰原区', 710400);
INSERT INTO `ums_pcd_dic` VALUES (710410, '东势区', 710400);
INSERT INTO `ums_pcd_dic` VALUES (710411, '大甲区', 710400);
INSERT INTO `ums_pcd_dic` VALUES (710412, '清水区', 710400);
INSERT INTO `ums_pcd_dic` VALUES (710413, '沙鹿区', 710400);
INSERT INTO `ums_pcd_dic` VALUES (710414, '梧栖区', 710400);
INSERT INTO `ums_pcd_dic` VALUES (710415, '后里区', 710400);
INSERT INTO `ums_pcd_dic` VALUES (710416, '神冈区', 710400);
INSERT INTO `ums_pcd_dic` VALUES (710417, '潭子区', 710400);
INSERT INTO `ums_pcd_dic` VALUES (710418, '大雅区', 710400);
INSERT INTO `ums_pcd_dic` VALUES (710419, '新社区', 710400);
INSERT INTO `ums_pcd_dic` VALUES (710420, '石冈区', 710400);
INSERT INTO `ums_pcd_dic` VALUES (710421, '外埔区', 710400);
INSERT INTO `ums_pcd_dic` VALUES (710422, '大安区', 710400);
INSERT INTO `ums_pcd_dic` VALUES (710423, '乌日区', 710400);
INSERT INTO `ums_pcd_dic` VALUES (710424, '大肚区', 710400);
INSERT INTO `ums_pcd_dic` VALUES (710425, '龙井区', 710400);
INSERT INTO `ums_pcd_dic` VALUES (710426, '雾峰区', 710400);
INSERT INTO `ums_pcd_dic` VALUES (710427, '太平区', 710400);
INSERT INTO `ums_pcd_dic` VALUES (710428, '大里区', 710400);
INSERT INTO `ums_pcd_dic` VALUES (710429, '和平区', 710400);
INSERT INTO `ums_pcd_dic` VALUES (710500, '台南市', 710000);
INSERT INTO `ums_pcd_dic` VALUES (710501, '东区', 710500);
INSERT INTO `ums_pcd_dic` VALUES (710502, '南区', 710500);
INSERT INTO `ums_pcd_dic` VALUES (710504, '北区', 710500);
INSERT INTO `ums_pcd_dic` VALUES (710506, '安南区', 710500);
INSERT INTO `ums_pcd_dic` VALUES (710507, '安平区', 710500);
INSERT INTO `ums_pcd_dic` VALUES (710508, '中西区', 710500);
INSERT INTO `ums_pcd_dic` VALUES (710509, '新营区', 710500);
INSERT INTO `ums_pcd_dic` VALUES (710510, '盐水区', 710500);
INSERT INTO `ums_pcd_dic` VALUES (710511, '白河区', 710500);
INSERT INTO `ums_pcd_dic` VALUES (710512, '柳营区', 710500);
INSERT INTO `ums_pcd_dic` VALUES (710513, '后壁区', 710500);
INSERT INTO `ums_pcd_dic` VALUES (710514, '东山区', 710500);
INSERT INTO `ums_pcd_dic` VALUES (710515, '麻豆区', 710500);
INSERT INTO `ums_pcd_dic` VALUES (710516, '下营区', 710500);
INSERT INTO `ums_pcd_dic` VALUES (710517, '六甲区', 710500);
INSERT INTO `ums_pcd_dic` VALUES (710518, '官田区', 710500);
INSERT INTO `ums_pcd_dic` VALUES (710519, '大内区', 710500);
INSERT INTO `ums_pcd_dic` VALUES (710520, '佳里区', 710500);
INSERT INTO `ums_pcd_dic` VALUES (710521, '学甲区', 710500);
INSERT INTO `ums_pcd_dic` VALUES (710522, '西港区', 710500);
INSERT INTO `ums_pcd_dic` VALUES (710523, '七股区', 710500);
INSERT INTO `ums_pcd_dic` VALUES (710524, '将军区', 710500);
INSERT INTO `ums_pcd_dic` VALUES (710525, '北门区', 710500);
INSERT INTO `ums_pcd_dic` VALUES (710526, '新化区', 710500);
INSERT INTO `ums_pcd_dic` VALUES (710527, '善化区', 710500);
INSERT INTO `ums_pcd_dic` VALUES (710528, '新市区', 710500);
INSERT INTO `ums_pcd_dic` VALUES (710529, '安定区', 710500);
INSERT INTO `ums_pcd_dic` VALUES (710530, '山上区', 710500);
INSERT INTO `ums_pcd_dic` VALUES (710531, '玉井区', 710500);
INSERT INTO `ums_pcd_dic` VALUES (710532, '楠西区', 710500);
INSERT INTO `ums_pcd_dic` VALUES (710533, '南化区', 710500);
INSERT INTO `ums_pcd_dic` VALUES (710534, '左镇区', 710500);
INSERT INTO `ums_pcd_dic` VALUES (710535, '仁德区', 710500);
INSERT INTO `ums_pcd_dic` VALUES (710536, '归仁区', 710500);
INSERT INTO `ums_pcd_dic` VALUES (710537, '关庙区', 710500);
INSERT INTO `ums_pcd_dic` VALUES (710538, '龙崎区', 710500);
INSERT INTO `ums_pcd_dic` VALUES (710539, '永康区', 710500);
INSERT INTO `ums_pcd_dic` VALUES (710600, '新竹市', 710000);
INSERT INTO `ums_pcd_dic` VALUES (710601, '东区', 710600);
INSERT INTO `ums_pcd_dic` VALUES (710602, '北区', 710600);
INSERT INTO `ums_pcd_dic` VALUES (710603, '香山区', 710600);
INSERT INTO `ums_pcd_dic` VALUES (710700, '嘉义市', 710000);
INSERT INTO `ums_pcd_dic` VALUES (710701, '东区', 710700);
INSERT INTO `ums_pcd_dic` VALUES (710702, '西区', 710700);
INSERT INTO `ums_pcd_dic` VALUES (710800, '新北市', 710000);
INSERT INTO `ums_pcd_dic` VALUES (710801, '板桥区', 710800);
INSERT INTO `ums_pcd_dic` VALUES (710802, '三重区', 710800);
INSERT INTO `ums_pcd_dic` VALUES (710803, '中和区', 710800);
INSERT INTO `ums_pcd_dic` VALUES (710804, '永和区', 710800);
INSERT INTO `ums_pcd_dic` VALUES (710805, '新庄区', 710800);
INSERT INTO `ums_pcd_dic` VALUES (710806, '新店区', 710800);
INSERT INTO `ums_pcd_dic` VALUES (710807, '树林区', 710800);
INSERT INTO `ums_pcd_dic` VALUES (710808, '莺歌区', 710800);
INSERT INTO `ums_pcd_dic` VALUES (710809, '三峡区', 710800);
INSERT INTO `ums_pcd_dic` VALUES (710810, '淡水区', 710800);
INSERT INTO `ums_pcd_dic` VALUES (710811, '汐止区', 710800);
INSERT INTO `ums_pcd_dic` VALUES (710812, '瑞芳区', 710800);
INSERT INTO `ums_pcd_dic` VALUES (710813, '土城区', 710800);
INSERT INTO `ums_pcd_dic` VALUES (710814, '芦洲区', 710800);
INSERT INTO `ums_pcd_dic` VALUES (710815, '五股区', 710800);
INSERT INTO `ums_pcd_dic` VALUES (710816, '泰山区', 710800);
INSERT INTO `ums_pcd_dic` VALUES (710817, '林口区', 710800);
INSERT INTO `ums_pcd_dic` VALUES (710818, '深坑区', 710800);
INSERT INTO `ums_pcd_dic` VALUES (710819, '石碇区', 710800);
INSERT INTO `ums_pcd_dic` VALUES (710820, '坪林区', 710800);
INSERT INTO `ums_pcd_dic` VALUES (710821, '三芝区', 710800);
INSERT INTO `ums_pcd_dic` VALUES (710822, '石门区', 710800);
INSERT INTO `ums_pcd_dic` VALUES (710823, '八里区', 710800);
INSERT INTO `ums_pcd_dic` VALUES (710824, '平溪区', 710800);
INSERT INTO `ums_pcd_dic` VALUES (710825, '双溪区', 710800);
INSERT INTO `ums_pcd_dic` VALUES (710826, '贡寮区', 710800);
INSERT INTO `ums_pcd_dic` VALUES (710827, '金山区', 710800);
INSERT INTO `ums_pcd_dic` VALUES (710828, '万里区', 710800);
INSERT INTO `ums_pcd_dic` VALUES (710829, '乌来区', 710800);
INSERT INTO `ums_pcd_dic` VALUES (712200, '宜兰县', 710000);
INSERT INTO `ums_pcd_dic` VALUES (712201, '宜兰市', 712200);
INSERT INTO `ums_pcd_dic` VALUES (712221, '罗东镇', 712200);
INSERT INTO `ums_pcd_dic` VALUES (712222, '苏澳镇', 712200);
INSERT INTO `ums_pcd_dic` VALUES (712223, '头城镇', 712200);
INSERT INTO `ums_pcd_dic` VALUES (712224, '礁溪乡', 712200);
INSERT INTO `ums_pcd_dic` VALUES (712225, '壮围乡', 712200);
INSERT INTO `ums_pcd_dic` VALUES (712226, '员山乡', 712200);
INSERT INTO `ums_pcd_dic` VALUES (712227, '冬山乡', 712200);
INSERT INTO `ums_pcd_dic` VALUES (712228, '五结乡', 712200);
INSERT INTO `ums_pcd_dic` VALUES (712229, '三星乡', 712200);
INSERT INTO `ums_pcd_dic` VALUES (712230, '大同乡', 712200);
INSERT INTO `ums_pcd_dic` VALUES (712231, '南澳乡', 712200);
INSERT INTO `ums_pcd_dic` VALUES (712300, '桃园县', 710000);
INSERT INTO `ums_pcd_dic` VALUES (712301, '桃园市', 712300);
INSERT INTO `ums_pcd_dic` VALUES (712302, '中坜市', 712300);
INSERT INTO `ums_pcd_dic` VALUES (712303, '平镇市', 712300);
INSERT INTO `ums_pcd_dic` VALUES (712304, '八德市', 712300);
INSERT INTO `ums_pcd_dic` VALUES (712305, '杨梅市', 712300);
INSERT INTO `ums_pcd_dic` VALUES (712306, '芦竹市', 712300);
INSERT INTO `ums_pcd_dic` VALUES (712321, '大溪镇', 712300);
INSERT INTO `ums_pcd_dic` VALUES (712324, '大园乡', 712300);
INSERT INTO `ums_pcd_dic` VALUES (712325, '龟山乡', 712300);
INSERT INTO `ums_pcd_dic` VALUES (712327, '龙潭乡', 712300);
INSERT INTO `ums_pcd_dic` VALUES (712329, '新屋乡', 712300);
INSERT INTO `ums_pcd_dic` VALUES (712330, '观音乡', 712300);
INSERT INTO `ums_pcd_dic` VALUES (712331, '复兴乡', 712300);
INSERT INTO `ums_pcd_dic` VALUES (712400, '新竹县', 710000);
INSERT INTO `ums_pcd_dic` VALUES (712401, '竹北市', 712400);
INSERT INTO `ums_pcd_dic` VALUES (712421, '竹东镇', 712400);
INSERT INTO `ums_pcd_dic` VALUES (712422, '新埔镇', 712400);
INSERT INTO `ums_pcd_dic` VALUES (712423, '关西镇', 712400);
INSERT INTO `ums_pcd_dic` VALUES (712424, '湖口乡', 712400);
INSERT INTO `ums_pcd_dic` VALUES (712425, '新丰乡', 712400);
INSERT INTO `ums_pcd_dic` VALUES (712426, '芎林乡', 712400);
INSERT INTO `ums_pcd_dic` VALUES (712427, '横山乡', 712400);
INSERT INTO `ums_pcd_dic` VALUES (712428, '北埔乡', 712400);
INSERT INTO `ums_pcd_dic` VALUES (712429, '宝山乡', 712400);
INSERT INTO `ums_pcd_dic` VALUES (712430, '峨眉乡', 712400);
INSERT INTO `ums_pcd_dic` VALUES (712431, '尖石乡', 712400);
INSERT INTO `ums_pcd_dic` VALUES (712432, '五峰乡', 712400);
INSERT INTO `ums_pcd_dic` VALUES (712500, '苗栗县', 710000);
INSERT INTO `ums_pcd_dic` VALUES (712501, '苗栗市', 712500);
INSERT INTO `ums_pcd_dic` VALUES (712521, '苑里镇', 712500);
INSERT INTO `ums_pcd_dic` VALUES (712522, '通霄镇', 712500);
INSERT INTO `ums_pcd_dic` VALUES (712523, '竹南镇', 712500);
INSERT INTO `ums_pcd_dic` VALUES (712524, '头份镇', 712500);
INSERT INTO `ums_pcd_dic` VALUES (712525, '后龙镇', 712500);
INSERT INTO `ums_pcd_dic` VALUES (712526, '卓兰镇', 712500);
INSERT INTO `ums_pcd_dic` VALUES (712527, '大湖乡', 712500);
INSERT INTO `ums_pcd_dic` VALUES (712528, '公馆乡', 712500);
INSERT INTO `ums_pcd_dic` VALUES (712529, '铜锣乡', 712500);
INSERT INTO `ums_pcd_dic` VALUES (712530, '南庄乡', 712500);
INSERT INTO `ums_pcd_dic` VALUES (712531, '头屋乡', 712500);
INSERT INTO `ums_pcd_dic` VALUES (712532, '三义乡', 712500);
INSERT INTO `ums_pcd_dic` VALUES (712533, '西湖乡', 712500);
INSERT INTO `ums_pcd_dic` VALUES (712534, '造桥乡', 712500);
INSERT INTO `ums_pcd_dic` VALUES (712535, '三湾乡', 712500);
INSERT INTO `ums_pcd_dic` VALUES (712536, '狮潭乡', 712500);
INSERT INTO `ums_pcd_dic` VALUES (712537, '泰安乡', 712500);
INSERT INTO `ums_pcd_dic` VALUES (712700, '彰化县', 710000);
INSERT INTO `ums_pcd_dic` VALUES (712701, '彰化市', 712700);
INSERT INTO `ums_pcd_dic` VALUES (712721, '鹿港镇', 712700);
INSERT INTO `ums_pcd_dic` VALUES (712722, '和美镇', 712700);
INSERT INTO `ums_pcd_dic` VALUES (712723, '线西乡', 712700);
INSERT INTO `ums_pcd_dic` VALUES (712724, '伸港乡', 712700);
INSERT INTO `ums_pcd_dic` VALUES (712725, '福兴乡', 712700);
INSERT INTO `ums_pcd_dic` VALUES (712726, '秀水乡', 712700);
INSERT INTO `ums_pcd_dic` VALUES (712727, '花坛乡', 712700);
INSERT INTO `ums_pcd_dic` VALUES (712728, '芬园乡', 712700);
INSERT INTO `ums_pcd_dic` VALUES (712729, '员林镇', 712700);
INSERT INTO `ums_pcd_dic` VALUES (712730, '溪湖镇', 712700);
INSERT INTO `ums_pcd_dic` VALUES (712731, '田中镇', 712700);
INSERT INTO `ums_pcd_dic` VALUES (712732, '大村乡', 712700);
INSERT INTO `ums_pcd_dic` VALUES (712733, '埔盐乡', 712700);
INSERT INTO `ums_pcd_dic` VALUES (712734, '埔心乡', 712700);
INSERT INTO `ums_pcd_dic` VALUES (712735, '永靖乡', 712700);
INSERT INTO `ums_pcd_dic` VALUES (712736, '社头乡', 712700);
INSERT INTO `ums_pcd_dic` VALUES (712737, '二水乡', 712700);
INSERT INTO `ums_pcd_dic` VALUES (712738, '北斗镇', 712700);
INSERT INTO `ums_pcd_dic` VALUES (712739, '二林镇', 712700);
INSERT INTO `ums_pcd_dic` VALUES (712740, '田尾乡', 712700);
INSERT INTO `ums_pcd_dic` VALUES (712741, '埤头乡', 712700);
INSERT INTO `ums_pcd_dic` VALUES (712742, '芳苑乡', 712700);
INSERT INTO `ums_pcd_dic` VALUES (712743, '大城乡', 712700);
INSERT INTO `ums_pcd_dic` VALUES (712744, '竹塘乡', 712700);
INSERT INTO `ums_pcd_dic` VALUES (712745, '溪州乡', 712700);
INSERT INTO `ums_pcd_dic` VALUES (712800, '南投县', 710000);
INSERT INTO `ums_pcd_dic` VALUES (712801, '南投市', 712800);
INSERT INTO `ums_pcd_dic` VALUES (712821, '埔里镇', 712800);
INSERT INTO `ums_pcd_dic` VALUES (712822, '草屯镇', 712800);
INSERT INTO `ums_pcd_dic` VALUES (712823, '竹山镇', 712800);
INSERT INTO `ums_pcd_dic` VALUES (712824, '集集镇', 712800);
INSERT INTO `ums_pcd_dic` VALUES (712825, '名间乡', 712800);
INSERT INTO `ums_pcd_dic` VALUES (712826, '鹿谷乡', 712800);
INSERT INTO `ums_pcd_dic` VALUES (712827, '中寮乡', 712800);
INSERT INTO `ums_pcd_dic` VALUES (712828, '鱼池乡', 712800);
INSERT INTO `ums_pcd_dic` VALUES (712829, '国姓乡', 712800);
INSERT INTO `ums_pcd_dic` VALUES (712830, '水里乡', 712800);
INSERT INTO `ums_pcd_dic` VALUES (712831, '信义乡', 712800);
INSERT INTO `ums_pcd_dic` VALUES (712832, '仁爱乡', 712800);
INSERT INTO `ums_pcd_dic` VALUES (712900, '云林县', 710000);
INSERT INTO `ums_pcd_dic` VALUES (712901, '斗六市', 712900);
INSERT INTO `ums_pcd_dic` VALUES (712921, '斗南镇', 712900);
INSERT INTO `ums_pcd_dic` VALUES (712922, '虎尾镇', 712900);
INSERT INTO `ums_pcd_dic` VALUES (712923, '西螺镇', 712900);
INSERT INTO `ums_pcd_dic` VALUES (712924, '土库镇', 712900);
INSERT INTO `ums_pcd_dic` VALUES (712925, '北港镇', 712900);
INSERT INTO `ums_pcd_dic` VALUES (712926, '古坑乡', 712900);
INSERT INTO `ums_pcd_dic` VALUES (712927, '大埤乡', 712900);
INSERT INTO `ums_pcd_dic` VALUES (712928, '莿桐乡', 712900);
INSERT INTO `ums_pcd_dic` VALUES (712929, '林内乡', 712900);
INSERT INTO `ums_pcd_dic` VALUES (712930, '二仑乡', 712900);
INSERT INTO `ums_pcd_dic` VALUES (712931, '仑背乡', 712900);
INSERT INTO `ums_pcd_dic` VALUES (712932, '麦寮乡', 712900);
INSERT INTO `ums_pcd_dic` VALUES (712933, '东势乡', 712900);
INSERT INTO `ums_pcd_dic` VALUES (712934, '褒忠乡', 712900);
INSERT INTO `ums_pcd_dic` VALUES (712935, '台西乡', 712900);
INSERT INTO `ums_pcd_dic` VALUES (712936, '元长乡', 712900);
INSERT INTO `ums_pcd_dic` VALUES (712937, '四湖乡', 712900);
INSERT INTO `ums_pcd_dic` VALUES (712938, '口湖乡', 712900);
INSERT INTO `ums_pcd_dic` VALUES (712939, '水林乡', 712900);
INSERT INTO `ums_pcd_dic` VALUES (713000, '嘉义县', 710000);
INSERT INTO `ums_pcd_dic` VALUES (713001, '太保市', 713000);
INSERT INTO `ums_pcd_dic` VALUES (713002, '朴子市', 713000);
INSERT INTO `ums_pcd_dic` VALUES (713023, '布袋镇', 713000);
INSERT INTO `ums_pcd_dic` VALUES (713024, '大林镇', 713000);
INSERT INTO `ums_pcd_dic` VALUES (713025, '民雄乡', 713000);
INSERT INTO `ums_pcd_dic` VALUES (713026, '溪口乡', 713000);
INSERT INTO `ums_pcd_dic` VALUES (713027, '新港乡', 713000);
INSERT INTO `ums_pcd_dic` VALUES (713028, '六脚乡', 713000);
INSERT INTO `ums_pcd_dic` VALUES (713029, '东石乡', 713000);
INSERT INTO `ums_pcd_dic` VALUES (713030, '义竹乡', 713000);
INSERT INTO `ums_pcd_dic` VALUES (713031, '鹿草乡', 713000);
INSERT INTO `ums_pcd_dic` VALUES (713032, '水上乡', 713000);
INSERT INTO `ums_pcd_dic` VALUES (713033, '中埔乡', 713000);
INSERT INTO `ums_pcd_dic` VALUES (713034, '竹崎乡', 713000);
INSERT INTO `ums_pcd_dic` VALUES (713035, '梅山乡', 713000);
INSERT INTO `ums_pcd_dic` VALUES (713036, '番路乡', 713000);
INSERT INTO `ums_pcd_dic` VALUES (713037, '大埔乡', 713000);
INSERT INTO `ums_pcd_dic` VALUES (713038, '阿里山乡', 713000);
INSERT INTO `ums_pcd_dic` VALUES (713300, '屏东县', 710000);
INSERT INTO `ums_pcd_dic` VALUES (713301, '屏东市', 713300);
INSERT INTO `ums_pcd_dic` VALUES (713321, '潮州镇', 713300);
INSERT INTO `ums_pcd_dic` VALUES (713322, '东港镇', 713300);
INSERT INTO `ums_pcd_dic` VALUES (713323, '恒春镇', 713300);
INSERT INTO `ums_pcd_dic` VALUES (713324, '万丹乡', 713300);
INSERT INTO `ums_pcd_dic` VALUES (713325, '长治乡', 713300);
INSERT INTO `ums_pcd_dic` VALUES (713326, '麟洛乡', 713300);
INSERT INTO `ums_pcd_dic` VALUES (713327, '九如乡', 713300);
INSERT INTO `ums_pcd_dic` VALUES (713328, '里港乡', 713300);
INSERT INTO `ums_pcd_dic` VALUES (713329, '盐埔乡', 713300);
INSERT INTO `ums_pcd_dic` VALUES (713330, '高树乡', 713300);
INSERT INTO `ums_pcd_dic` VALUES (713331, '万峦乡', 713300);
INSERT INTO `ums_pcd_dic` VALUES (713332, '内埔乡', 713300);
INSERT INTO `ums_pcd_dic` VALUES (713333, '竹田乡', 713300);
INSERT INTO `ums_pcd_dic` VALUES (713334, '新埤乡', 713300);
INSERT INTO `ums_pcd_dic` VALUES (713335, '枋寮乡', 713300);
INSERT INTO `ums_pcd_dic` VALUES (713336, '新园乡', 713300);
INSERT INTO `ums_pcd_dic` VALUES (713337, '崁顶乡', 713300);
INSERT INTO `ums_pcd_dic` VALUES (713338, '林边乡', 713300);
INSERT INTO `ums_pcd_dic` VALUES (713339, '南州乡', 713300);
INSERT INTO `ums_pcd_dic` VALUES (713340, '佳冬乡', 713300);
INSERT INTO `ums_pcd_dic` VALUES (713341, '琉球乡', 713300);
INSERT INTO `ums_pcd_dic` VALUES (713342, '车城乡', 713300);
INSERT INTO `ums_pcd_dic` VALUES (713343, '满州乡', 713300);
INSERT INTO `ums_pcd_dic` VALUES (713344, '枋山乡', 713300);
INSERT INTO `ums_pcd_dic` VALUES (713345, '三地门乡', 713300);
INSERT INTO `ums_pcd_dic` VALUES (713346, '雾台乡', 713300);
INSERT INTO `ums_pcd_dic` VALUES (713347, '玛家乡', 713300);
INSERT INTO `ums_pcd_dic` VALUES (713348, '泰武乡', 713300);
INSERT INTO `ums_pcd_dic` VALUES (713349, '来义乡', 713300);
INSERT INTO `ums_pcd_dic` VALUES (713350, '春日乡', 713300);
INSERT INTO `ums_pcd_dic` VALUES (713351, '狮子乡', 713300);
INSERT INTO `ums_pcd_dic` VALUES (713352, '牡丹乡', 713300);
INSERT INTO `ums_pcd_dic` VALUES (713400, '台东县', 710000);
INSERT INTO `ums_pcd_dic` VALUES (713401, '台东市', 713400);
INSERT INTO `ums_pcd_dic` VALUES (713421, '成功镇', 713400);
INSERT INTO `ums_pcd_dic` VALUES (713422, '关山镇', 713400);
INSERT INTO `ums_pcd_dic` VALUES (713423, '卑南乡', 713400);
INSERT INTO `ums_pcd_dic` VALUES (713424, '鹿野乡', 713400);
INSERT INTO `ums_pcd_dic` VALUES (713425, '池上乡', 713400);
INSERT INTO `ums_pcd_dic` VALUES (713426, '东河乡', 713400);
INSERT INTO `ums_pcd_dic` VALUES (713427, '长滨乡', 713400);
INSERT INTO `ums_pcd_dic` VALUES (713428, '太麻里乡', 713400);
INSERT INTO `ums_pcd_dic` VALUES (713429, '大武乡', 713400);
INSERT INTO `ums_pcd_dic` VALUES (713430, '绿岛乡', 713400);
INSERT INTO `ums_pcd_dic` VALUES (713431, '海端乡', 713400);
INSERT INTO `ums_pcd_dic` VALUES (713432, '延平乡', 713400);
INSERT INTO `ums_pcd_dic` VALUES (713433, '金峰乡', 713400);
INSERT INTO `ums_pcd_dic` VALUES (713434, '达仁乡', 713400);
INSERT INTO `ums_pcd_dic` VALUES (713435, '兰屿乡', 713400);
INSERT INTO `ums_pcd_dic` VALUES (713500, '花莲县', 710000);
INSERT INTO `ums_pcd_dic` VALUES (713501, '花莲市', 713500);
INSERT INTO `ums_pcd_dic` VALUES (713521, '凤林镇', 713500);
INSERT INTO `ums_pcd_dic` VALUES (713522, '玉里镇', 713500);
INSERT INTO `ums_pcd_dic` VALUES (713523, '新城乡', 713500);
INSERT INTO `ums_pcd_dic` VALUES (713524, '吉安乡', 713500);
INSERT INTO `ums_pcd_dic` VALUES (713525, '寿丰乡', 713500);
INSERT INTO `ums_pcd_dic` VALUES (713526, '光复乡', 713500);
INSERT INTO `ums_pcd_dic` VALUES (713527, '丰滨乡', 713500);
INSERT INTO `ums_pcd_dic` VALUES (713528, '瑞穗乡', 713500);
INSERT INTO `ums_pcd_dic` VALUES (713529, '富里乡', 713500);
INSERT INTO `ums_pcd_dic` VALUES (713530, '秀林乡', 713500);
INSERT INTO `ums_pcd_dic` VALUES (713531, '万荣乡', 713500);
INSERT INTO `ums_pcd_dic` VALUES (713532, '卓溪乡', 713500);
INSERT INTO `ums_pcd_dic` VALUES (713600, '澎湖县', 710000);
INSERT INTO `ums_pcd_dic` VALUES (713601, '马公市', 713600);
INSERT INTO `ums_pcd_dic` VALUES (713621, '湖西乡', 713600);
INSERT INTO `ums_pcd_dic` VALUES (713622, '白沙乡', 713600);
INSERT INTO `ums_pcd_dic` VALUES (713623, '西屿乡', 713600);
INSERT INTO `ums_pcd_dic` VALUES (713624, '望安乡', 713600);
INSERT INTO `ums_pcd_dic` VALUES (713625, '七美乡', 713600);
INSERT INTO `ums_pcd_dic` VALUES (713700, '金门县', 710000);
INSERT INTO `ums_pcd_dic` VALUES (713701, '金城镇', 713700);
INSERT INTO `ums_pcd_dic` VALUES (713702, '金湖镇', 713700);
INSERT INTO `ums_pcd_dic` VALUES (713703, '金沙镇', 713700);
INSERT INTO `ums_pcd_dic` VALUES (713704, '金宁乡', 713700);
INSERT INTO `ums_pcd_dic` VALUES (713705, '烈屿乡', 713700);
INSERT INTO `ums_pcd_dic` VALUES (713706, '乌丘乡', 713700);
INSERT INTO `ums_pcd_dic` VALUES (713800, '连江县', 710000);
INSERT INTO `ums_pcd_dic` VALUES (713801, '南竿乡', 713800);
INSERT INTO `ums_pcd_dic` VALUES (713802, '北竿乡', 713800);
INSERT INTO `ums_pcd_dic` VALUES (713803, '莒光乡', 713800);
INSERT INTO `ums_pcd_dic` VALUES (713804, '东引乡', 713800);
INSERT INTO `ums_pcd_dic` VALUES (810000, '香港特别行政区', 0);
INSERT INTO `ums_pcd_dic` VALUES (810100, '香港岛', 810000);
INSERT INTO `ums_pcd_dic` VALUES (810101, '中西区', 810100);
INSERT INTO `ums_pcd_dic` VALUES (810102, '湾仔区', 810100);
INSERT INTO `ums_pcd_dic` VALUES (810103, '东区', 810100);
INSERT INTO `ums_pcd_dic` VALUES (810104, '南区', 810100);
INSERT INTO `ums_pcd_dic` VALUES (810200, '九龙', 810000);
INSERT INTO `ums_pcd_dic` VALUES (810201, '油尖旺区', 810200);
INSERT INTO `ums_pcd_dic` VALUES (810202, '深水埗区', 810200);
INSERT INTO `ums_pcd_dic` VALUES (810203, '九龙城区', 810200);
INSERT INTO `ums_pcd_dic` VALUES (810204, '黄大仙区', 810200);
INSERT INTO `ums_pcd_dic` VALUES (810205, '观塘区', 810200);
INSERT INTO `ums_pcd_dic` VALUES (810300, '新界', 810000);
INSERT INTO `ums_pcd_dic` VALUES (810301, '荃湾区', 810300);
INSERT INTO `ums_pcd_dic` VALUES (810302, '屯门区', 810300);
INSERT INTO `ums_pcd_dic` VALUES (810303, '元朗区', 810300);
INSERT INTO `ums_pcd_dic` VALUES (810304, '北区', 810300);
INSERT INTO `ums_pcd_dic` VALUES (810305, '大埔区', 810300);
INSERT INTO `ums_pcd_dic` VALUES (810306, '西贡区', 810300);
INSERT INTO `ums_pcd_dic` VALUES (810307, '沙田区', 810300);
INSERT INTO `ums_pcd_dic` VALUES (810308, '葵青区', 810300);
INSERT INTO `ums_pcd_dic` VALUES (810309, '离岛区', 810300);
INSERT INTO `ums_pcd_dic` VALUES (820000, '澳门特别行政区', 0);
INSERT INTO `ums_pcd_dic` VALUES (820100, '澳门半岛', 820000);
INSERT INTO `ums_pcd_dic` VALUES (820101, '花地玛堂区', 820100);
INSERT INTO `ums_pcd_dic` VALUES (820102, '圣安多尼堂区', 820100);
INSERT INTO `ums_pcd_dic` VALUES (820103, '大堂区', 820100);
INSERT INTO `ums_pcd_dic` VALUES (820104, '望德堂区', 820100);
INSERT INTO `ums_pcd_dic` VALUES (820105, '风顺堂区', 820100);
INSERT INTO `ums_pcd_dic` VALUES (820200, '氹仔岛', 820000);
INSERT INTO `ums_pcd_dic` VALUES (820201, '嘉模堂区', 820200);
INSERT INTO `ums_pcd_dic` VALUES (820300, '路环岛', 820000);
INSERT INTO `ums_pcd_dic` VALUES (820301, '圣方济各堂区', 820300);

-- ----------------------------
-- Table structure for ums_receiver_address
-- ----------------------------
DROP TABLE IF EXISTS `ums_receiver_address`;
CREATE TABLE `ums_receiver_address`  (
                                         `id` bigint NOT NULL AUTO_INCREMENT,
                                         `user_id` bigint NULL DEFAULT NULL COMMENT '用户ID(对应用户表主键ID)',
                                         `user_name` varchar(100) CHARACTER SET utf8 COLLATE utf8_general_ci NULL DEFAULT NULL COMMENT '收件人名称',
                                         `phone_number` varchar(64) CHARACTER SET utf8 COLLATE utf8_general_ci NULL DEFAULT NULL COMMENT '收件人电话',
                                         `default_status` tinyint UNSIGNED NULL DEFAULT 2 COMMENT '是否为默认收货地址：2->不是；1->是',
                                         `county_id` int NULL DEFAULT NULL COMMENT '区县id',
                                         `detail_address` varchar(255) CHARACTER SET utf8 COLLATE utf8_general_ci NULL DEFAULT NULL COMMENT '详细地址(街道)',
                                         `created_time` datetime NULL DEFAULT CURRENT_TIMESTAMP COMMENT '创建时间',
                                         `updated_time` datetime NULL DEFAULT CURRENT_TIMESTAMP ON UPDATE CURRENT_TIMESTAMP COMMENT '修改时间',
                                         PRIMARY KEY (`id`) USING BTREE,
                                         INDEX `idx_uid`(`user_id`) USING BTREE,
                                         INDEX `idx_id_uid`(`id`, `user_id`) USING BTREE
) ENGINE = InnoDB AUTO_INCREMENT = 61 CHARACTER SET = utf8 COLLATE = utf8_general_ci COMMENT = '用户收货地址表' ROW_FORMAT = Dynamic;

-- ----------------------------
-- Records of ums_receiver_address
-- ----------------------------
INSERT INTO `ums_receiver_address` VALUES (51, 6649787998801920, '刘硕', '15530835782', 2, 130203, '新天地美域11区1楼3门1303', '2022-11-06 00:21:26', '2022-11-09 20:34:11');
INSERT INTO `ums_receiver_address` VALUES (54, 6306208076009472, '李鸣', '13930286712', 1, 130634, '灵山村', '2022-11-06 00:32:27', '2022-11-06 18:41:31');
INSERT INTO `ums_receiver_address` VALUES (57, 6306208076009472, '李鸣', '13930286712', 2, 130634, '曲阳县', '2022-11-06 18:42:36', '2022-11-06 18:42:36');
INSERT INTO `ums_receiver_address` VALUES (59, 6649787998801920, '高美女', '18031333932', 1, 130203, '新天地美域16区1楼3门1802', '2022-11-08 15:53:18', '2022-11-09 20:34:11');
INSERT INTO `ums_receiver_address` VALUES (60, 6649787998801920, '大帅哥', '18738123353', 2, 110116, '祥润家园803楼1门1702', '2022-11-09 20:34:00', '2022-11-09 20:34:11');

-- ----------------------------
-- Table structure for ums_user
-- ----------------------------
DROP TABLE IF EXISTS `ums_user`;
CREATE TABLE `ums_user`  (
                             `id` bigint NOT NULL AUTO_INCREMENT COMMENT 'ID, 范围 -2^63 ~ 2^63-1',
                             `user_id` bigint NOT NULL COMMENT '用户ID',
                             `username` varchar(64) CHARACTER SET utf8mb4 COLLATE utf8mb4_general_ci NULL DEFAULT 'user' COMMENT '用户名',
                             `password` varchar(64) CHARACTER SET utf8mb4 COLLATE utf8mb4_general_ci NOT NULL COMMENT '密码',
                             `phone` char(11) CHARACTER SET utf8mb4 COLLATE utf8mb4_general_ci NULL DEFAULT NULL COMMENT '手机号',
                             `email` varchar(64) CHARACTER SET utf8mb4 COLLATE utf8mb4_general_ci NULL DEFAULT '' COMMENT '邮箱',
                             `avatar` varchar(255) CHARACTER SET utf8mb4 COLLATE utf8mb4_general_ci NULL DEFAULT 'https://pic1.zhimg.com/v2-abed1a8c04700ba7d72b45195223e0ff_is.jpeg' COMMENT '头像',
                             `gender` tinyint UNSIGNED NOT NULL DEFAULT 0 COMMENT '性别，0 -> 男, 1 -> 女, 2 -> 未知; 范围: -128~127',
                             `created_time` timestamp NULL DEFAULT CURRENT_TIMESTAMP,
                             `updated_time` timestamp NULL DEFAULT CURRENT_TIMESTAMP ON UPDATE CURRENT_TIMESTAMP,
                             PRIMARY KEY (`id`) USING BTREE,
                             UNIQUE INDEX `idx_user_id`(`user_id`) USING BTREE,
                             UNIQUE INDEX `idx_phone`(`phone`) USING BTREE
) ENGINE = InnoDB AUTO_INCREMENT = 52 CHARACTER SET = utf8mb4 COLLATE = utf8mb4_general_ci COMMENT = '用户信息表' ROW_FORMAT = Dynamic;

-- ----------------------------
-- Records of ums_user
-- ----------------------------
INSERT INTO `ums_user` VALUES (49, 6306208076009472, '莫西子诗', '4c694d696e67313230352132e9e0ad92a642eec3fbd46753a013d6', '13930286712', '1129972602@qq.com', 'https://llshop-project.oss-cn-zhangjiakou.aliyuncs.com/shop/user/avatar/9210126598672384.png', 0, '2022-10-29 09:38:37', '2022-11-06 17:57:46');
INSERT INTO `ums_user` VALUES (51, 6649787998801920, '你的小崔', '4c73323332313231333335372132e9e0ad92a642eec3fbd46753a013d6', '15530835782', '2321213357@qq.com', 'https://richarli.oss-cn-beijing.aliyuncs.com/images/654a4a303ce6b0594a8b908f1a75e34.jpg', 0, '2022-10-30 08:23:53', '2022-11-07 17:04:28');

SET FOREIGN_KEY_CHECKS = 1;
